Index,KernelName,gpu-id,queue-id,queue-index,pid,tid,grd,wgr,lds,scr,arch_vgpr,accum_vgpr,sgpr,wave_size,sig,obj,GRBM_COUNT,GRBM_GUI_ACTIVE,SQ_WAVES,SQ_IFETCH,SQ_IFETCH_LEVEL,SQ_ACCUM_PREV_HIRES,DispatchNs,BeginNs,EndNs,CompleteNs
0,__amd_rocclr_fillBufferAligned.kd,2,0,0,3536910,3536910,3932160,256,0,0,8,8,32,64,0x0,0x7f7b8f765900,69466,69466,61440,552960,103688,13266732,7193829132951587,7193812813750826,7193812813790026,7193829140763362
1,"void kernel_gemm_xdlops_streamk<GridwiseGemm_bk0mk1_bk0nk1_mn_xdlops_streamk>(GridwiseGemm_bk0mk1_bk0nk1_mn_xdlops_streamk<128, BlockToCTileMap_GemmStreamK, _Float16, float, _Float16, RowMajor, RowMajor, RowMajor, PassThrough, PassThrough, PassThrough, 32, 64, 4, 32, 32, 8, 1, 1, Sequence, Sequence, Sequence, 2, 8, 8, false, 1, Sequence, Sequence, Sequence, 1, 2, 8, false, 1, 1, 1, 8, Sequence",2,0,1,3536910,3536910,15360,128,8192,0,48,48,80,64,0x0,0x7f7b8f73d180,8903983,8903983,240,41952480,5255326,673267108,7193829140617416,7193812813790026,7193812819834999,7193829146922135
2,"void kernel_gemm_xdlops_streamk<GridwiseGemm_bk0mk1_bk0nk1_mn_xdlops_streamk>(GridwiseGemm_bk0mk1_bk0nk1_mn_xdlops_streamk<128, BlockToCTileMap_GemmStreamK, _Float16, float, _Float16, RowMajor, RowMajor, RowMajor, PassThrough, PassThrough, PassThrough, 32, 64, 4, 32, 32, 8, 1, 1, Sequence, Sequence, Sequence, 2, 8, 8, false, 1, Sequence, Sequence, Sequence, 1, 2, 8, false, 1, 1, 1, 8, Sequence",2,0,2,3536910,3536910,15360,128,8192,0,48,48,80,64,0x0,0x7f7b8f73d180,8908308,8908308,240,41952480,5235073,671239756,7193829140693350,7193812819834999,7193812825887334,7193829153013070
3,"void kernel_gemm_xdlops_streamk<GridwiseGemm_bk0mk1_bk0nk1_mn_xdlops_streamk>(GridwiseGemm_bk0mk1_bk0nk1_mn_xdlops_streamk<128, BlockToCTileMap_GemmStreamK, _Float16, float, _Float16, RowMajor, RowMajor, RowMajor, PassThrough, PassThrough, PassThrough, 32, 64, 4, 32, 32, 8, 1, 1, Sequence, Sequence, Sequence, 2, 8, 8, false, 1, Sequence, Sequence, Sequence, 1, 2, 8, false, 1, 1, 1, 8, Sequence",2,0,3,3536910,3536910,15360,128,8192,0,48,48,80,64,0x0,0x7f7b8f73d180,8901702,8901702,240,41952480,5234174,671239700,7193829140755317,7193812825887334,7193812831951348,7193829159080891
4,"void kernel_gemm_xdlops_streamk<GridwiseGemm_bk0mk1_bk0nk1_mn_xdlops_streamk>(GridwiseGemm_bk0mk1_bk0nk1_mn_xdlops_streamk<128, BlockToCTileMap_GemmStreamK, _Float16, float, _Float16, RowMajor, RowMajor, RowMajor, PassThrough, PassThrough, PassThrough, 32, 64, 4, 32, 32, 8, 1, 1, Sequence, Sequence, Sequence, 2, 8, 8, false, 1, Sequence, Sequence, Sequence, 1, 2, 8, false, 1, 1, 1, 8, Sequence",2,0,4,3536910,3536910,15360,128,8192,0,48,48,80,64,0x0,0x7f7b8f73d180,8877652,8877652,240,41952480,5232700,671239760,7193829140818496,7193812831951348,7193812837981282,7193829165144073
5,"void kernel_gemm_xdlops_streamk<GridwiseGemm_bk0mk1_bk0nk1_mn_xdlops_streamk>(GridwiseGemm_bk0mk1_bk0nk1_mn_xdlops_streamk<128, BlockToCTileMap_GemmStreamK, _Float16, float, _Float16, RowMajor, RowMajor, RowMajor, PassThrough, PassThrough, PassThrough, 32, 64, 4, 32, 32, 8, 1, 1, Sequence, Sequence, Sequence, 2, 8, 8, false, 1, Sequence, Sequence, Sequence, 1, 2, 8, false, 1, 1, 1, 8, Sequence",2,0,5,3536910,3536910,15360,128,8192,0,48,48,80,64,0x0,0x7f7b8f73d180,8913830,8913830,240,41952480,5252050,671239716,7193829141138260,7193812837981282,7193812844037456,7193829171258402
6,"void kernel_gemm_xdlops_streamk<GridwiseGemm_bk0mk1_bk0nk1_mn_xdlops_streamk>(GridwiseGemm_bk0mk1_bk0nk1_mn_xdlops_streamk<128, BlockToCTileMap_GemmStreamK, _Float16, float, _Float16, RowMajor, RowMajor, RowMajor, PassThrough, PassThrough, PassThrough, 32, 64, 4, 32, 32, 8, 1, 1, Sequence, Sequence, Sequence, 2, 8, 8, false, 1, Sequence, Sequence, Sequence, 1, 2, 8, false, 1, 1, 1, 8, Sequence",2,0,8,3536910,3536910,15360,128,8192,0,48,48,80,64,0x0,0x7f7b8f73d180,8879383,8879383,240,41952480,5242262,671239768,7193829171257850,7193812844065936,7193812850112190,7193829177545296
7,"void kernel_gemm_xdlops_streamk<GridwiseGemm_bk0mk1_bk0nk1_mn_xdlops_streamk>(GridwiseGemm_bk0mk1_bk0nk1_mn_xdlops_streamk<128, BlockToCTileMap_GemmStreamK, _Float16, float, _Float16, RowMajor, RowMajor, RowMajor, PassThrough, PassThrough, PassThrough, 32, 64, 4, 32, 32, 8, 1, 1, Sequence, Sequence, Sequence, 2, 8, 8, false, 1, Sequence, Sequence, Sequence, 1, 2, 8, false, 1, 1, 1, 8, Sequence",2,0,9,3536910,3536910,15360,128,8192,0,48,48,80,64,0x0,0x7f7b8f73d180,8906464,8906464,240,41952480,5236312,671239740,7193829171440826,7193812850112190,7193812856177004,7193829183643154
8,"void kernel_gemm_xdlops_streamk<GridwiseGemm_bk0mk1_bk0nk1_mn_xdlops_streamk>(GridwiseGemm_bk0mk1_bk0nk1_mn_xdlops_streamk<128, BlockToCTileMap_GemmStreamK, _Float16, float, _Float16, RowMajor, RowMajor, RowMajor, PassThrough, PassThrough, PassThrough, 32, 64, 4, 32, 32, 8, 1, 1, Sequence, Sequence, Sequence, 2, 8, 8, false, 1, Sequence, Sequence, Sequence, 1, 2, 8, false, 1, 1, 1, 8, Sequence",2,0,10,3536910,3536910,15360,128,8192,0,48,48,80,64,0x0,0x7f7b8f73d180,8883181,8883181,240,41952480,5250444,671239728,7193829171506380,7193812856176828,7193812862227717,7193829189725623
9,"void kernel_gemm_xdlops_streamk<GridwiseGemm_bk0mk1_bk0nk1_mn_xdlops_streamk>(GridwiseGemm_bk0mk1_bk0nk1_mn_xdlops_streamk<128, BlockToCTileMap_GemmStreamK, _Float16, float, _Float16, RowMajor, RowMajor, RowMajor, PassThrough, PassThrough, PassThrough, 32, 64, 4, 32, 32, 8, 1, 1, Sequence, Sequence, Sequence, 2, 8, 8, false, 1, Sequence, Sequence, Sequence, 1, 2, 8, false, 1, 1, 1, 8, Sequence",2,0,11,3536910,3536910,15360,128,8192,0,48,48,80,64,0x0,0x7f7b8f73d180,8888958,8888958,240,41952480,5245609,671239712,7193829171566664,7193812862227717,7193812868279406,7193829195818862
10,"void kernel_gemm_xdlops_streamk<GridwiseGemm_bk0mk1_bk0nk1_mn_xdlops_streamk>(GridwiseGemm_bk0mk1_bk0nk1_mn_xdlops_streamk<128, BlockToCTileMap_GemmStreamK, _Float16, float, _Float16, RowMajor, RowMajor, RowMajor, PassThrough, PassThrough, PassThrough, 32, 64, 4, 32, 32, 8, 1, 1, Sequence, Sequence, Sequence, 2, 8, 8, false, 1, Sequence, Sequence, Sequence, 1, 2, 8, false, 1, 1, 1, 8, Sequence",2,0,12,3536910,3536910,15360,128,8192,0,48,48,80,64,0x0,0x7f7b8f73d180,8905391,8905391,240,41952480,5232271,671239740,7193829171626778,7193812868279406,7193812874333015,7193829201918553
11,"void kernel_gemm_xdlops_streamk<GridwiseGemm_bk0mk1_bk0nk1_mn_xdlops_streamk>(GridwiseGemm_bk0mk1_bk0nk1_mn_xdlops_streamk<128, BlockToCTileMap_GemmStreamK, _Float16, float, _Float16, RowMajor, RowMajor, RowMajor, PassThrough, PassThrough, PassThrough, 32, 64, 4, 32, 32, 8, 1, 1, Sequence, Sequence, Sequence, 2, 8, 8, false, 1, Sequence, Sequence, Sequence, 1, 2, 8, false, 1, 1, 1, 8, Sequence",2,0,13,3536910,3536910,15360,128,8192,0,48,48,80,64,0x0,0x7f7b8f73d180,8897087,8897087,240,41952480,5254298,671239744,7193829171684897,7193812874333015,7193812880361344,7193829208008566
12,"void kernel_gemm_xdlops_streamk<GridwiseGemm_bk0mk1_bk0nk1_mn_xdlops_streamk>(GridwiseGemm_bk0mk1_bk0nk1_mn_xdlops_streamk<128, BlockToCTileMap_GemmStreamK, _Float16, float, _Float16, RowMajor, RowMajor, RowMajor, PassThrough, PassThrough, PassThrough, 32, 64, 4, 32, 32, 8, 1, 1, Sequence, Sequence, Sequence, 2, 8, 8, false, 1, Sequence, Sequence, Sequence, 1, 2, 8, false, 1, 1, 1, 8, Sequence",2,0,14,3536910,3536910,15360,128,8192,0,48,48,80,64,0x0,0x7f7b8f73d180,8904362,8904362,240,41952480,5238762,671239736,7193829171744349,7193812880361344,7193812886398314,7193829214104710
13,"void kernel_gemm_xdlops_streamk<GridwiseGemm_bk0mk1_bk0nk1_mn_xdlops_streamk>(GridwiseGemm_bk0mk1_bk0nk1_mn_xdlops_streamk<128, BlockToCTileMap_GemmStreamK, _Float16, float, _Float16, RowMajor, RowMajor, RowMajor, PassThrough, PassThrough, PassThrough, 32, 64, 4, 32, 32, 8, 1, 1, Sequence, Sequence, Sequence, 2, 8, 8, false, 1, Sequence, Sequence, Sequence, 1, 2, 8, false, 1, 1, 1, 8, Sequence",2,0,15,3536910,3536910,15360,128,8192,0,48,48,80,64,0x0,0x7f7b8f73d180,8911352,8911352,240,41952480,5241708,671239720,7193829171802018,7193812886398314,7193812892446323,7193829220208008
14,"void kernel_gemm_xdlops_streamk<GridwiseGemm_bk0mk1_bk0nk1_mn_xdlops_streamk>(GridwiseGemm_bk0mk1_bk0nk1_mn_xdlops_streamk<128, BlockToCTileMap_GemmStreamK, _Float16, float, _Float16, RowMajor, RowMajor, RowMajor, PassThrough, PassThrough, PassThrough, 32, 64, 4, 32, 32, 8, 1, 1, Sequence, Sequence, Sequence, 2, 8, 8, false, 1, Sequence, Sequence, Sequence, 1, 2, 8, false, 1, 1, 1, 8, Sequence",2,0,16,3536910,3536910,15360,128,8192,0,48,48,80,64,0x0,0x7f7b8f73d180,8910970,8910970,240,41952480,5254214,671239724,7193829171861811,7193812892446323,7193812898500892,7193829226310495
15,"void kernel_gemm_xdlops_streamk<GridwiseGemm_bk0mk1_bk0nk1_mn_xdlops_streamk>(GridwiseGemm_bk0mk1_bk0nk1_mn_xdlops_streamk<128, BlockToCTileMap_GemmStreamK, _Float16, float, _Float16, RowMajor, RowMajor, RowMajor, PassThrough, PassThrough, PassThrough, 32, 64, 4, 32, 32, 8, 1, 1, Sequence, Sequence, Sequence, 2, 8, 8, false, 1, Sequence, Sequence, Sequence, 1, 2, 8, false, 1, 1, 1, 8, Sequence",2,0,17,3536910,3536910,15360,128,8192,0,48,48,80,64,0x0,0x7f7b8f73d180,8891208,8891208,240,41952480,5235983,671239720,7193829171925832,7193812898500892,7193812904541062,7193829232402912
16,"void kernel_gemm_xdlops_streamk<GridwiseGemm_bk0mk1_bk0nk1_mn_xdlops_streamk>(GridwiseGemm_bk0mk1_bk0nk1_mn_xdlops_streamk<128, BlockToCTileMap_GemmStreamK, _Float16, float, _Float16, RowMajor, RowMajor, RowMajor, PassThrough, PassThrough, PassThrough, 32, 64, 4, 32, 32, 8, 1, 1, Sequence, Sequence, Sequence, 2, 8, 8, false, 1, Sequence, Sequence, Sequence, 1, 2, 8, false, 1, 1, 1, 8, Sequence",2,0,18,3536910,3536910,15360,128,8192,0,48,48,80,64,0x0,0x7f7b8f73d180,8886588,8886588,240,41952480,5242485,671239744,7193829171988360,7193812904541062,7193812910575471,7193829238484639
17,"void kernel_gemm_xdlops_streamk<GridwiseGemm_bk0mk1_bk0nk1_mn_xdlops_streamk>(GridwiseGemm_bk0mk1_bk0nk1_mn_xdlops_streamk<128, BlockToCTileMap_GemmStreamK, _Float16, float, _Float16, RowMajor, RowMajor, RowMajor, PassThrough, PassThrough, PassThrough, 32, 64, 4, 32, 32, 8, 1, 1, Sequence, Sequence, Sequence, 2, 8, 8, false, 1, Sequence, Sequence, Sequence, 1, 2, 8, false, 1, 1, 1, 8, Sequence",2,0,19,3536910,3536910,15360,128,8192,0,48,48,80,64,0x0,0x7f7b8f73d180,8906135,8906135,240,41952480,5240444,671239732,7193829172046951,7193812910575471,7193812916621080,7193829244583719
18,"void kernel_gemm_xdlops_streamk<GridwiseGemm_bk0mk1_bk0nk1_mn_xdlops_streamk>(GridwiseGemm_bk0mk1_bk0nk1_mn_xdlops_streamk<128, BlockToCTileMap_GemmStreamK, _Float16, float, _Float16, RowMajor, RowMajor, RowMajor, PassThrough, PassThrough, PassThrough, 32, 64, 4, 32, 32, 8, 1, 1, Sequence, Sequence, Sequence, 2, 8, 8, false, 1, Sequence, Sequence, Sequence, 1, 2, 8, false, 1, 1, 1, 8, Sequence",2,0,20,3536910,3536910,15360,128,8192,0,48,48,80,64,0x0,0x7f7b8f73d180,8902626,8902626,240,41952480,5249155,671239780,7193829172105371,7193812916621105,7193812922676954,7193829250683030
19,"void kernel_gemm_xdlops_streamk<GridwiseGemm_bk0mk1_bk0nk1_mn_xdlops_streamk>(GridwiseGemm_bk0mk1_bk0nk1_mn_xdlops_streamk<128, BlockToCTileMap_GemmStreamK, _Float16, float, _Float16, RowMajor, RowMajor, RowMajor, PassThrough, PassThrough, PassThrough, 32, 64, 4, 32, 32, 8, 1, 1, Sequence, Sequence, Sequence, 2, 8, 8, false, 1, Sequence, Sequence, Sequence, 1, 2, 8, false, 1, 1, 1, 8, Sequence",2,0,21,3536910,3536910,15360,128,8192,0,48,48,80,64,0x0,0x7f7b8f73d180,8906784,8906784,240,41952480,5254571,671239708,7193829172173490,7193812922676954,7193812928714723,7193829256785046
20,"void kernel_gemm_xdlops_streamk<GridwiseGemm_bk0mk1_bk0nk1_mn_xdlops_streamk>(GridwiseGemm_bk0mk1_bk0nk1_mn_xdlops_streamk<128, BlockToCTileMap_GemmStreamK, _Float16, float, _Float16, RowMajor, RowMajor, RowMajor, PassThrough, PassThrough, PassThrough, 32, 64, 4, 32, 32, 8, 1, 1, Sequence, Sequence, Sequence, 2, 8, 8, false, 1, Sequence, Sequence, Sequence, 1, 2, 8, false, 1, 1, 1, 8, Sequence",2,0,22,3536910,3536910,15360,128,8192,0,48,48,80,64,0x0,0x7f7b8f73d180,8905597,8905597,240,41952480,5261010,671239732,7193829172233183,7193812928714723,7193812934748813,7193829262884897
21,"void kernel_gemm_xdlops_streamk<GridwiseGemm_bk0mk1_bk0nk1_mn_xdlops_streamk>(GridwiseGemm_bk0mk1_bk0nk1_mn_xdlops_streamk<128, BlockToCTileMap_GemmStreamK, _Float16, float, _Float16, RowMajor, RowMajor, RowMajor, PassThrough, PassThrough, PassThrough, 32, 64, 4, 32, 32, 8, 1, 1, Sequence, Sequence, Sequence, 2, 8, 8, false, 1, Sequence, Sequence, Sequence, 1, 2, 8, false, 1, 1, 1, 8, Sequence",2,0,23,3536910,3536910,15360,128,8192,0,48,48,80,64,0x0,0x7f7b8f73d180,8910870,8910870,240,41952480,5255616,671239712,7193829172319446,7193812934748813,7193812940826743,7193829268986291
22,"void kernel_gemm_xdlops_streamk<GridwiseGemm_bk0mk1_bk0nk1_mn_xdlops_streamk>(GridwiseGemm_bk0mk1_bk0nk1_mn_xdlops_streamk<128, BlockToCTileMap_GemmStreamK, _Float16, float, _Float16, RowMajor, RowMajor, RowMajor, PassThrough, PassThrough, PassThrough, 32, 64, 4, 32, 32, 8, 1, 1, Sequence, Sequence, Sequence, 2, 8, 8, false, 1, Sequence, Sequence, Sequence, 1, 2, 8, false, 1, 1, 1, 8, Sequence",2,0,24,3536910,3536910,15360,128,8192,0,48,48,80,64,0x0,0x7f7b8f73d180,8885010,8885010,240,41952480,5255235,671239748,7193829172376463,7193812940826743,7193812946884353,7193829275072507
23,"void kernel_gemm_xdlops_streamk<GridwiseGemm_bk0mk1_bk0nk1_mn_xdlops_streamk>(GridwiseGemm_bk0mk1_bk0nk1_mn_xdlops_streamk<128, BlockToCTileMap_GemmStreamK, _Float16, float, _Float16, RowMajor, RowMajor, RowMajor, PassThrough, PassThrough, PassThrough, 32, 64, 4, 32, 32, 8, 1, 1, Sequence, Sequence, Sequence, 2, 8, 8, false, 1, Sequence, Sequence, Sequence, 1, 2, 8, false, 1, 1, 1, 8, Sequence",2,0,25,3536910,3536910,15360,128,8192,0,48,48,80,64,0x0,0x7f7b8f73d180,8877574,8877574,240,41952480,5234483,671239740,7193829172435705,7193812946884353,7193812952940043,7193829281151149
24,"void kernel_gemm_xdlops_streamk<GridwiseGemm_bk0mk1_bk0nk1_mn_xdlops_streamk>(GridwiseGemm_bk0mk1_bk0nk1_mn_xdlops_streamk<128, BlockToCTileMap_GemmStreamK, _Float16, float, _Float16, RowMajor, RowMajor, RowMajor, PassThrough, PassThrough, PassThrough, 32, 64, 4, 32, 32, 8, 1, 1, Sequence, Sequence, Sequence, 2, 8, 8, false, 1, Sequence, Sequence, Sequence, 1, 2, 8, false, 1, 1, 1, 8, Sequence",2,0,26,3536910,3536910,15360,128,8192,0,48,48,80,64,0x0,0x7f7b8f73d180,8881578,8881578,240,41952480,5252155,671239760,7193829172491741,7193812952940043,7193812958991252,7193829287233286
25,"void kernel_gemm_xdlops_streamk<GridwiseGemm_bk0mk1_bk0nk1_mn_xdlops_streamk>(GridwiseGemm_bk0mk1_bk0nk1_mn_xdlops_streamk<128, BlockToCTileMap_GemmStreamK, _Float16, float, _Float16, RowMajor, RowMajor, RowMajor, PassThrough, PassThrough, PassThrough, 32, 64, 4, 32, 32, 8, 1, 1, Sequence, Sequence, Sequence, 2, 8, 8, false, 1, Sequence, Sequence, Sequence, 1, 2, 8, false, 1, 1, 1, 8, Sequence",2,0,27,3536910,3536910,15360,128,8192,0,48,48,80,64,0x0,0x7f7b8f73d180,8888726,8888726,240,41952480,5252124,671239736,7193829172548579,7193812958991252,7193812965030782,7193829293326195
26,"void kernel_gemm_xdlops_streamk<GridwiseGemm_bk0mk1_bk0nk1_mn_xdlops_streamk>(GridwiseGemm_bk0mk1_bk0nk1_mn_xdlops_streamk<128, BlockToCTileMap_GemmStreamK, _Float16, float, _Float16, RowMajor, RowMajor, RowMajor, PassThrough, PassThrough, PassThrough, 32, 64, 4, 32, 32, 8, 1, 1, Sequence, Sequence, Sequence, 2, 8, 8, false, 1, Sequence, Sequence, Sequence, 1, 2, 8, false, 1, 1, 1, 8, Sequence",2,0,28,3536910,3536910,15360,128,8192,0,48,48,80,64,0x0,0x7f7b8f73d180,8889972,8889972,240,41952480,5258581,671239728,7193829172606308,7193812965030782,7193812971060872,7193829299412110
27,"void kernel_gemm_xdlops_streamk<GridwiseGemm_bk0mk1_bk0nk1_mn_xdlops_streamk>(GridwiseGemm_bk0mk1_bk0nk1_mn_xdlops_streamk<128, BlockToCTileMap_GemmStreamK, _Float16, float, _Float16, RowMajor, RowMajor, RowMajor, PassThrough, PassThrough, PassThrough, 32, 64, 4, 32, 32, 8, 1, 1, Sequence, Sequence, Sequence, 2, 8, 8, false, 1, Sequence, Sequence, Sequence, 1, 2, 8, false, 1, 1, 1, 8, Sequence",2,0,29,3536910,3536910,15360,128,8192,0,48,48,80,64,0x0,0x7f7b8f73d180,8915574,8915574,240,41952480,5236819,671239740,7193829172664498,7193812971060872,7193812977113362,7193829305517552
28,"void kernel_gemm_xdlops_streamk<GridwiseGemm_bk0mk1_bk0nk1_mn_xdlops_streamk>(GridwiseGemm_bk0mk1_bk0nk1_mn_xdlops_streamk<128, BlockToCTileMap_GemmStreamK, _Float16, float, _Float16, RowMajor, RowMajor, RowMajor, PassThrough, PassThrough, PassThrough, 32, 64, 4, 32, 32, 8, 1, 1, Sequence, Sequence, Sequence, 2, 8, 8, false, 1, Sequence, Sequence, Sequence, 1, 2, 8, false, 1, 1, 1, 8, Sequence",2,0,30,3536910,3536910,15360,128,8192,0,48,48,80,64,0x0,0x7f7b8f73d180,8872706,8872706,240,41952480,5241066,671239752,7193829172723008,7193812977113362,7193812983158332,7193829311593729
29,"void kernel_gemm_xdlops_streamk<GridwiseGemm_bk0mk1_bk0nk1_mn_xdlops_streamk>(GridwiseGemm_bk0mk1_bk0nk1_mn_xdlops_streamk<128, BlockToCTileMap_GemmStreamK, _Float16, float, _Float16, RowMajor, RowMajor, RowMajor, PassThrough, PassThrough, PassThrough, 32, 64, 4, 32, 32, 8, 1, 1, Sequence, Sequence, Sequence, 2, 8, 8, false, 1, Sequence, Sequence, Sequence, 1, 2, 8, false, 1, 1, 1, 8, Sequence",2,0,31,3536910,3536910,15360,128,8192,0,48,48,80,64,0x0,0x7f7b8f73d180,8900792,8900792,240,41952480,5233287,671239740,7193829172779925,7193812983158525,7193812989209738,7193829317690765
30,"void kernel_gemm_xdlops_streamk<GridwiseGemm_bk0mk1_bk0nk1_mn_xdlops_streamk>(GridwiseGemm_bk0mk1_bk0nk1_mn_xdlops_streamk<128, BlockToCTileMap_GemmStreamK, _Float16, float, _Float16, RowMajor, RowMajor, RowMajor, PassThrough, PassThrough, PassThrough, 32, 64, 4, 32, 32, 8, 1, 1, Sequence, Sequence, Sequence, 2, 8, 8, false, 1, Sequence, Sequence, Sequence, 1, 2, 8, false, 1, 1, 1, 8, Sequence",2,0,32,3536910,3536910,15360,128,8192,0,48,48,80,64,0x0,0x7f7b8f73d180,8881767,8881767,240,41952480,5232652,671239740,7193829172836633,7193812989209738,7193812995257910,7193829323774165
31,"void kernel_gemm_xdlops_streamk<GridwiseGemm_bk0mk1_bk0nk1_mn_xdlops_streamk>(GridwiseGemm_bk0mk1_bk0nk1_mn_xdlops_streamk<128, BlockToCTileMap_GemmStreamK, _Float16, float, _Float16, RowMajor, RowMajor, RowMajor, PassThrough, PassThrough, PassThrough, 32, 64, 4, 32, 32, 8, 1, 1, Sequence, Sequence, Sequence, 2, 8, 8, false, 1, Sequence, Sequence, Sequence, 1, 2, 8, false, 1, 1, 1, 8, Sequence",2,0,33,3536910,3536910,15360,128,8192,0,48,48,80,64,0x0,0x7f7b8f73d180,8895182,8895182,240,41952480,5252636,671239728,7193829172895033,7193812995257910,7193813001296324,7193829329869959
32,"void kernel_gemm_xdlops_streamk<GridwiseGemm_bk0mk1_bk0nk1_mn_xdlops_streamk>(GridwiseGemm_bk0mk1_bk0nk1_mn_xdlops_streamk<128, BlockToCTileMap_GemmStreamK, _Float16, float, _Float16, RowMajor, RowMajor, RowMajor, PassThrough, PassThrough, PassThrough, 32, 64, 4, 32, 32, 8, 1, 1, Sequence, Sequence, Sequence, 2, 8, 8, false, 1, Sequence, Sequence, Sequence, 1, 2, 8, false, 1, 1, 1, 8, Sequence",2,0,34,3536910,3536910,15360,128,8192,0,48,48,80,64,0x0,0x7f7b8f73d180,8909522,8909522,240,41952480,5251327,671239720,7193829172961939,7193813001296324,7193813007328817,7193829335967656
33,"void kernel_gemm_xdlops_streamk<GridwiseGemm_bk0mk1_bk0nk1_mn_xdlops_streamk>(GridwiseGemm_bk0mk1_bk0nk1_mn_xdlops_streamk<128, BlockToCTileMap_GemmStreamK, _Float16, float, _Float16, RowMajor, RowMajor, RowMajor, PassThrough, PassThrough, PassThrough, 32, 64, 4, 32, 32, 8, 1, 1, Sequence, Sequence, Sequence, 2, 8, 8, false, 1, Sequence, Sequence, Sequence, 1, 2, 8, false, 1, 1, 1, 8, Sequence",2,0,35,3536910,3536910,15360,128,8192,0,48,48,80,64,0x0,0x7f7b8f73d180,8902391,8902391,240,41952480,5236782,671239732,7193829173021061,7193813007328817,7193813013379390,7193829342067007
34,"void kernel_gemm_xdlops_streamk<GridwiseGemm_bk0mk1_bk0nk1_mn_xdlops_streamk>(GridwiseGemm_bk0mk1_bk0nk1_mn_xdlops_streamk<128, BlockToCTileMap_GemmStreamK, _Float16, float, _Float16, RowMajor, RowMajor, RowMajor, PassThrough, PassThrough, PassThrough, 32, 64, 4, 32, 32, 8, 1, 1, Sequence, Sequence, Sequence, 2, 8, 8, false, 1, Sequence, Sequence, Sequence, 1, 2, 8, false, 1, 1, 1, 8, Sequence",2,0,36,3536910,3536910,15360,128,8192,0,48,48,80,64,0x0,0x7f7b8f73d180,8879260,8879260,240,41952480,5254207,671239732,7193829173078369,7193813013379390,7193813019407243,7193829348148704
35,"void kernel_gemm_xdlops_streamk<GridwiseGemm_bk0mk1_bk0nk1_mn_xdlops_streamk>(GridwiseGemm_bk0mk1_bk0nk1_mn_xdlops_streamk<128, BlockToCTileMap_GemmStreamK, _Float16, float, _Float16, RowMajor, RowMajor, RowMajor, PassThrough, PassThrough, PassThrough, 32, 64, 4, 32, 32, 8, 1, 1, Sequence, Sequence, Sequence, 2, 8, 8, false, 1, Sequence, Sequence, Sequence, 1, 2, 8, false, 1, 1, 1, 8, Sequence",2,0,37,3536910,3536910,15360,128,8192,0,48,48,80,64,0x0,0x7f7b8f73d180,8894024,8894024,240,41952480,5257993,671239732,7193829173137090,7193813019407243,7193813025447416,7193829354239128
36,"void kernel_gemm_xdlops_streamk<GridwiseGemm_bk0mk1_bk0nk1_mn_xdlops_streamk>(GridwiseGemm_bk0mk1_bk0nk1_mn_xdlops_streamk<128, BlockToCTileMap_GemmStreamK, _Float16, float, _Float16, RowMajor, RowMajor, RowMajor, PassThrough, PassThrough, PassThrough, 32, 64, 4, 32, 32, 8, 1, 1, Sequence, Sequence, Sequence, 2, 8, 8, false, 1, Sequence, Sequence, Sequence, 1, 2, 8, false, 1, 1, 1, 8, Sequence",2,0,38,3536910,3536910,15360,128,8192,0,48,48,80,64,0x0,0x7f7b8f73d180,8877738,8877738,240,41952480,5231364,671239748,7193829173194659,7193813025447416,7193813031496709,7193829360323210
37,"void kernel_gemm_xdlops_streamk<GridwiseGemm_bk0mk1_bk0nk1_mn_xdlops_streamk>(GridwiseGemm_bk0mk1_bk0nk1_mn_xdlops_streamk<128, BlockToCTileMap_GemmStreamK, _Float16, float, _Float16, RowMajor, RowMajor, RowMajor, PassThrough, PassThrough, PassThrough, 32, 64, 4, 32, 32, 8, 1, 1, Sequence, Sequence, Sequence, 2, 8, 8, false, 1, Sequence, Sequence, Sequence, 1, 2, 8, false, 1, 1, 1, 8, Sequence",2,0,39,3536910,3536910,15360,128,8192,0,48,48,80,64,0x0,0x7f7b8f73d180,8897278,8897278,240,41952480,5247864,671239740,7193829173249993,7193813031496709,7193813037552082,7193829366413884
38,"void kernel_gemm_xdlops_streamk<GridwiseGemm_bk0mk1_bk0nk1_mn_xdlops_streamk>(GridwiseGemm_bk0mk1_bk0nk1_mn_xdlops_streamk<128, BlockToCTileMap_GemmStreamK, _Float16, float, _Float16, RowMajor, RowMajor, RowMajor, PassThrough, PassThrough, PassThrough, 32, 64, 4, 32, 32, 8, 1, 1, Sequence, Sequence, Sequence, 2, 8, 8, false, 1, Sequence, Sequence, Sequence, 1, 2, 8, false, 1, 1, 1, 8, Sequence",2,0,40,3536910,3536910,15360,128,8192,0,48,48,80,64,0x0,0x7f7b8f73d180,8903463,8903463,240,41952480,5244905,671239728,7193829173306891,7193813037552082,7193813043596095,7193829372513054
39,"void kernel_gemm_xdlops_streamk<GridwiseGemm_bk0mk1_bk0nk1_mn_xdlops_streamk>(GridwiseGemm_bk0mk1_bk0nk1_mn_xdlops_streamk<128, BlockToCTileMap_GemmStreamK, _Float16, float, _Float16, RowMajor, RowMajor, RowMajor, PassThrough, PassThrough, PassThrough, 32, 64, 4, 32, 32, 8, 1, 1, Sequence, Sequence, Sequence, 2, 8, 8, false, 1, Sequence, Sequence, Sequence, 1, 2, 8, false, 1, 1, 1, 8, Sequence",2,0,41,3536910,3536910,15360,128,8192,0,48,48,80,64,0x0,0x7f7b8f73d180,8892614,8892614,240,41952480,5253946,671239724,7193829173365983,7193813043596095,7193813049661868,7193829378602866
40,"void kernel_gemm_xdlops_streamk<GridwiseGemm_bk0mk1_bk0nk1_mn_xdlops_streamk>(GridwiseGemm_bk0mk1_bk0nk1_mn_xdlops_streamk<128, BlockToCTileMap_GemmStreamK, _Float16, float, _Float16, RowMajor, RowMajor, RowMajor, PassThrough, PassThrough, PassThrough, 32, 64, 4, 32, 32, 8, 1, 1, Sequence, Sequence, Sequence, 2, 8, 8, false, 1, Sequence, Sequence, Sequence, 1, 2, 8, false, 1, 1, 1, 8, Sequence",2,0,42,3536910,3536910,15360,128,8192,0,48,48,80,64,0x0,0x7f7b8f73d180,8892738,8892738,240,41952480,5232483,671239720,7193829173425234,7193813049661815,7193813055700387,7193829384692989
41,"void kernel_gemm_xdlops_streamk<GridwiseGemm_bk0mk1_bk0nk1_mn_xdlops_streamk>(GridwiseGemm_bk0mk1_bk0nk1_mn_xdlops_streamk<128, BlockToCTileMap_GemmStreamK, _Float16, float, _Float16, RowMajor, RowMajor, RowMajor, PassThrough, PassThrough, PassThrough, 32, 64, 4, 32, 32, 8, 1, 1, Sequence, Sequence, Sequence, 2, 8, 8, false, 1, Sequence, Sequence, Sequence, 1, 2, 8, false, 1, 1, 1, 8, Sequence",2,0,43,3536910,3536910,15360,128,8192,0,48,48,80,64,0x0,0x7f7b8f73d180,8898912,8898912,240,41952480,5247854,671239756,7193829173484496,7193813055700387,7193813061746799,7193829390791689
42,"void kernel_gemm_xdlops_streamk<GridwiseGemm_bk0mk1_bk0nk1_mn_xdlops_streamk>(GridwiseGemm_bk0mk1_bk0nk1_mn_xdlops_streamk<128, BlockToCTileMap_GemmStreamK, _Float16, float, _Float16, RowMajor, RowMajor, RowMajor, PassThrough, PassThrough, PassThrough, 32, 64, 4, 32, 32, 8, 1, 1, Sequence, Sequence, Sequence, 2, 8, 8, false, 1, Sequence, Sequence, Sequence, 1, 2, 8, false, 1, 1, 1, 8, Sequence",2,0,44,3536910,3536910,15360,128,8192,0,48,48,80,64,0x0,0x7f7b8f73d180,8892036,8892036,240,41952480,5242904,671239728,7193829173541694,7193813061746799,7193813067788731,7193829396882553
43,"void kernel_gemm_xdlops_streamk<GridwiseGemm_bk0mk1_bk0nk1_mn_xdlops_streamk>(GridwiseGemm_bk0mk1_bk0nk1_mn_xdlops_streamk<128, BlockToCTileMap_GemmStreamK, _Float16, float, _Float16, RowMajor, RowMajor, RowMajor, PassThrough, PassThrough, PassThrough, 32, 64, 4, 32, 32, 8, 1, 1, Sequence, Sequence, Sequence, 2, 8, 8, false, 1, Sequence, Sequence, Sequence, 1, 2, 8, false, 1, 1, 1, 8, Sequence",2,0,45,3536910,3536910,15360,128,8192,0,48,48,80,64,0x0,0x7f7b8f73d180,8884070,8884070,240,41952480,5230791,671239716,7193829173600475,7193813067788731,7193813073828743,7193829402964441
44,"void kernel_gemm_xdlops_streamk<GridwiseGemm_bk0mk1_bk0nk1_mn_xdlops_streamk>(GridwiseGemm_bk0mk1_bk0nk1_mn_xdlops_streamk<128, BlockToCTileMap_GemmStreamK, _Float16, float, _Float16, RowMajor, RowMajor, RowMajor, PassThrough, PassThrough, PassThrough, 32, 64, 4, 32, 32, 8, 1, 1, Sequence, Sequence, Sequence, 2, 8, 8, false, 1, Sequence, Sequence, Sequence, 1, 2, 8, false, 1, 1, 1, 8, Sequence",2,0,46,3536910,3536910,15360,128,8192,0,48,48,80,64,0x0,0x7f7b8f73d180,8901887,8901887,240,41952480,5242916,671239736,7193829173657523,7193813073828743,7193813079879956,7193829409060104
45,"void kernel_gemm_xdlops_streamk<GridwiseGemm_bk0mk1_bk0nk1_mn_xdlops_streamk>(GridwiseGemm_bk0mk1_bk0nk1_mn_xdlops_streamk<128, BlockToCTileMap_GemmStreamK, _Float16, float, _Float16, RowMajor, RowMajor, RowMajor, PassThrough, PassThrough, PassThrough, 32, 64, 4, 32, 32, 8, 1, 1, Sequence, Sequence, Sequence, 2, 8, 8, false, 1, Sequence, Sequence, Sequence, 1, 2, 8, false, 1, 1, 1, 8, Sequence",2,0,47,3536910,3536910,15360,128,8192,0,48,48,80,64,0x0,0x7f7b8f73d180,8873166,8873166,240,41952480,5238017,671239724,7193829173716414,7193813079879956,7193813085936448,7193829415137634
46,"void kernel_gemm_xdlops_streamk<GridwiseGemm_bk0mk1_bk0nk1_mn_xdlops_streamk>(GridwiseGemm_bk0mk1_bk0nk1_mn_xdlops_streamk<128, BlockToCTileMap_GemmStreamK, _Float16, float, _Float16, RowMajor, RowMajor, RowMajor, PassThrough, PassThrough, PassThrough, 32, 64, 4, 32, 32, 8, 1, 1, Sequence, Sequence, Sequence, 2, 8, 8, false, 1, Sequence, Sequence, Sequence, 1, 2, 8, false, 1, 1, 1, 8, Sequence",2,0,48,3536910,3536910,15360,128,8192,0,48,48,80,64,0x0,0x7f7b8f73d180,8883362,8883362,240,41952480,5235900,671239744,7193829173777670,7193813085936448,7193813091996620,7193829421227186
47,"void kernel_gemm_xdlops_streamk<GridwiseGemm_bk0mk1_bk0nk1_mn_xdlops_streamk>(GridwiseGemm_bk0mk1_bk0nk1_mn_xdlops_streamk<128, BlockToCTileMap_GemmStreamK, _Float16, float, _Float16, RowMajor, RowMajor, RowMajor, PassThrough, PassThrough, PassThrough, 32, 64, 4, 32, 32, 8, 1, 1, Sequence, Sequence, Sequence, 2, 8, 8, false, 1, Sequence, Sequence, Sequence, 1, 2, 8, false, 1, 1, 1, 8, Sequence",2,0,49,3536910,3536910,15360,128,8192,0,48,48,80,64,0x0,0x7f7b8f73d180,8868494,8868494,240,41952480,5254284,671239716,7193829173835790,7193813091996620,7193813098041753,7193829427298153
48,"void kernel_gemm_xdlops_streamk<GridwiseGemm_bk0mk1_bk0nk1_mn_xdlops_streamk>(GridwiseGemm_bk0mk1_bk0nk1_mn_xdlops_streamk<128, BlockToCTileMap_GemmStreamK, _Float16, float, _Float16, RowMajor, RowMajor, RowMajor, PassThrough, PassThrough, PassThrough, 32, 64, 4, 32, 32, 8, 1, 1, Sequence, Sequence, Sequence, 2, 8, 8, false, 1, Sequence, Sequence, Sequence, 1, 2, 8, false, 1, 1, 1, 8, Sequence",2,0,50,3536910,3536910,15360,128,8192,0,48,48,80,64,0x0,0x7f7b8f73d180,8884621,8884621,240,41952480,5233980,671239724,7193829173896955,7193813098041753,7193813104081285,7193829433384529
49,"void kernel_gemm_xdlops_streamk<GridwiseGemm_bk0mk1_bk0nk1_mn_xdlops_streamk>(GridwiseGemm_bk0mk1_bk0nk1_mn_xdlops_streamk<128, BlockToCTileMap_GemmStreamK, _Float16, float, _Float16, RowMajor, RowMajor, RowMajor, PassThrough, PassThrough, PassThrough, 32, 64, 4, 32, 32, 8, 1, 1, Sequence, Sequence, Sequence, 2, 8, 8, false, 1, Sequence, Sequence, Sequence, 1, 2, 8, false, 1, 1, 1, 8, Sequence",2,0,51,3536910,3536910,15360,128,8192,0,48,48,80,64,0x0,0x7f7b8f73d180,8912239,8912239,240,41952480,5239957,671239708,7193829173974672,7193813104081285,7193813110129297,7193829439519206
50,"void kernel_gemm_xdlops_streamk<GridwiseGemm_bk0mk1_bk0nk1_mn_xdlops_streamk>(GridwiseGemm_bk0mk1_bk0nk1_mn_xdlops_streamk<128, BlockToCTileMap_GemmStreamK, _Float16, float, _Float16, RowMajor, RowMajor, RowMajor, PassThrough, PassThrough, PassThrough, 32, 64, 4, 32, 32, 8, 1, 1, Sequence, Sequence, Sequence, 2, 8, 8, false, 1, Sequence, Sequence, Sequence, 1, 2, 8, false, 1, 1, 1, 8, Sequence",2,0,52,3536910,3536910,15360,128,8192,0,48,48,80,64,0x0,0x7f7b8f73d180,8893301,8893301,240,41952480,5254592,671239712,7193829174033323,7193813110129297,7193813116248670,7193829445604290
51,"void kernel_gemm_xdlops_streamk<GridwiseGemm_bk0mk1_bk0nk1_mn_xdlops_streamk>(GridwiseGemm_bk0mk1_bk0nk1_mn_xdlops_streamk<128, BlockToCTileMap_GemmStreamK, _Float16, float, _Float16, RowMajor, RowMajor, RowMajor, PassThrough, PassThrough, PassThrough, 32, 64, 4, 32, 32, 8, 1, 1, Sequence, Sequence, Sequence, 2, 8, 8, false, 1, Sequence, Sequence, Sequence, 1, 2, 8, false, 1, 1, 1, 8, Sequence",2,0,53,3536910,3536910,15360,128,8192,0,48,48,80,64,0x0,0x7f7b8f73d180,8908456,8908456,240,41952480,5238919,671239732,7193829174092765,7193813116248713,7193813122299606,7193829451706776
52,"void kernel_gemm_xdlops_streamk<GridwiseGemm_bk0mk1_bk0nk1_mn_xdlops_streamk>(GridwiseGemm_bk0mk1_bk0nk1_mn_xdlops_streamk<128, BlockToCTileMap_GemmStreamK, _Float16, float, _Float16, RowMajor, RowMajor, RowMajor, PassThrough, PassThrough, PassThrough, 32, 64, 4, 32, 32, 8, 1, 1, Sequence, Sequence, Sequence, 2, 8, 8, false, 1, Sequence, Sequence, Sequence, 1, 2, 8, false, 1, 1, 1, 8, Sequence",2,0,54,3536910,3536910,15360,128,8192,0,48,48,80,64,0x0,0x7f7b8f73d180,8908917,8908917,240,41952480,5239913,671239744,7193829174150184,7193813122299606,7193813128350658,7193829457809473
53,"void kernel_gemm_xdlops_streamk<GridwiseGemm_bk0mk1_bk0nk1_mn_xdlops_streamk>(GridwiseGemm_bk0mk1_bk0nk1_mn_xdlops_streamk<128, BlockToCTileMap_GemmStreamK, _Float16, float, _Float16, RowMajor, RowMajor, RowMajor, PassThrough, PassThrough, PassThrough, 32, 64, 4, 32, 32, 8, 1, 1, Sequence, Sequence, Sequence, 2, 8, 8, false, 1, Sequence, Sequence, Sequence, 1, 2, 8, false, 1, 1, 1, 8, Sequence",2,0,55,3536910,3536910,15360,128,8192,0,48,48,80,64,0x0,0x7f7b8f73d180,8901312,8901312,240,41952480,5240204,671239700,7193829174208343,7193813128350658,7193813134390351,7193829463886822
54,"void kernel_gemm_xdlops_streamk<GridwiseGemm_bk0mk1_bk0nk1_mn_xdlops_streamk>(GridwiseGemm_bk0mk1_bk0nk1_mn_xdlops_streamk<128, BlockToCTileMap_GemmStreamK, _Float16, float, _Float16, RowMajor, RowMajor, RowMajor, PassThrough, PassThrough, PassThrough, 32, 64, 4, 32, 32, 8, 1, 1, Sequence, Sequence, Sequence, 2, 8, 8, false, 1, Sequence, Sequence, Sequence, 1, 2, 8, false, 1, 1, 1, 8, Sequence",2,0,56,3536910,3536910,15360,128,8192,0,48,48,80,64,0x0,0x7f7b8f73d180,8888797,8888797,240,41952480,5250023,671239752,7193829174264530,7193813134390351,7193813140424924,7193829469960754
55,"void kernel_gemm_xdlops_streamk<GridwiseGemm_bk0mk1_bk0nk1_mn_xdlops_streamk>(GridwiseGemm_bk0mk1_bk0nk1_mn_xdlops_streamk<128, BlockToCTileMap_GemmStreamK, _Float16, float, _Float16, RowMajor, RowMajor, RowMajor, PassThrough, PassThrough, PassThrough, 32, 64, 4, 32, 32, 8, 1, 1, Sequence, Sequence, Sequence, 2, 8, 8, false, 1, Sequence, Sequence, Sequence, 1, 2, 8, false, 1, 1, 1, 8, Sequence",2,0,57,3536910,3536910,15360,128,8192,0,48,48,80,64,0x0,0x7f7b8f73d180,8920494,8920494,240,41952480,5236225,671239728,7193829174321197,7193813140424924,7193813146468617,7193829476109348
