Index,KernelName,gpu-id,queue-id,queue-index,pid,tid,grd,wgr,lds,scr,arch_vgpr,accum_vgpr,sgpr,wave_size,sig,obj,SQ_INSTS_SMEM,SQ_INST_LEVEL_SMEM,SQ_ACCUM_PREV_HIRES,DispatchNs,BeginNs,EndNs,CompleteNs
0,__amd_rocclr_fillBufferAligned.kd,2,0,0,3541682,3541682,3932160,256,0,0,8,8,32,64,0x0,0x7f0763705900,430080,495006,63392288,7193942836800361,7193812813750826,7193812813790026,7193942844392000
1,"void kernel_gemm_xdlops_streamk<GridwiseGemm_bk0mk1_bk0nk1_mn_xdlops_streamk>(GridwiseGemm_bk0mk1_bk0nk1_mn_xdlops_streamk<128, BlockToCTileMap_GemmStreamK, _Float16, float, _Float16, RowMajor, RowMajor, RowMajor, PassThrough, PassThrough, PassThrough, 32, 64, 4, 32, 32, 8, 1, 1, Sequence, Sequence, Sequence, 2, 8, 8, false, 1, Sequence, Sequence, Sequence, 1, 2, 8, false, 1, 1, 1, 8, Sequence",2,0,1,3541682,3541682,15360,128,8192,0,48,48,80,64,0x0,0x7f07636e1180,31440,53157,6762260,7193942844256404,7193812813790026,7193812819834999,7193942850559678
2,"void kernel_gemm_xdlops_streamk<GridwiseGemm_bk0mk1_bk0nk1_mn_xdlops_streamk>(GridwiseGemm_bk0mk1_bk0nk1_mn_xdlops_streamk<128, BlockToCTileMap_GemmStreamK, _Float16, float, _Float16, RowMajor, RowMajor, RowMajor, PassThrough, PassThrough, PassThrough, 32, 64, 4, 32, 32, 8, 1, 1, Sequence, Sequence, Sequence, 2, 8, 8, false, 1, Sequence, Sequence, Sequence, 1, 2, 8, false, 1, 1, 1, 8, Sequence",2,0,2,3541682,3541682,15360,128,8192,0,48,48,80,64,0x0,0x7f07636e1180,31440,43684,5596884,7193942844330373,7193812819834999,7193812825887334,7193942856633330
3,"void kernel_gemm_xdlops_streamk<GridwiseGemm_bk0mk1_bk0nk1_mn_xdlops_streamk>(GridwiseGemm_bk0mk1_bk0nk1_mn_xdlops_streamk<128, BlockToCTileMap_GemmStreamK, _Float16, float, _Float16, RowMajor, RowMajor, RowMajor, PassThrough, PassThrough, PassThrough, 32, 64, 4, 32, 32, 8, 1, 1, Sequence, Sequence, Sequence, 2, 8, 8, false, 1, Sequence, Sequence, Sequence, 1, 2, 8, false, 1, 1, 1, 8, Sequence",2,0,3,3541682,3541682,15360,128,8192,0,48,48,80,64,0x0,0x7f07636e1180,31440,35781,4564188,7193942844391318,7193812825887334,7193812831951348,7193942862728582
4,"void kernel_gemm_xdlops_streamk<GridwiseGemm_bk0mk1_bk0nk1_mn_xdlops_streamk>(GridwiseGemm_bk0mk1_bk0nk1_mn_xdlops_streamk<128, BlockToCTileMap_GemmStreamK, _Float16, float, _Float16, RowMajor, RowMajor, RowMajor, PassThrough, PassThrough, PassThrough, 32, 64, 4, 32, 32, 8, 1, 1, Sequence, Sequence, Sequence, 2, 8, 8, false, 1, Sequence, Sequence, Sequence, 1, 2, 8, false, 1, 1, 1, 8, Sequence",2,0,4,3541682,3541682,15360,128,8192,0,48,48,80,64,0x0,0x7f07636e1180,31440,33602,4333168,7193942844459928,7193812831951348,7193812837981282,7193942868780352
5,"void kernel_gemm_xdlops_streamk<GridwiseGemm_bk0mk1_bk0nk1_mn_xdlops_streamk>(GridwiseGemm_bk0mk1_bk0nk1_mn_xdlops_streamk<128, BlockToCTileMap_GemmStreamK, _Float16, float, _Float16, RowMajor, RowMajor, RowMajor, PassThrough, PassThrough, PassThrough, 32, 64, 4, 32, 32, 8, 1, 1, Sequence, Sequence, Sequence, 2, 8, 8, false, 1, Sequence, Sequence, Sequence, 1, 2, 8, false, 1, 1, 1, 8, Sequence",2,0,5,3541682,3541682,15360,128,8192,0,48,48,80,64,0x0,0x7f07636e1180,31440,45036,5751356,7193942844743944,7193812837981282,7193812844037456,7193942874861608
6,"void kernel_gemm_xdlops_streamk<GridwiseGemm_bk0mk1_bk0nk1_mn_xdlops_streamk>(GridwiseGemm_bk0mk1_bk0nk1_mn_xdlops_streamk<128, BlockToCTileMap_GemmStreamK, _Float16, float, _Float16, RowMajor, RowMajor, RowMajor, PassThrough, PassThrough, PassThrough, 32, 64, 4, 32, 32, 8, 1, 1, Sequence, Sequence, Sequence, 2, 8, 8, false, 1, Sequence, Sequence, Sequence, 1, 2, 8, false, 1, 1, 1, 8, Sequence",2,0,8,3541682,3541682,15360,128,8192,0,48,48,80,64,0x0,0x7f07636e1180,31440,43498,5582376,7193942874851779,7193812844065936,7193812850112190,7193942881188197
7,"void kernel_gemm_xdlops_streamk<GridwiseGemm_bk0mk1_bk0nk1_mn_xdlops_streamk>(GridwiseGemm_bk0mk1_bk0nk1_mn_xdlops_streamk<128, BlockToCTileMap_GemmStreamK, _Float16, float, _Float16, RowMajor, RowMajor, RowMajor, PassThrough, PassThrough, PassThrough, 32, 64, 4, 32, 32, 8, 1, 1, Sequence, Sequence, Sequence, 2, 8, 8, false, 1, Sequence, Sequence, Sequence, 1, 2, 8, false, 1, 1, 1, 8, Sequence",2,0,9,3541682,3541682,15360,128,8192,0,48,48,80,64,0x0,0x7f07636e1180,31440,43434,5527308,7193942875058921,7193812850112190,7193812856177004,7193942887261828
8,"void kernel_gemm_xdlops_streamk<GridwiseGemm_bk0mk1_bk0nk1_mn_xdlops_streamk>(GridwiseGemm_bk0mk1_bk0nk1_mn_xdlops_streamk<128, BlockToCTileMap_GemmStreamK, _Float16, float, _Float16, RowMajor, RowMajor, RowMajor, PassThrough, PassThrough, PassThrough, 32, 64, 4, 32, 32, 8, 1, 1, Sequence, Sequence, Sequence, 2, 8, 8, false, 1, Sequence, Sequence, Sequence, 1, 2, 8, false, 1, 1, 1, 8, Sequence",2,0,10,3541682,3541682,15360,128,8192,0,48,48,80,64,0x0,0x7f07636e1180,31440,40218,5115156,7193942875122030,7193812856176828,7193812862227717,7193942893350528
9,"void kernel_gemm_xdlops_streamk<GridwiseGemm_bk0mk1_bk0nk1_mn_xdlops_streamk>(GridwiseGemm_bk0mk1_bk0nk1_mn_xdlops_streamk<128, BlockToCTileMap_GemmStreamK, _Float16, float, _Float16, RowMajor, RowMajor, RowMajor, PassThrough, PassThrough, PassThrough, 32, 64, 4, 32, 32, 8, 1, 1, Sequence, Sequence, Sequence, 2, 8, 8, false, 1, Sequence, Sequence, Sequence, 1, 2, 8, false, 1, 1, 1, 8, Sequence",2,0,11,3541682,3541682,15360,128,8192,0,48,48,80,64,0x0,0x7f07636e1180,31440,33706,4241432,7193942875180540,7193812862227717,7193812868279406,7193942899422396
10,"void kernel_gemm_xdlops_streamk<GridwiseGemm_bk0mk1_bk0nk1_mn_xdlops_streamk>(GridwiseGemm_bk0mk1_bk0nk1_mn_xdlops_streamk<128, BlockToCTileMap_GemmStreamK, _Float16, float, _Float16, RowMajor, RowMajor, RowMajor, PassThrough, PassThrough, PassThrough, 32, 64, 4, 32, 32, 8, 1, 1, Sequence, Sequence, Sequence, 2, 8, 8, false, 1, Sequence, Sequence, Sequence, 1, 2, 8, false, 1, 1, 1, 8, Sequence",2,0,12,3541682,3541682,15360,128,8192,0,48,48,80,64,0x0,0x7f07636e1180,31440,33171,4287564,7193942875236346,7193812868279406,7193812874333015,7193942905508060
11,"void kernel_gemm_xdlops_streamk<GridwiseGemm_bk0mk1_bk0nk1_mn_xdlops_streamk>(GridwiseGemm_bk0mk1_bk0nk1_mn_xdlops_streamk<128, BlockToCTileMap_GemmStreamK, _Float16, float, _Float16, RowMajor, RowMajor, RowMajor, PassThrough, PassThrough, PassThrough, 32, 64, 4, 32, 32, 8, 1, 1, Sequence, Sequence, Sequence, 2, 8, 8, false, 1, Sequence, Sequence, Sequence, 1, 2, 8, false, 1, 1, 1, 8, Sequence",2,0,13,3541682,3541682,15360,128,8192,0,48,48,80,64,0x0,0x7f07636e1180,31440,34982,4477404,7193942875295307,7193812874333015,7193812880361344,7193942911600046
12,"void kernel_gemm_xdlops_streamk<GridwiseGemm_bk0mk1_bk0nk1_mn_xdlops_streamk>(GridwiseGemm_bk0mk1_bk0nk1_mn_xdlops_streamk<128, BlockToCTileMap_GemmStreamK, _Float16, float, _Float16, RowMajor, RowMajor, RowMajor, PassThrough, PassThrough, PassThrough, 32, 64, 4, 32, 32, 8, 1, 1, Sequence, Sequence, Sequence, 2, 8, 8, false, 1, Sequence, Sequence, Sequence, 1, 2, 8, false, 1, 1, 1, 8, Sequence",2,0,14,3541682,3541682,15360,128,8192,0,48,48,80,64,0x0,0x7f07636e1180,31440,32228,4147376,7193942875354889,7193812880361344,7193812886398314,7193942917681102
13,"void kernel_gemm_xdlops_streamk<GridwiseGemm_bk0mk1_bk0nk1_mn_xdlops_streamk>(GridwiseGemm_bk0mk1_bk0nk1_mn_xdlops_streamk<128, BlockToCTileMap_GemmStreamK, _Float16, float, _Float16, RowMajor, RowMajor, RowMajor, PassThrough, PassThrough, PassThrough, 32, 64, 4, 32, 32, 8, 1, 1, Sequence, Sequence, Sequence, 2, 8, 8, false, 1, Sequence, Sequence, Sequence, 1, 2, 8, false, 1, 1, 1, 8, Sequence",2,0,15,3541682,3541682,15360,128,8192,0,48,48,80,64,0x0,0x7f07636e1180,31440,33410,4258152,7193942875414212,7193812886398314,7193812892446323,7193942923774771
14,"void kernel_gemm_xdlops_streamk<GridwiseGemm_bk0mk1_bk0nk1_mn_xdlops_streamk>(GridwiseGemm_bk0mk1_bk0nk1_mn_xdlops_streamk<128, BlockToCTileMap_GemmStreamK, _Float16, float, _Float16, RowMajor, RowMajor, RowMajor, PassThrough, PassThrough, PassThrough, 32, 64, 4, 32, 32, 8, 1, 1, Sequence, Sequence, Sequence, 2, 8, 8, false, 1, Sequence, Sequence, Sequence, 1, 2, 8, false, 1, 1, 1, 8, Sequence",2,0,16,3541682,3541682,15360,128,8192,0,48,48,80,64,0x0,0x7f07636e1180,31440,38326,4936288,7193942875470648,7193812892446323,7193812898500892,7193942929856828
15,"void kernel_gemm_xdlops_streamk<GridwiseGemm_bk0mk1_bk0nk1_mn_xdlops_streamk>(GridwiseGemm_bk0mk1_bk0nk1_mn_xdlops_streamk<128, BlockToCTileMap_GemmStreamK, _Float16, float, _Float16, RowMajor, RowMajor, RowMajor, PassThrough, PassThrough, PassThrough, 32, 64, 4, 32, 32, 8, 1, 1, Sequence, Sequence, Sequence, 2, 8, 8, false, 1, Sequence, Sequence, Sequence, 1, 2, 8, false, 1, 1, 1, 8, Sequence",2,0,17,3541682,3541682,15360,128,8192,0,48,48,80,64,0x0,0x7f07636e1180,31440,32503,4160496,7193942875525021,7193812898500892,7193812904541062,7193942935951970
16,"void kernel_gemm_xdlops_streamk<GridwiseGemm_bk0mk1_bk0nk1_mn_xdlops_streamk>(GridwiseGemm_bk0mk1_bk0nk1_mn_xdlops_streamk<128, BlockToCTileMap_GemmStreamK, _Float16, float, _Float16, RowMajor, RowMajor, RowMajor, PassThrough, PassThrough, PassThrough, 32, 64, 4, 32, 32, 8, 1, 1, Sequence, Sequence, Sequence, 2, 8, 8, false, 1, Sequence, Sequence, Sequence, 1, 2, 8, false, 1, 1, 1, 8, Sequence",2,0,18,3541682,3541682,15360,128,8192,0,48,48,80,64,0x0,0x7f07636e1180,31440,34649,4397268,7193942875580766,7193812904541062,7193812910575471,7193942942020351
17,"void kernel_gemm_xdlops_streamk<GridwiseGemm_bk0mk1_bk0nk1_mn_xdlops_streamk>(GridwiseGemm_bk0mk1_bk0nk1_mn_xdlops_streamk<128, BlockToCTileMap_GemmStreamK, _Float16, float, _Float16, RowMajor, RowMajor, RowMajor, PassThrough, PassThrough, PassThrough, 32, 64, 4, 32, 32, 8, 1, 1, Sequence, Sequence, Sequence, 2, 8, 8, false, 1, Sequence, Sequence, Sequence, 1, 2, 8, false, 1, 1, 1, 8, Sequence",2,0,19,3541682,3541682,15360,128,8192,0,48,48,80,64,0x0,0x7f07636e1180,31440,36249,4632640,7193942875637874,7193812910575471,7193812916621080,7193942948099984
18,"void kernel_gemm_xdlops_streamk<GridwiseGemm_bk0mk1_bk0nk1_mn_xdlops_streamk>(GridwiseGemm_bk0mk1_bk0nk1_mn_xdlops_streamk<128, BlockToCTileMap_GemmStreamK, _Float16, float, _Float16, RowMajor, RowMajor, RowMajor, PassThrough, PassThrough, PassThrough, 32, 64, 4, 32, 32, 8, 1, 1, Sequence, Sequence, Sequence, 2, 8, 8, false, 1, Sequence, Sequence, Sequence, 1, 2, 8, false, 1, 1, 1, 8, Sequence",2,0,20,3541682,3541682,15360,128,8192,0,48,48,80,64,0x0,0x7f07636e1180,31440,33814,4367664,7193942875695052,7193812916621105,7193812922676954,7193942954184907
19,"void kernel_gemm_xdlops_streamk<GridwiseGemm_bk0mk1_bk0nk1_mn_xdlops_streamk>(GridwiseGemm_bk0mk1_bk0nk1_mn_xdlops_streamk<128, BlockToCTileMap_GemmStreamK, _Float16, float, _Float16, RowMajor, RowMajor, RowMajor, PassThrough, PassThrough, PassThrough, 32, 64, 4, 32, 32, 8, 1, 1, Sequence, Sequence, Sequence, 2, 8, 8, false, 1, Sequence, Sequence, Sequence, 1, 2, 8, false, 1, 1, 1, 8, Sequence",2,0,21,3541682,3541682,15360,128,8192,0,48,48,80,64,0x0,0x7f07636e1180,31440,35274,4509944,7193942875768571,7193812922676954,7193812928714723,7193942960268797
20,"void kernel_gemm_xdlops_streamk<GridwiseGemm_bk0mk1_bk0nk1_mn_xdlops_streamk>(GridwiseGemm_bk0mk1_bk0nk1_mn_xdlops_streamk<128, BlockToCTileMap_GemmStreamK, _Float16, float, _Float16, RowMajor, RowMajor, RowMajor, PassThrough, PassThrough, PassThrough, 32, 64, 4, 32, 32, 8, 1, 1, Sequence, Sequence, Sequence, 2, 8, 8, false, 1, Sequence, Sequence, Sequence, 1, 2, 8, false, 1, 1, 1, 8, Sequence",2,0,22,3541682,3541682,15360,128,8192,0,48,48,80,64,0x0,0x7f07636e1180,31440,35184,4464388,7193942875823014,7193812928714723,7193812934748813,7193942966344983
21,"void kernel_gemm_xdlops_streamk<GridwiseGemm_bk0mk1_bk0nk1_mn_xdlops_streamk>(GridwiseGemm_bk0mk1_bk0nk1_mn_xdlops_streamk<128, BlockToCTileMap_GemmStreamK, _Float16, float, _Float16, RowMajor, RowMajor, RowMajor, PassThrough, PassThrough, PassThrough, 32, 64, 4, 32, 32, 8, 1, 1, Sequence, Sequence, Sequence, 2, 8, 8, false, 1, Sequence, Sequence, Sequence, 1, 2, 8, false, 1, 1, 1, 8, Sequence",2,0,23,3541682,3541682,15360,128,8192,0,48,48,80,64,0x0,0x7f07636e1180,31440,36481,4632968,7193942875905379,7193812934748813,7193812940826743,7193942972438522
22,"void kernel_gemm_xdlops_streamk<GridwiseGemm_bk0mk1_bk0nk1_mn_xdlops_streamk>(GridwiseGemm_bk0mk1_bk0nk1_mn_xdlops_streamk<128, BlockToCTileMap_GemmStreamK, _Float16, float, _Float16, RowMajor, RowMajor, RowMajor, PassThrough, PassThrough, PassThrough, 32, 64, 4, 32, 32, 8, 1, 1, Sequence, Sequence, Sequence, 2, 8, 8, false, 1, Sequence, Sequence, Sequence, 1, 2, 8, false, 1, 1, 1, 8, Sequence",2,0,24,3541682,3541682,15360,128,8192,0,48,48,80,64,0x0,0x7f07636e1180,31440,37094,4780768,7193942875977065,7193812940826743,7193812946884353,7193942978520530
23,"void kernel_gemm_xdlops_streamk<GridwiseGemm_bk0mk1_bk0nk1_mn_xdlops_streamk>(GridwiseGemm_bk0mk1_bk0nk1_mn_xdlops_streamk<128, BlockToCTileMap_GemmStreamK, _Float16, float, _Float16, RowMajor, RowMajor, RowMajor, PassThrough, PassThrough, PassThrough, 32, 64, 4, 32, 32, 8, 1, 1, Sequence, Sequence, Sequence, 2, 8, 8, false, 1, Sequence, Sequence, Sequence, 1, 2, 8, false, 1, 1, 1, 8, Sequence",2,0,25,3541682,3541682,15360,128,8192,0,48,48,80,64,0x0,0x7f07636e1180,31440,38421,4877668,7193942876036296,7193812946884353,7193812952940043,7193942984622294
24,"void kernel_gemm_xdlops_streamk<GridwiseGemm_bk0mk1_bk0nk1_mn_xdlops_streamk>(GridwiseGemm_bk0mk1_bk0nk1_mn_xdlops_streamk<128, BlockToCTileMap_GemmStreamK, _Float16, float, _Float16, RowMajor, RowMajor, RowMajor, PassThrough, PassThrough, PassThrough, 32, 64, 4, 32, 32, 8, 1, 1, Sequence, Sequence, Sequence, 2, 8, 8, false, 1, Sequence, Sequence, Sequence, 1, 2, 8, false, 1, 1, 1, 8, Sequence",2,0,26,3541682,3541682,15360,128,8192,0,48,48,80,64,0x0,0x7f07636e1180,31440,38769,4966112,7193942876091932,7193812952940043,7193812958991252,7193942990724199
25,"void kernel_gemm_xdlops_streamk<GridwiseGemm_bk0mk1_bk0nk1_mn_xdlops_streamk>(GridwiseGemm_bk0mk1_bk0nk1_mn_xdlops_streamk<128, BlockToCTileMap_GemmStreamK, _Float16, float, _Float16, RowMajor, RowMajor, RowMajor, PassThrough, PassThrough, PassThrough, 32, 64, 4, 32, 32, 8, 1, 1, Sequence, Sequence, Sequence, 2, 8, 8, false, 1, Sequence, Sequence, Sequence, 1, 2, 8, false, 1, 1, 1, 8, Sequence",2,0,27,3541682,3541682,15360,128,8192,0,48,48,80,64,0x0,0x7f07636e1180,31440,35802,4524128,7193942876148588,7193812958991252,7193812965030782,7193942996797630
26,"void kernel_gemm_xdlops_streamk<GridwiseGemm_bk0mk1_bk0nk1_mn_xdlops_streamk>(GridwiseGemm_bk0mk1_bk0nk1_mn_xdlops_streamk<128, BlockToCTileMap_GemmStreamK, _Float16, float, _Float16, RowMajor, RowMajor, RowMajor, PassThrough, PassThrough, PassThrough, 32, 64, 4, 32, 32, 8, 1, 1, Sequence, Sequence, Sequence, 2, 8, 8, false, 1, Sequence, Sequence, Sequence, 1, 2, 8, false, 1, 1, 1, 8, Sequence",2,0,28,3541682,3541682,15360,128,8192,0,48,48,80,64,0x0,0x7f07636e1180,31440,34757,4482656,7193942876206217,7193812965030782,7193812971060872,7193943002876861
27,"void kernel_gemm_xdlops_streamk<GridwiseGemm_bk0mk1_bk0nk1_mn_xdlops_streamk>(GridwiseGemm_bk0mk1_bk0nk1_mn_xdlops_streamk<128, BlockToCTileMap_GemmStreamK, _Float16, float, _Float16, RowMajor, RowMajor, RowMajor, PassThrough, PassThrough, PassThrough, 32, 64, 4, 32, 32, 8, 1, 1, Sequence, Sequence, Sequence, 2, 8, 8, false, 1, Sequence, Sequence, Sequence, 1, 2, 8, false, 1, 1, 1, 8, Sequence",2,0,29,3541682,3541682,15360,128,8192,0,48,48,80,64,0x0,0x7f07636e1180,31440,33241,4257576,7193942876264578,7193812971060872,7193812977113362,7193943008973897
28,"void kernel_gemm_xdlops_streamk<GridwiseGemm_bk0mk1_bk0nk1_mn_xdlops_streamk>(GridwiseGemm_bk0mk1_bk0nk1_mn_xdlops_streamk<128, BlockToCTileMap_GemmStreamK, _Float16, float, _Float16, RowMajor, RowMajor, RowMajor, PassThrough, PassThrough, PassThrough, 32, 64, 4, 32, 32, 8, 1, 1, Sequence, Sequence, Sequence, 2, 8, 8, false, 1, Sequence, Sequence, Sequence, 1, 2, 8, false, 1, 1, 1, 8, Sequence",2,0,30,3541682,3541682,15360,128,8192,0,48,48,80,64,0x0,0x7f07636e1180,31440,36935,4706520,7193942876320563,7193812977113362,7193812983158332,7193943015057477
29,"void kernel_gemm_xdlops_streamk<GridwiseGemm_bk0mk1_bk0nk1_mn_xdlops_streamk>(GridwiseGemm_bk0mk1_bk0nk1_mn_xdlops_streamk<128, BlockToCTileMap_GemmStreamK, _Float16, float, _Float16, RowMajor, RowMajor, RowMajor, PassThrough, PassThrough, PassThrough, 32, 64, 4, 32, 32, 8, 1, 1, Sequence, Sequence, Sequence, 2, 8, 8, false, 1, Sequence, Sequence, Sequence, 1, 2, 8, false, 1, 1, 1, 8, Sequence",2,0,31,3541682,3541682,15360,128,8192,0,48,48,80,64,0x0,0x7f07636e1180,31440,37598,4834312,7193942876377661,7193812983158525,7193812989209738,7193943021144694
30,"void kernel_gemm_xdlops_streamk<GridwiseGemm_bk0mk1_bk0nk1_mn_xdlops_streamk>(GridwiseGemm_bk0mk1_bk0nk1_mn_xdlops_streamk<128, BlockToCTileMap_GemmStreamK, _Float16, float, _Float16, RowMajor, RowMajor, RowMajor, PassThrough, PassThrough, PassThrough, 32, 64, 4, 32, 32, 8, 1, 1, Sequence, Sequence, Sequence, 2, 8, 8, false, 1, Sequence, Sequence, Sequence, 1, 2, 8, false, 1, 1, 1, 8, Sequence",2,0,32,3541682,3541682,15360,128,8192,0,48,48,80,64,0x0,0x7f07636e1180,31440,34569,4438628,7193942876433597,7193812989209738,7193812995257910,7193943027221421
31,"void kernel_gemm_xdlops_streamk<GridwiseGemm_bk0mk1_bk0nk1_mn_xdlops_streamk>(GridwiseGemm_bk0mk1_bk0nk1_mn_xdlops_streamk<128, BlockToCTileMap_GemmStreamK, _Float16, float, _Float16, RowMajor, RowMajor, RowMajor, PassThrough, PassThrough, PassThrough, 32, 64, 4, 32, 32, 8, 1, 1, Sequence, Sequence, Sequence, 2, 8, 8, false, 1, Sequence, Sequence, Sequence, 1, 2, 8, false, 1, 1, 1, 8, Sequence",2,0,33,3541682,3541682,15360,128,8192,0,48,48,80,64,0x0,0x7f07636e1180,31440,33915,4331912,7193942876489693,7193812995257910,7193813001296324,7193943033316083
32,"void kernel_gemm_xdlops_streamk<GridwiseGemm_bk0mk1_bk0nk1_mn_xdlops_streamk>(GridwiseGemm_bk0mk1_bk0nk1_mn_xdlops_streamk<128, BlockToCTileMap_GemmStreamK, _Float16, float, _Float16, RowMajor, RowMajor, RowMajor, PassThrough, PassThrough, PassThrough, 32, 64, 4, 32, 32, 8, 1, 1, Sequence, Sequence, Sequence, 2, 8, 8, false, 1, Sequence, Sequence, Sequence, 1, 2, 8, false, 1, 1, 1, 8, Sequence",2,0,34,3541682,3541682,15360,128,8192,0,48,48,80,64,0x0,0x7f07636e1180,31440,34480,4371384,7193942876544927,7193813001296324,7193813007328817,7193943039396557
33,"void kernel_gemm_xdlops_streamk<GridwiseGemm_bk0mk1_bk0nk1_mn_xdlops_streamk>(GridwiseGemm_bk0mk1_bk0nk1_mn_xdlops_streamk<128, BlockToCTileMap_GemmStreamK, _Float16, float, _Float16, RowMajor, RowMajor, RowMajor, PassThrough, PassThrough, PassThrough, 32, 64, 4, 32, 32, 8, 1, 1, Sequence, Sequence, Sequence, 2, 8, 8, false, 1, Sequence, Sequence, Sequence, 1, 2, 8, false, 1, 1, 1, 8, Sequence",2,0,35,3541682,3541682,15360,128,8192,0,48,48,80,64,0x0,0x7f07636e1180,31440,38133,4913656,7193942876600322,7193813007328817,7193813013379390,7193943045484194
34,"void kernel_gemm_xdlops_streamk<GridwiseGemm_bk0mk1_bk0nk1_mn_xdlops_streamk>(GridwiseGemm_bk0mk1_bk0nk1_mn_xdlops_streamk<128, BlockToCTileMap_GemmStreamK, _Float16, float, _Float16, RowMajor, RowMajor, RowMajor, PassThrough, PassThrough, PassThrough, 32, 64, 4, 32, 32, 8, 1, 1, Sequence, Sequence, Sequence, 2, 8, 8, false, 1, Sequence, Sequence, Sequence, 1, 2, 8, false, 1, 1, 1, 8, Sequence",2,0,36,3541682,3541682,15360,128,8192,0,48,48,80,64,0x0,0x7f07636e1180,31440,46949,6054504,7193942876655205,7193813013379390,7193813019407243,7193943051576421
35,"void kernel_gemm_xdlops_streamk<GridwiseGemm_bk0mk1_bk0nk1_mn_xdlops_streamk>(GridwiseGemm_bk0mk1_bk0nk1_mn_xdlops_streamk<128, BlockToCTileMap_GemmStreamK, _Float16, float, _Float16, RowMajor, RowMajor, RowMajor, PassThrough, PassThrough, PassThrough, 32, 64, 4, 32, 32, 8, 1, 1, Sequence, Sequence, Sequence, 2, 8, 8, false, 1, Sequence, Sequence, Sequence, 1, 2, 8, false, 1, 1, 1, 8, Sequence",2,0,37,3541682,3541682,15360,128,8192,0,48,48,80,64,0x0,0x7f07636e1180,31440,37402,4763064,7193942876712844,7193813019407243,7193813025447416,7193943057660512
36,"void kernel_gemm_xdlops_streamk<GridwiseGemm_bk0mk1_bk0nk1_mn_xdlops_streamk>(GridwiseGemm_bk0mk1_bk0nk1_mn_xdlops_streamk<128, BlockToCTileMap_GemmStreamK, _Float16, float, _Float16, RowMajor, RowMajor, RowMajor, PassThrough, PassThrough, PassThrough, 32, 64, 4, 32, 32, 8, 1, 1, Sequence, Sequence, Sequence, 2, 8, 8, false, 1, Sequence, Sequence, Sequence, 1, 2, 8, false, 1, 1, 1, 8, Sequence",2,0,38,3541682,3541682,15360,128,8192,0,48,48,80,64,0x0,0x7f07636e1180,31440,34436,4397796,7193942876771355,7193813025447416,7193813031496709,7193943063744984
37,"void kernel_gemm_xdlops_streamk<GridwiseGemm_bk0mk1_bk0nk1_mn_xdlops_streamk>(GridwiseGemm_bk0mk1_bk0nk1_mn_xdlops_streamk<128, BlockToCTileMap_GemmStreamK, _Float16, float, _Float16, RowMajor, RowMajor, RowMajor, PassThrough, PassThrough, PassThrough, 32, 64, 4, 32, 32, 8, 1, 1, Sequence, Sequence, Sequence, 2, 8, 8, false, 1, Sequence, Sequence, Sequence, 1, 2, 8, false, 1, 1, 1, 8, Sequence",2,0,39,3541682,3541682,15360,128,8192,0,48,48,80,64,0x0,0x7f07636e1180,31440,32785,4210344,7193942876827220,7193813031496709,7193813037552082,7193943069834615
38,"void kernel_gemm_xdlops_streamk<GridwiseGemm_bk0mk1_bk0nk1_mn_xdlops_streamk>(GridwiseGemm_bk0mk1_bk0nk1_mn_xdlops_streamk<128, BlockToCTileMap_GemmStreamK, _Float16, float, _Float16, RowMajor, RowMajor, RowMajor, PassThrough, PassThrough, PassThrough, 32, 64, 4, 32, 32, 8, 1, 1, Sequence, Sequence, Sequence, 2, 8, 8, false, 1, Sequence, Sequence, Sequence, 1, 2, 8, false, 1, 1, 1, 8, Sequence",2,0,40,3541682,3541682,15360,128,8192,0,48,48,80,64,0x0,0x7f07636e1180,31440,34299,4359508,7193942876886332,7193813037552082,7193813043596095,7193943075935688
39,"void kernel_gemm_xdlops_streamk<GridwiseGemm_bk0mk1_bk0nk1_mn_xdlops_streamk>(GridwiseGemm_bk0mk1_bk0nk1_mn_xdlops_streamk<128, BlockToCTileMap_GemmStreamK, _Float16, float, _Float16, RowMajor, RowMajor, RowMajor, PassThrough, PassThrough, PassThrough, 32, 64, 4, 32, 32, 8, 1, 1, Sequence, Sequence, Sequence, 2, 8, 8, false, 1, Sequence, Sequence, Sequence, 1, 2, 8, false, 1, 1, 1, 8, Sequence",2,0,41,3541682,3541682,15360,128,8192,0,48,48,80,64,0x0,0x7f07636e1180,31440,33721,4322300,7193942876951936,7193813043596095,7193813049661868,7193943082017595
40,"void kernel_gemm_xdlops_streamk<GridwiseGemm_bk0mk1_bk0nk1_mn_xdlops_streamk>(GridwiseGemm_bk0mk1_bk0nk1_mn_xdlops_streamk<128, BlockToCTileMap_GemmStreamK, _Float16, float, _Float16, RowMajor, RowMajor, RowMajor, PassThrough, PassThrough, PassThrough, 32, 64, 4, 32, 32, 8, 1, 1, Sequence, Sequence, Sequence, 2, 8, 8, false, 1, Sequence, Sequence, Sequence, 1, 2, 8, false, 1, 1, 1, 8, Sequence",2,0,42,3541682,3541682,15360,128,8192,0,48,48,80,64,0x0,0x7f07636e1180,31440,38072,4869384,7193942877012310,7193813049661815,7193813055700387,7193943088104682
41,"void kernel_gemm_xdlops_streamk<GridwiseGemm_bk0mk1_bk0nk1_mn_xdlops_streamk>(GridwiseGemm_bk0mk1_bk0nk1_mn_xdlops_streamk<128, BlockToCTileMap_GemmStreamK, _Float16, float, _Float16, RowMajor, RowMajor, RowMajor, PassThrough, PassThrough, PassThrough, 32, 64, 4, 32, 32, 8, 1, 1, Sequence, Sequence, Sequence, 2, 8, 8, false, 1, Sequence, Sequence, Sequence, 1, 2, 8, false, 1, 1, 1, 8, Sequence",2,0,43,3541682,3541682,15360,128,8192,0,48,48,80,64,0x0,0x7f07636e1180,31440,38656,4938020,7193942877070910,7193813055700387,7193813061746799,7193943094184085
42,"void kernel_gemm_xdlops_streamk<GridwiseGemm_bk0mk1_bk0nk1_mn_xdlops_streamk>(GridwiseGemm_bk0mk1_bk0nk1_mn_xdlops_streamk<128, BlockToCTileMap_GemmStreamK, _Float16, float, _Float16, RowMajor, RowMajor, RowMajor, PassThrough, PassThrough, PassThrough, 32, 64, 4, 32, 32, 8, 1, 1, Sequence, Sequence, Sequence, 2, 8, 8, false, 1, Sequence, Sequence, Sequence, 1, 2, 8, false, 1, 1, 1, 8, Sequence",2,0,44,3541682,3541682,15360,128,8192,0,48,48,80,64,0x0,0x7f07636e1180,31440,38728,4926436,7193942877130193,7193813061746799,7193813067788731,7193943100268717
43,"void kernel_gemm_xdlops_streamk<GridwiseGemm_bk0mk1_bk0nk1_mn_xdlops_streamk>(GridwiseGemm_bk0mk1_bk0nk1_mn_xdlops_streamk<128, BlockToCTileMap_GemmStreamK, _Float16, float, _Float16, RowMajor, RowMajor, RowMajor, PassThrough, PassThrough, PassThrough, 32, 64, 4, 32, 32, 8, 1, 1, Sequence, Sequence, Sequence, 2, 8, 8, false, 1, Sequence, Sequence, Sequence, 1, 2, 8, false, 1, 1, 1, 8, Sequence",2,0,45,3541682,3541682,15360,128,8192,0,48,48,80,64,0x0,0x7f07636e1180,31440,36237,4606340,7193942877188443,7193813067788731,7193813073828743,7193943106338951
44,"void kernel_gemm_xdlops_streamk<GridwiseGemm_bk0mk1_bk0nk1_mn_xdlops_streamk>(GridwiseGemm_bk0mk1_bk0nk1_mn_xdlops_streamk<128, BlockToCTileMap_GemmStreamK, _Float16, float, _Float16, RowMajor, RowMajor, RowMajor, PassThrough, PassThrough, PassThrough, 32, 64, 4, 32, 32, 8, 1, 1, Sequence, Sequence, Sequence, 2, 8, 8, false, 1, Sequence, Sequence, Sequence, 1, 2, 8, false, 1, 1, 1, 8, Sequence",2,0,46,3541682,3541682,15360,128,8192,0,48,48,80,64,0x0,0x7f07636e1180,31440,40007,5153992,7193942877244599,7193813073828743,7193813079879956,7193943112422051
45,"void kernel_gemm_xdlops_streamk<GridwiseGemm_bk0mk1_bk0nk1_mn_xdlops_streamk>(GridwiseGemm_bk0mk1_bk0nk1_mn_xdlops_streamk<128, BlockToCTileMap_GemmStreamK, _Float16, float, _Float16, RowMajor, RowMajor, RowMajor, PassThrough, PassThrough, PassThrough, 32, 64, 4, 32, 32, 8, 1, 1, Sequence, Sequence, Sequence, 2, 8, 8, false, 1, Sequence, Sequence, Sequence, 1, 2, 8, false, 1, 1, 1, 8, Sequence",2,0,47,3541682,3541682,15360,128,8192,0,48,48,80,64,0x0,0x7f07636e1180,31440,37708,4811940,7193942877299542,7193813079879956,7193813085936448,7193943118496784
46,"void kernel_gemm_xdlops_streamk<GridwiseGemm_bk0mk1_bk0nk1_mn_xdlops_streamk>(GridwiseGemm_bk0mk1_bk0nk1_mn_xdlops_streamk<128, BlockToCTileMap_GemmStreamK, _Float16, float, _Float16, RowMajor, RowMajor, RowMajor, PassThrough, PassThrough, PassThrough, 32, 64, 4, 32, 32, 8, 1, 1, Sequence, Sequence, Sequence, 2, 8, 8, false, 1, Sequence, Sequence, Sequence, 1, 2, 8, false, 1, 1, 1, 8, Sequence",2,0,48,3541682,3541682,15360,128,8192,0,48,48,80,64,0x0,0x7f07636e1180,31440,41514,5288084,7193942877355659,7193813085936448,7193813091996620,7193943124566338
47,"void kernel_gemm_xdlops_streamk<GridwiseGemm_bk0mk1_bk0nk1_mn_xdlops_streamk>(GridwiseGemm_bk0mk1_bk0nk1_mn_xdlops_streamk<128, BlockToCTileMap_GemmStreamK, _Float16, float, _Float16, RowMajor, RowMajor, RowMajor, PassThrough, PassThrough, PassThrough, 32, 64, 4, 32, 32, 8, 1, 1, Sequence, Sequence, Sequence, 2, 8, 8, false, 1, Sequence, Sequence, Sequence, 1, 2, 8, false, 1, 1, 1, 8, Sequence",2,0,49,3541682,3541682,15360,128,8192,0,48,48,80,64,0x0,0x7f07636e1180,31440,37196,4768400,7193942877412225,7193813091996620,7193813098041753,7193943130653044
48,"void kernel_gemm_xdlops_streamk<GridwiseGemm_bk0mk1_bk0nk1_mn_xdlops_streamk>(GridwiseGemm_bk0mk1_bk0nk1_mn_xdlops_streamk<128, BlockToCTileMap_GemmStreamK, _Float16, float, _Float16, RowMajor, RowMajor, RowMajor, PassThrough, PassThrough, PassThrough, 32, 64, 4, 32, 32, 8, 1, 1, Sequence, Sequence, Sequence, 2, 8, 8, false, 1, Sequence, Sequence, Sequence, 1, 2, 8, false, 1, 1, 1, 8, Sequence",2,0,50,3541682,3541682,15360,128,8192,0,48,48,80,64,0x0,0x7f07636e1180,31440,33894,4319544,7193942877468792,7193813098041753,7193813104081285,7193943136748747
49,"void kernel_gemm_xdlops_streamk<GridwiseGemm_bk0mk1_bk0nk1_mn_xdlops_streamk>(GridwiseGemm_bk0mk1_bk0nk1_mn_xdlops_streamk<128, BlockToCTileMap_GemmStreamK, _Float16, float, _Float16, RowMajor, RowMajor, RowMajor, PassThrough, PassThrough, PassThrough, 32, 64, 4, 32, 32, 8, 1, 1, Sequence, Sequence, Sequence, 2, 8, 8, false, 1, Sequence, Sequence, Sequence, 1, 2, 8, false, 1, 1, 1, 8, Sequence",2,0,51,3541682,3541682,15360,128,8192,0,48,48,80,64,0x0,0x7f07636e1180,31440,38401,4912428,7193942877533965,7193813104081285,7193813110129297,7193943142830814
50,"void kernel_gemm_xdlops_streamk<GridwiseGemm_bk0mk1_bk0nk1_mn_xdlops_streamk>(GridwiseGemm_bk0mk1_bk0nk1_mn_xdlops_streamk<128, BlockToCTileMap_GemmStreamK, _Float16, float, _Float16, RowMajor, RowMajor, RowMajor, PassThrough, PassThrough, PassThrough, 32, 64, 4, 32, 32, 8, 1, 1, Sequence, Sequence, Sequence, 2, 8, 8, false, 1, Sequence, Sequence, Sequence, 1, 2, 8, false, 1, 1, 1, 8, Sequence",2,0,52,3541682,3541682,15360,128,8192,0,48,48,80,64,0x0,0x7f07636e1180,31440,34565,4421488,7193942877590752,7193813110129297,7193813116248670,7193943148917059
51,"void kernel_gemm_xdlops_streamk<GridwiseGemm_bk0mk1_bk0nk1_mn_xdlops_streamk>(GridwiseGemm_bk0mk1_bk0nk1_mn_xdlops_streamk<128, BlockToCTileMap_GemmStreamK, _Float16, float, _Float16, RowMajor, RowMajor, RowMajor, PassThrough, PassThrough, PassThrough, 32, 64, 4, 32, 32, 8, 1, 1, Sequence, Sequence, Sequence, 2, 8, 8, false, 1, Sequence, Sequence, Sequence, 1, 2, 8, false, 1, 1, 1, 8, Sequence",2,0,53,3541682,3541682,15360,128,8192,0,48,48,80,64,0x0,0x7f07636e1180,31440,38699,4920548,7193942877646518,7193813116248713,7193813122299606,7193943155005689
52,"void kernel_gemm_xdlops_streamk<GridwiseGemm_bk0mk1_bk0nk1_mn_xdlops_streamk>(GridwiseGemm_bk0mk1_bk0nk1_mn_xdlops_streamk<128, BlockToCTileMap_GemmStreamK, _Float16, float, _Float16, RowMajor, RowMajor, RowMajor, PassThrough, PassThrough, PassThrough, 32, 64, 4, 32, 32, 8, 1, 1, Sequence, Sequence, Sequence, 2, 8, 8, false, 1, Sequence, Sequence, Sequence, 1, 2, 8, false, 1, 1, 1, 8, Sequence",2,0,54,3541682,3541682,15360,128,8192,0,48,48,80,64,0x0,0x7f07636e1180,31440,35926,4602824,7193942877702684,7193813122299606,7193813128350658,7193943161079480
53,"void kernel_gemm_xdlops_streamk<GridwiseGemm_bk0mk1_bk0nk1_mn_xdlops_streamk>(GridwiseGemm_bk0mk1_bk0nk1_mn_xdlops_streamk<128, BlockToCTileMap_GemmStreamK, _Float16, float, _Float16, RowMajor, RowMajor, RowMajor, PassThrough, PassThrough, PassThrough, 32, 64, 4, 32, 32, 8, 1, 1, Sequence, Sequence, Sequence, 2, 8, 8, false, 1, Sequence, Sequence, Sequence, 1, 2, 8, false, 1, 1, 1, 8, Sequence",2,0,55,3541682,3541682,15360,128,8192,0,48,48,80,64,0x0,0x7f07636e1180,31440,35992,4581092,7193942877757828,7193813128350658,7193813134390351,7193943167171386
54,"void kernel_gemm_xdlops_streamk<GridwiseGemm_bk0mk1_bk0nk1_mn_xdlops_streamk>(GridwiseGemm_bk0mk1_bk0nk1_mn_xdlops_streamk<128, BlockToCTileMap_GemmStreamK, _Float16, float, _Float16, RowMajor, RowMajor, RowMajor, PassThrough, PassThrough, PassThrough, 32, 64, 4, 32, 32, 8, 1, 1, Sequence, Sequence, Sequence, 2, 8, 8, false, 1, Sequence, Sequence, Sequence, 1, 2, 8, false, 1, 1, 1, 8, Sequence",2,0,56,3541682,3541682,15360,128,8192,0,48,48,80,64,0x0,0x7f07636e1180,31440,32368,4172680,7193942877813192,7193813134390351,7193813140424924,7193943173245609
55,"void kernel_gemm_xdlops_streamk<GridwiseGemm_bk0mk1_bk0nk1_mn_xdlops_streamk>(GridwiseGemm_bk0mk1_bk0nk1_mn_xdlops_streamk<128, BlockToCTileMap_GemmStreamK, _Float16, float, _Float16, RowMajor, RowMajor, RowMajor, PassThrough, PassThrough, PassThrough, 32, 64, 4, 32, 32, 8, 1, 1, Sequence, Sequence, Sequence, 2, 8, 8, false, 1, Sequence, Sequence, Sequence, 1, 2, 8, false, 1, 1, 1, 8, Sequence",2,0,57,3541682,3541682,15360,128,8192,0,48,48,80,64,0x0,0x7f07636e1180,31440,42060,5396184,7193942877868387,7193813140424924,7193813146468617,7193943179356170
