Index,KernelName,gpu-id,queue-id,queue-index,pid,tid,grd,wgr,lds,scr,arch_vgpr,accum_vgpr,sgpr,wave_size,sig,obj,SQ_INSTS_VMEM,SQ_INST_LEVEL_VMEM,SQ_ACCUM_PREV_HIRES,DispatchNs,BeginNs,EndNs,CompleteNs
0,__amd_rocclr_fillBufferAligned.kd,2,0,0,3541317,3541317,3932160,256,0,0,8,8,32,64,0x0,0x7fb9d6f6d900,61440,499016,63870408,7193934621284755,7193812813750826,7193812813790026,7193934628925506
1,"void kernel_gemm_xdlops_streamk<GridwiseGemm_bk0mk1_bk0nk1_mn_xdlops_streamk>(GridwiseGemm_bk0mk1_bk0nk1_mn_xdlops_streamk<128, BlockToCTileMap_GemmStreamK, _Float16, float, _Float16, RowMajor, RowMajor, RowMajor, PassThrough, PassThrough, PassThrough, 32, 64, 4, 32, 32, 8, 1, 1, Sequence, Sequence, Sequence, 2, 8, 8, false, 1, Sequence, Sequence, Sequence, 1, 2, 8, false, 1, 1, 1, 8, Sequence",2,0,1,3541317,3541317,15360,128,8192,0,48,48,80,64,0x0,0x7fb9d6f49180,17726880,98520812,12611471472,7193934628790270,7193812813790026,7193812819834999,7193934635035015
2,"void kernel_gemm_xdlops_streamk<GridwiseGemm_bk0mk1_bk0nk1_mn_xdlops_streamk>(GridwiseGemm_bk0mk1_bk0nk1_mn_xdlops_streamk<128, BlockToCTileMap_GemmStreamK, _Float16, float, _Float16, RowMajor, RowMajor, RowMajor, PassThrough, PassThrough, PassThrough, 32, 64, 4, 32, 32, 8, 1, 1, Sequence, Sequence, Sequence, 2, 8, 8, false, 1, Sequence, Sequence, Sequence, 1, 2, 8, false, 1, 1, 1, 8, Sequence",2,0,2,3541317,3541317,15360,128,8192,0,48,48,80,64,0x0,0x7fb9d6f49180,17726880,98104272,12556648572,7193934628860212,7193812819834999,7193812825887334,7193934641103567
3,"void kernel_gemm_xdlops_streamk<GridwiseGemm_bk0mk1_bk0nk1_mn_xdlops_streamk>(GridwiseGemm_bk0mk1_bk0nk1_mn_xdlops_streamk<128, BlockToCTileMap_GemmStreamK, _Float16, float, _Float16, RowMajor, RowMajor, RowMajor, PassThrough, PassThrough, PassThrough, 32, 64, 4, 32, 32, 8, 1, 1, Sequence, Sequence, Sequence, 2, 8, 8, false, 1, Sequence, Sequence, Sequence, 1, 2, 8, false, 1, 1, 1, 8, Sequence",2,0,3,3541317,3541317,15360,128,8192,0,48,48,80,64,0x0,0x7fb9d6f49180,17726880,97932447,12534646464,7193934628935074,7193812825887334,7193812831951348,7193934647177528
4,"void kernel_gemm_xdlops_streamk<GridwiseGemm_bk0mk1_bk0nk1_mn_xdlops_streamk>(GridwiseGemm_bk0mk1_bk0nk1_mn_xdlops_streamk<128, BlockToCTileMap_GemmStreamK, _Float16, float, _Float16, RowMajor, RowMajor, RowMajor, PassThrough, PassThrough, PassThrough, 32, 64, 4, 32, 32, 8, 1, 1, Sequence, Sequence, Sequence, 2, 8, 8, false, 1, Sequence, Sequence, Sequence, 1, 2, 8, false, 1, 1, 1, 8, Sequence",2,0,4,3541317,3541317,15360,128,8192,0,48,48,80,64,0x0,0x7fb9d6f49180,17726880,98135331,12560952224,7193934629220272,7193812831951348,7193812837981282,7193934653249146
5,"void kernel_gemm_xdlops_streamk<GridwiseGemm_bk0mk1_bk0nk1_mn_xdlops_streamk>(GridwiseGemm_bk0mk1_bk0nk1_mn_xdlops_streamk<128, BlockToCTileMap_GemmStreamK, _Float16, float, _Float16, RowMajor, RowMajor, RowMajor, PassThrough, PassThrough, PassThrough, 32, 64, 4, 32, 32, 8, 1, 1, Sequence, Sequence, Sequence, 2, 8, 8, false, 1, Sequence, Sequence, Sequence, 1, 2, 8, false, 1, 1, 1, 8, Sequence",2,0,5,3541317,3541317,15360,128,8192,0,48,48,80,64,0x0,0x7fb9d6f49180,17726880,98220340,12572205612,7193934629279575,7193812837981282,7193812844037456,7193934659325643
6,"void kernel_gemm_xdlops_streamk<GridwiseGemm_bk0mk1_bk0nk1_mn_xdlops_streamk>(GridwiseGemm_bk0mk1_bk0nk1_mn_xdlops_streamk<128, BlockToCTileMap_GemmStreamK, _Float16, float, _Float16, RowMajor, RowMajor, RowMajor, PassThrough, PassThrough, PassThrough, 32, 64, 4, 32, 32, 8, 1, 1, Sequence, Sequence, Sequence, 2, 8, 8, false, 1, Sequence, Sequence, Sequence, 1, 2, 8, false, 1, 1, 1, 8, Sequence",2,0,8,3541317,3541317,15360,128,8192,0,48,48,80,64,0x0,0x7fb9d6f49180,17726880,97842422,12525358152,7193934659338377,7193812844065936,7193812850112190,7193934665575296
7,"void kernel_gemm_xdlops_streamk<GridwiseGemm_bk0mk1_bk0nk1_mn_xdlops_streamk>(GridwiseGemm_bk0mk1_bk0nk1_mn_xdlops_streamk<128, BlockToCTileMap_GemmStreamK, _Float16, float, _Float16, RowMajor, RowMajor, RowMajor, PassThrough, PassThrough, PassThrough, 32, 64, 4, 32, 32, 8, 1, 1, Sequence, Sequence, Sequence, 2, 8, 8, false, 1, Sequence, Sequence, Sequence, 1, 2, 8, false, 1, 1, 1, 8, Sequence",2,0,9,3541317,3541317,15360,128,8192,0,48,48,80,64,0x0,0x7fb9d6f49180,17726880,98310917,12582709236,7193934659485405,7193812850112190,7193812856177004,7193934671654368
8,"void kernel_gemm_xdlops_streamk<GridwiseGemm_bk0mk1_bk0nk1_mn_xdlops_streamk>(GridwiseGemm_bk0mk1_bk0nk1_mn_xdlops_streamk<128, BlockToCTileMap_GemmStreamK, _Float16, float, _Float16, RowMajor, RowMajor, RowMajor, PassThrough, PassThrough, PassThrough, 32, 64, 4, 32, 32, 8, 1, 1, Sequence, Sequence, Sequence, 2, 8, 8, false, 1, Sequence, Sequence, Sequence, 1, 2, 8, false, 1, 1, 1, 8, Sequence",2,0,10,3541317,3541317,15360,128,8192,0,48,48,80,64,0x0,0x7fb9d6f49180,17726880,98578104,12617754864,7193934659542673,7193812856176828,7193812862227717,7193934677736456
9,"void kernel_gemm_xdlops_streamk<GridwiseGemm_bk0mk1_bk0nk1_mn_xdlops_streamk>(GridwiseGemm_bk0mk1_bk0nk1_mn_xdlops_streamk<128, BlockToCTileMap_GemmStreamK, _Float16, float, _Float16, RowMajor, RowMajor, RowMajor, PassThrough, PassThrough, PassThrough, 32, 64, 4, 32, 32, 8, 1, 1, Sequence, Sequence, Sequence, 2, 8, 8, false, 1, Sequence, Sequence, Sequence, 1, 2, 8, false, 1, 1, 1, 8, Sequence",2,0,11,3541317,3541317,15360,128,8192,0,48,48,80,64,0x0,0x7fb9d6f49180,17726880,98033564,12547004628,7193934659598318,7193812862227717,7193812868279406,7193934683810207
10,"void kernel_gemm_xdlops_streamk<GridwiseGemm_bk0mk1_bk0nk1_mn_xdlops_streamk>(GridwiseGemm_bk0mk1_bk0nk1_mn_xdlops_streamk<128, BlockToCTileMap_GemmStreamK, _Float16, float, _Float16, RowMajor, RowMajor, RowMajor, PassThrough, PassThrough, PassThrough, 32, 64, 4, 32, 32, 8, 1, 1, Sequence, Sequence, Sequence, 2, 8, 8, false, 1, Sequence, Sequence, Sequence, 1, 2, 8, false, 1, 1, 1, 8, Sequence",2,0,12,3541317,3541317,15360,128,8192,0,48,48,80,64,0x0,0x7fb9d6f49180,17726880,98706703,12632684632,7193934659651037,7193812868279406,7193812874333015,7193934689908916
11,"void kernel_gemm_xdlops_streamk<GridwiseGemm_bk0mk1_bk0nk1_mn_xdlops_streamk>(GridwiseGemm_bk0mk1_bk0nk1_mn_xdlops_streamk<128, BlockToCTileMap_GemmStreamK, _Float16, float, _Float16, RowMajor, RowMajor, RowMajor, PassThrough, PassThrough, PassThrough, 32, 64, 4, 32, 32, 8, 1, 1, Sequence, Sequence, Sequence, 2, 8, 8, false, 1, Sequence, Sequence, Sequence, 1, 2, 8, false, 1, 1, 1, 8, Sequence",2,0,13,3541317,3541317,15360,128,8192,0,48,48,80,64,0x0,0x7fb9d6f49180,17726880,98487912,12604481368,7193934659704468,7193812874333015,7193812880361344,7193934695997916
12,"void kernel_gemm_xdlops_streamk<GridwiseGemm_bk0mk1_bk0nk1_mn_xdlops_streamk>(GridwiseGemm_bk0mk1_bk0nk1_mn_xdlops_streamk<128, BlockToCTileMap_GemmStreamK, _Float16, float, _Float16, RowMajor, RowMajor, RowMajor, PassThrough, PassThrough, PassThrough, 32, 64, 4, 32, 32, 8, 1, 1, Sequence, Sequence, Sequence, 2, 8, 8, false, 1, Sequence, Sequence, Sequence, 1, 2, 8, false, 1, 1, 1, 8, Sequence",2,0,14,3541317,3541317,15360,128,8192,0,48,48,80,64,0x0,0x7fb9d6f49180,17726880,98286790,12579935756,7193934659759783,7193812880361344,7193812886398314,7193934702079883
13,"void kernel_gemm_xdlops_streamk<GridwiseGemm_bk0mk1_bk0nk1_mn_xdlops_streamk>(GridwiseGemm_bk0mk1_bk0nk1_mn_xdlops_streamk<128, BlockToCTileMap_GemmStreamK, _Float16, float, _Float16, RowMajor, RowMajor, RowMajor, PassThrough, PassThrough, PassThrough, 32, 64, 4, 32, 32, 8, 1, 1, Sequence, Sequence, Sequence, 2, 8, 8, false, 1, Sequence, Sequence, Sequence, 1, 2, 8, false, 1, 1, 1, 8, Sequence",2,0,15,3541317,3541317,15360,128,8192,0,48,48,80,64,0x0,0x7fb9d6f49180,17726880,98066555,12554061504,7193934659818514,7193812886398314,7193812892446323,7193934708158614
14,"void kernel_gemm_xdlops_streamk<GridwiseGemm_bk0mk1_bk0nk1_mn_xdlops_streamk>(GridwiseGemm_bk0mk1_bk0nk1_mn_xdlops_streamk<128, BlockToCTileMap_GemmStreamK, _Float16, float, _Float16, RowMajor, RowMajor, RowMajor, PassThrough, PassThrough, PassThrough, 32, 64, 4, 32, 32, 8, 1, 1, Sequence, Sequence, Sequence, 2, 8, 8, false, 1, Sequence, Sequence, Sequence, 1, 2, 8, false, 1, 1, 1, 8, Sequence",2,0,16,3541317,3541317,15360,128,8192,0,48,48,80,64,0x0,0x7fb9d6f49180,17726880,97943806,12538007084,7193934659876924,7193812892446323,7193812898500892,7193934714233768
15,"void kernel_gemm_xdlops_streamk<GridwiseGemm_bk0mk1_bk0nk1_mn_xdlops_streamk>(GridwiseGemm_bk0mk1_bk0nk1_mn_xdlops_streamk<128, BlockToCTileMap_GemmStreamK, _Float16, float, _Float16, RowMajor, RowMajor, RowMajor, PassThrough, PassThrough, PassThrough, 32, 64, 4, 32, 32, 8, 1, 1, Sequence, Sequence, Sequence, 2, 8, 8, false, 1, Sequence, Sequence, Sequence, 1, 2, 8, false, 1, 1, 1, 8, Sequence",2,0,17,3541317,3541317,15360,128,8192,0,48,48,80,64,0x0,0x7fb9d6f49180,17726880,97994789,12541272548,7193934659941787,7193812898500892,7193812904541062,7193934720303021
16,"void kernel_gemm_xdlops_streamk<GridwiseGemm_bk0mk1_bk0nk1_mn_xdlops_streamk>(GridwiseGemm_bk0mk1_bk0nk1_mn_xdlops_streamk<128, BlockToCTileMap_GemmStreamK, _Float16, float, _Float16, RowMajor, RowMajor, RowMajor, PassThrough, PassThrough, PassThrough, 32, 64, 4, 32, 32, 8, 1, 1, Sequence, Sequence, Sequence, 2, 8, 8, false, 1, Sequence, Sequence, Sequence, 1, 2, 8, false, 1, 1, 1, 8, Sequence",2,0,18,3541317,3541317,15360,128,8192,0,48,48,80,64,0x0,0x7fb9d6f49180,17726880,98185076,12567739012,7193934660005367,7193812904541062,7193812910575471,7193934726382003
17,"void kernel_gemm_xdlops_streamk<GridwiseGemm_bk0mk1_bk0nk1_mn_xdlops_streamk>(GridwiseGemm_bk0mk1_bk0nk1_mn_xdlops_streamk<128, BlockToCTileMap_GemmStreamK, _Float16, float, _Float16, RowMajor, RowMajor, RowMajor, PassThrough, PassThrough, PassThrough, 32, 64, 4, 32, 32, 8, 1, 1, Sequence, Sequence, Sequence, 2, 8, 8, false, 1, Sequence, Sequence, Sequence, 1, 2, 8, false, 1, 1, 1, 8, Sequence",2,0,19,3541317,3541317,15360,128,8192,0,48,48,80,64,0x0,0x7fb9d6f49180,17726880,98186438,12566348404,7193934660063887,7193812910575471,7193812916621080,7193934732463048
18,"void kernel_gemm_xdlops_streamk<GridwiseGemm_bk0mk1_bk0nk1_mn_xdlops_streamk>(GridwiseGemm_bk0mk1_bk0nk1_mn_xdlops_streamk<128, BlockToCTileMap_GemmStreamK, _Float16, float, _Float16, RowMajor, RowMajor, RowMajor, PassThrough, PassThrough, PassThrough, 32, 64, 4, 32, 32, 8, 1, 1, Sequence, Sequence, Sequence, 2, 8, 8, false, 1, Sequence, Sequence, Sequence, 1, 2, 8, false, 1, 1, 1, 8, Sequence",2,0,20,3541317,3541317,15360,128,8192,0,48,48,80,64,0x0,0x7fb9d6f49180,17726880,98150949,12563586260,7193934660118170,7193812916621105,7193812922676954,7193934738542470
19,"void kernel_gemm_xdlops_streamk<GridwiseGemm_bk0mk1_bk0nk1_mn_xdlops_streamk>(GridwiseGemm_bk0mk1_bk0nk1_mn_xdlops_streamk<128, BlockToCTileMap_GemmStreamK, _Float16, float, _Float16, RowMajor, RowMajor, RowMajor, PassThrough, PassThrough, PassThrough, 32, 64, 4, 32, 32, 8, 1, 1, Sequence, Sequence, Sequence, 2, 8, 8, false, 1, Sequence, Sequence, Sequence, 1, 2, 8, false, 1, 1, 1, 8, Sequence",2,0,21,3541317,3541317,15360,128,8192,0,48,48,80,64,0x0,0x7fb9d6f49180,17726880,98307471,12582522764,7193934660174155,7193812922676954,7193812928714723,7193934744621492
20,"void kernel_gemm_xdlops_streamk<GridwiseGemm_bk0mk1_bk0nk1_mn_xdlops_streamk>(GridwiseGemm_bk0mk1_bk0nk1_mn_xdlops_streamk<128, BlockToCTileMap_GemmStreamK, _Float16, float, _Float16, RowMajor, RowMajor, RowMajor, PassThrough, PassThrough, PassThrough, 32, 64, 4, 32, 32, 8, 1, 1, Sequence, Sequence, Sequence, 2, 8, 8, false, 1, Sequence, Sequence, Sequence, 1, 2, 8, false, 1, 1, 1, 8, Sequence",2,0,22,3541317,3541317,15360,128,8192,0,48,48,80,64,0x0,0x7fb9d6f49180,17726880,98448283,12604138580,7193934660233107,7193812928714723,7193812934748813,7193934750696436
21,"void kernel_gemm_xdlops_streamk<GridwiseGemm_bk0mk1_bk0nk1_mn_xdlops_streamk>(GridwiseGemm_bk0mk1_bk0nk1_mn_xdlops_streamk<128, BlockToCTileMap_GemmStreamK, _Float16, float, _Float16, RowMajor, RowMajor, RowMajor, PassThrough, PassThrough, PassThrough, 32, 64, 4, 32, 32, 8, 1, 1, Sequence, Sequence, Sequence, 2, 8, 8, false, 1, Sequence, Sequence, Sequence, 1, 2, 8, false, 1, 1, 1, 8, Sequence",2,0,23,3541317,3541317,15360,128,8192,0,48,48,80,64,0x0,0x7fb9d6f49180,17726880,97957140,12537302580,7193934660315122,7193812934748813,7193812940826743,7193934756765238
22,"void kernel_gemm_xdlops_streamk<GridwiseGemm_bk0mk1_bk0nk1_mn_xdlops_streamk>(GridwiseGemm_bk0mk1_bk0nk1_mn_xdlops_streamk<128, BlockToCTileMap_GemmStreamK, _Float16, float, _Float16, RowMajor, RowMajor, RowMajor, PassThrough, PassThrough, PassThrough, 32, 64, 4, 32, 32, 8, 1, 1, Sequence, Sequence, Sequence, 2, 8, 8, false, 1, Sequence, Sequence, Sequence, 1, 2, 8, false, 1, 1, 1, 8, Sequence",2,0,24,3541317,3541317,15360,128,8192,0,48,48,80,64,0x0,0x7fb9d6f49180,17726880,98520265,12609828852,7193934660371719,7193812940826743,7193812946884353,7193934762841404
23,"void kernel_gemm_xdlops_streamk<GridwiseGemm_bk0mk1_bk0nk1_mn_xdlops_streamk>(GridwiseGemm_bk0mk1_bk0nk1_mn_xdlops_streamk<128, BlockToCTileMap_GemmStreamK, _Float16, float, _Float16, RowMajor, RowMajor, RowMajor, PassThrough, PassThrough, PassThrough, 32, 64, 4, 32, 32, 8, 1, 1, Sequence, Sequence, Sequence, 2, 8, 8, false, 1, Sequence, Sequence, Sequence, 1, 2, 8, false, 1, 1, 1, 8, Sequence",2,0,25,3541317,3541317,15360,128,8192,0,48,48,80,64,0x0,0x7fb9d6f49180,17726880,97876500,12527290860,7193934660427724,7193812946884353,7193812952940043,7193934768910066
24,"void kernel_gemm_xdlops_streamk<GridwiseGemm_bk0mk1_bk0nk1_mn_xdlops_streamk>(GridwiseGemm_bk0mk1_bk0nk1_mn_xdlops_streamk<128, BlockToCTileMap_GemmStreamK, _Float16, float, _Float16, RowMajor, RowMajor, RowMajor, PassThrough, PassThrough, PassThrough, 32, 64, 4, 32, 32, 8, 1, 1, Sequence, Sequence, Sequence, 2, 8, 8, false, 1, Sequence, Sequence, Sequence, 1, 2, 8, false, 1, 1, 1, 8, Sequence",2,0,26,3541317,3541317,15360,128,8192,0,48,48,80,64,0x0,0x7fb9d6f49180,17726880,98304162,12581029452,7193934660485834,7193812952940043,7193812958991252,7193934774982104
25,"void kernel_gemm_xdlops_streamk<GridwiseGemm_bk0mk1_bk0nk1_mn_xdlops_streamk>(GridwiseGemm_bk0mk1_bk0nk1_mn_xdlops_streamk<128, BlockToCTileMap_GemmStreamK, _Float16, float, _Float16, RowMajor, RowMajor, RowMajor, PassThrough, PassThrough, PassThrough, 32, 64, 4, 32, 32, 8, 1, 1, Sequence, Sequence, Sequence, 2, 8, 8, false, 1, Sequence, Sequence, Sequence, 1, 2, 8, false, 1, 1, 1, 8, Sequence",2,0,27,3541317,3541317,15360,128,8192,0,48,48,80,64,0x0,0x7fb9d6f49180,17726880,98490328,12605089404,7193934660543142,7193812958991252,7193812965030782,7193934781064753
26,"void kernel_gemm_xdlops_streamk<GridwiseGemm_bk0mk1_bk0nk1_mn_xdlops_streamk>(GridwiseGemm_bk0mk1_bk0nk1_mn_xdlops_streamk<128, BlockToCTileMap_GemmStreamK, _Float16, float, _Float16, RowMajor, RowMajor, RowMajor, PassThrough, PassThrough, PassThrough, 32, 64, 4, 32, 32, 8, 1, 1, Sequence, Sequence, Sequence, 2, 8, 8, false, 1, Sequence, Sequence, Sequence, 1, 2, 8, false, 1, 1, 1, 8, Sequence",2,0,28,3541317,3541317,15360,128,8192,0,48,48,80,64,0x0,0x7fb9d6f49180,17726880,98294645,12582501136,7193934660599569,7193812965030782,7193812971060872,7193934787151950
27,"void kernel_gemm_xdlops_streamk<GridwiseGemm_bk0mk1_bk0nk1_mn_xdlops_streamk>(GridwiseGemm_bk0mk1_bk0nk1_mn_xdlops_streamk<128, BlockToCTileMap_GemmStreamK, _Float16, float, _Float16, RowMajor, RowMajor, RowMajor, PassThrough, PassThrough, PassThrough, 32, 64, 4, 32, 32, 8, 1, 1, Sequence, Sequence, Sequence, 2, 8, 8, false, 1, Sequence, Sequence, Sequence, 1, 2, 8, false, 1, 1, 1, 8, Sequence",2,0,29,3541317,3541317,15360,128,8192,0,48,48,80,64,0x0,0x7fb9d6f49180,17726880,98597264,12619865992,7193934660654202,7193812971060872,7193812977113362,7193934793226653
28,"void kernel_gemm_xdlops_streamk<GridwiseGemm_bk0mk1_bk0nk1_mn_xdlops_streamk>(GridwiseGemm_bk0mk1_bk0nk1_mn_xdlops_streamk<128, BlockToCTileMap_GemmStreamK, _Float16, float, _Float16, RowMajor, RowMajor, RowMajor, PassThrough, PassThrough, PassThrough, 32, 64, 4, 32, 32, 8, 1, 1, Sequence, Sequence, Sequence, 2, 8, 8, false, 1, Sequence, Sequence, Sequence, 1, 2, 8, false, 1, 1, 1, 8, Sequence",2,0,30,3541317,3541317,15360,128,8192,0,48,48,80,64,0x0,0x7fb9d6f49180,17726880,97878913,12526905288,7193934660710018,7193812977113362,7193812983158332,7193934799276760
29,"void kernel_gemm_xdlops_streamk<GridwiseGemm_bk0mk1_bk0nk1_mn_xdlops_streamk>(GridwiseGemm_bk0mk1_bk0nk1_mn_xdlops_streamk<128, BlockToCTileMap_GemmStreamK, _Float16, float, _Float16, RowMajor, RowMajor, RowMajor, PassThrough, PassThrough, PassThrough, 32, 64, 4, 32, 32, 8, 1, 1, Sequence, Sequence, Sequence, 2, 8, 8, false, 1, Sequence, Sequence, Sequence, 1, 2, 8, false, 1, 1, 1, 8, Sequence",2,0,31,3541317,3541317,15360,128,8192,0,48,48,80,64,0x0,0x7fb9d6f49180,17726880,98150733,12561528944,7193934660764961,7193812983158525,7193812989209738,7193934805354719
30,"void kernel_gemm_xdlops_streamk<GridwiseGemm_bk0mk1_bk0nk1_mn_xdlops_streamk>(GridwiseGemm_bk0mk1_bk0nk1_mn_xdlops_streamk<128, BlockToCTileMap_GemmStreamK, _Float16, float, _Float16, RowMajor, RowMajor, RowMajor, PassThrough, PassThrough, PassThrough, 32, 64, 4, 32, 32, 8, 1, 1, Sequence, Sequence, Sequence, 2, 8, 8, false, 1, Sequence, Sequence, Sequence, 1, 2, 8, false, 1, 1, 1, 8, Sequence",2,0,32,3541317,3541317,15360,128,8192,0,48,48,80,64,0x0,0x7fb9d6f49180,17726880,97834348,12524152052,7193934660820526,7193812989209738,7193812995257910,7193934811430575
31,"void kernel_gemm_xdlops_streamk<GridwiseGemm_bk0mk1_bk0nk1_mn_xdlops_streamk>(GridwiseGemm_bk0mk1_bk0nk1_mn_xdlops_streamk<128, BlockToCTileMap_GemmStreamK, _Float16, float, _Float16, RowMajor, RowMajor, RowMajor, PassThrough, PassThrough, PassThrough, 32, 64, 4, 32, 32, 8, 1, 1, Sequence, Sequence, Sequence, 2, 8, 8, false, 1, Sequence, Sequence, Sequence, 1, 2, 8, false, 1, 1, 1, 8, Sequence",2,0,33,3541317,3541317,15360,128,8192,0,48,48,80,64,0x0,0x7fb9d6f49180,17726880,98096953,12555954572,7193934660876031,7193812995257910,7193813001296324,7193934817518043
32,"void kernel_gemm_xdlops_streamk<GridwiseGemm_bk0mk1_bk0nk1_mn_xdlops_streamk>(GridwiseGemm_bk0mk1_bk0nk1_mn_xdlops_streamk<128, BlockToCTileMap_GemmStreamK, _Float16, float, _Float16, RowMajor, RowMajor, RowMajor, PassThrough, PassThrough, PassThrough, 32, 64, 4, 32, 32, 8, 1, 1, Sequence, Sequence, Sequence, 2, 8, 8, false, 1, Sequence, Sequence, Sequence, 1, 2, 8, false, 1, 1, 1, 8, Sequence",2,0,34,3541317,3541317,15360,128,8192,0,48,48,80,64,0x0,0x7fb9d6f49180,17726880,98197456,12569770440,7193934660942406,7193813001296324,7193813007328817,7193934823596513
33,"void kernel_gemm_xdlops_streamk<GridwiseGemm_bk0mk1_bk0nk1_mn_xdlops_streamk>(GridwiseGemm_bk0mk1_bk0nk1_mn_xdlops_streamk<128, BlockToCTileMap_GemmStreamK, _Float16, float, _Float16, RowMajor, RowMajor, RowMajor, PassThrough, PassThrough, PassThrough, 32, 64, 4, 32, 32, 8, 1, 1, Sequence, Sequence, Sequence, 2, 8, 8, false, 1, Sequence, Sequence, Sequence, 1, 2, 8, false, 1, 1, 1, 8, Sequence",2,0,35,3541317,3541317,15360,128,8192,0,48,48,80,64,0x0,0x7fb9d6f49180,17726880,98494928,12606221948,7193934661000366,7193813007328817,7193813013379390,7193934829687677
34,"void kernel_gemm_xdlops_streamk<GridwiseGemm_bk0mk1_bk0nk1_mn_xdlops_streamk>(GridwiseGemm_bk0mk1_bk0nk1_mn_xdlops_streamk<128, BlockToCTileMap_GemmStreamK, _Float16, float, _Float16, RowMajor, RowMajor, RowMajor, PassThrough, PassThrough, PassThrough, 32, 64, 4, 32, 32, 8, 1, 1, Sequence, Sequence, Sequence, 2, 8, 8, false, 1, Sequence, Sequence, Sequence, 1, 2, 8, false, 1, 1, 1, 8, Sequence",2,0,36,3541317,3541317,15360,128,8192,0,48,48,80,64,0x0,0x7fb9d6f49180,17726880,98155532,12565655564,7193934661055911,7193813013379390,7193813019407243,7193934835764955
35,"void kernel_gemm_xdlops_streamk<GridwiseGemm_bk0mk1_bk0nk1_mn_xdlops_streamk>(GridwiseGemm_bk0mk1_bk0nk1_mn_xdlops_streamk<128, BlockToCTileMap_GemmStreamK, _Float16, float, _Float16, RowMajor, RowMajor, RowMajor, PassThrough, PassThrough, PassThrough, 32, 64, 4, 32, 32, 8, 1, 1, Sequence, Sequence, Sequence, 2, 8, 8, false, 1, Sequence, Sequence, Sequence, 1, 2, 8, false, 1, 1, 1, 8, Sequence",2,0,37,3541317,3541317,15360,128,8192,0,48,48,80,64,0x0,0x7fb9d6f49180,17726880,98129990,12561177608,7193934661111456,7193813019407243,7193813025447416,7193934841838457
36,"void kernel_gemm_xdlops_streamk<GridwiseGemm_bk0mk1_bk0nk1_mn_xdlops_streamk>(GridwiseGemm_bk0mk1_bk0nk1_mn_xdlops_streamk<128, BlockToCTileMap_GemmStreamK, _Float16, float, _Float16, RowMajor, RowMajor, RowMajor, PassThrough, PassThrough, PassThrough, 32, 64, 4, 32, 32, 8, 1, 1, Sequence, Sequence, Sequence, 2, 8, 8, false, 1, Sequence, Sequence, Sequence, 1, 2, 8, false, 1, 1, 1, 8, Sequence",2,0,38,3541317,3541317,15360,128,8192,0,48,48,80,64,0x0,0x7fb9d6f49180,17726880,98185095,12570030952,7193934661168573,7193813025447416,7193813031496709,7193934847918069
37,"void kernel_gemm_xdlops_streamk<GridwiseGemm_bk0mk1_bk0nk1_mn_xdlops_streamk>(GridwiseGemm_bk0mk1_bk0nk1_mn_xdlops_streamk<128, BlockToCTileMap_GemmStreamK, _Float16, float, _Float16, RowMajor, RowMajor, RowMajor, PassThrough, PassThrough, PassThrough, 32, 64, 4, 32, 32, 8, 1, 1, Sequence, Sequence, Sequence, 2, 8, 8, false, 1, Sequence, Sequence, Sequence, 1, 2, 8, false, 1, 1, 1, 8, Sequence",2,0,39,3541317,3541317,15360,128,8192,0,48,48,80,64,0x0,0x7fb9d6f49180,17726880,98020920,12545825732,7193934661224609,7193813031496709,7193813037552082,7193934853988284
38,"void kernel_gemm_xdlops_streamk<GridwiseGemm_bk0mk1_bk0nk1_mn_xdlops_streamk>(GridwiseGemm_bk0mk1_bk0nk1_mn_xdlops_streamk<128, BlockToCTileMap_GemmStreamK, _Float16, float, _Float16, RowMajor, RowMajor, RowMajor, PassThrough, PassThrough, PassThrough, 32, 64, 4, 32, 32, 8, 1, 1, Sequence, Sequence, Sequence, 2, 8, 8, false, 1, Sequence, Sequence, Sequence, 1, 2, 8, false, 1, 1, 1, 8, Sequence",2,0,40,3541317,3541317,15360,128,8192,0,48,48,80,64,0x0,0x7fb9d6f49180,17726880,98681291,12630871264,7193934661281787,7193813037552082,7193813043596095,7193934860067967
39,"void kernel_gemm_xdlops_streamk<GridwiseGemm_bk0mk1_bk0nk1_mn_xdlops_streamk>(GridwiseGemm_bk0mk1_bk0nk1_mn_xdlops_streamk<128, BlockToCTileMap_GemmStreamK, _Float16, float, _Float16, RowMajor, RowMajor, RowMajor, PassThrough, PassThrough, PassThrough, 32, 64, 4, 32, 32, 8, 1, 1, Sequence, Sequence, Sequence, 2, 8, 8, false, 1, Sequence, Sequence, Sequence, 1, 2, 8, false, 1, 1, 1, 8, Sequence",2,0,41,3541317,3541317,15360,128,8192,0,48,48,80,64,0x0,0x7fb9d6f49180,17726880,98206865,12567615084,7193934661336461,7193813043596095,7193813049661868,7193934866131689
40,"void kernel_gemm_xdlops_streamk<GridwiseGemm_bk0mk1_bk0nk1_mn_xdlops_streamk>(GridwiseGemm_bk0mk1_bk0nk1_mn_xdlops_streamk<128, BlockToCTileMap_GemmStreamK, _Float16, float, _Float16, RowMajor, RowMajor, RowMajor, PassThrough, PassThrough, PassThrough, 32, 64, 4, 32, 32, 8, 1, 1, Sequence, Sequence, Sequence, 2, 8, 8, false, 1, Sequence, Sequence, Sequence, 1, 2, 8, false, 1, 1, 1, 8, Sequence",2,0,42,3541317,3541317,15360,128,8192,0,48,48,80,64,0x0,0x7fb9d6f49180,17726880,98193265,12568000036,7193934661392096,7193813049661815,7193813055700387,7193934872210110
41,"void kernel_gemm_xdlops_streamk<GridwiseGemm_bk0mk1_bk0nk1_mn_xdlops_streamk>(GridwiseGemm_bk0mk1_bk0nk1_mn_xdlops_streamk<128, BlockToCTileMap_GemmStreamK, _Float16, float, _Float16, RowMajor, RowMajor, RowMajor, PassThrough, PassThrough, PassThrough, 32, 64, 4, 32, 32, 8, 1, 1, Sequence, Sequence, Sequence, 2, 8, 8, false, 1, Sequence, Sequence, Sequence, 1, 2, 8, false, 1, 1, 1, 8, Sequence",2,0,43,3541317,3541317,15360,128,8192,0,48,48,80,64,0x0,0x7fb9d6f49180,17726880,98418897,12595924508,7193934661447971,7193813055700387,7193813061746799,7193934878292989
42,"void kernel_gemm_xdlops_streamk<GridwiseGemm_bk0mk1_bk0nk1_mn_xdlops_streamk>(GridwiseGemm_bk0mk1_bk0nk1_mn_xdlops_streamk<128, BlockToCTileMap_GemmStreamK, _Float16, float, _Float16, RowMajor, RowMajor, RowMajor, PassThrough, PassThrough, PassThrough, 32, 64, 4, 32, 32, 8, 1, 1, Sequence, Sequence, Sequence, 2, 8, 8, false, 1, Sequence, Sequence, Sequence, 1, 2, 8, false, 1, 1, 1, 8, Sequence",2,0,44,3541317,3541317,15360,128,8192,0,48,48,80,64,0x0,0x7fb9d6f49180,17726880,98133547,12558909768,7193934661503857,7193813061746799,7193813067788731,7193934884363654
43,"void kernel_gemm_xdlops_streamk<GridwiseGemm_bk0mk1_bk0nk1_mn_xdlops_streamk>(GridwiseGemm_bk0mk1_bk0nk1_mn_xdlops_streamk<128, BlockToCTileMap_GemmStreamK, _Float16, float, _Float16, RowMajor, RowMajor, RowMajor, PassThrough, PassThrough, PassThrough, 32, 64, 4, 32, 32, 8, 1, 1, Sequence, Sequence, Sequence, 2, 8, 8, false, 1, Sequence, Sequence, Sequence, 1, 2, 8, false, 1, 1, 1, 8, Sequence",2,0,45,3541317,3541317,15360,128,8192,0,48,48,80,64,0x0,0x7fb9d6f49180,17726880,97809825,12519098428,7193934661559742,7193813067788731,7193813073828743,7193934890432066
44,"void kernel_gemm_xdlops_streamk<GridwiseGemm_bk0mk1_bk0nk1_mn_xdlops_streamk>(GridwiseGemm_bk0mk1_bk0nk1_mn_xdlops_streamk<128, BlockToCTileMap_GemmStreamK, _Float16, float, _Float16, RowMajor, RowMajor, RowMajor, PassThrough, PassThrough, PassThrough, 32, 64, 4, 32, 32, 8, 1, 1, Sequence, Sequence, Sequence, 2, 8, 8, false, 1, Sequence, Sequence, Sequence, 1, 2, 8, false, 1, 1, 1, 8, Sequence",2,0,46,3541317,3541317,15360,128,8192,0,48,48,80,64,0x0,0x7fb9d6f49180,17726880,98443558,12602614688,7193934661615147,7193813073828743,7193813079879956,7193934896515766
45,"void kernel_gemm_xdlops_streamk<GridwiseGemm_bk0mk1_bk0nk1_mn_xdlops_streamk>(GridwiseGemm_bk0mk1_bk0nk1_mn_xdlops_streamk<128, BlockToCTileMap_GemmStreamK, _Float16, float, _Float16, RowMajor, RowMajor, RowMajor, PassThrough, PassThrough, PassThrough, 32, 64, 4, 32, 32, 8, 1, 1, Sequence, Sequence, Sequence, 2, 8, 8, false, 1, Sequence, Sequence, Sequence, 1, 2, 8, false, 1, 1, 1, 8, Sequence",2,0,47,3541317,3541317,15360,128,8192,0,48,48,80,64,0x0,0x7fb9d6f49180,17726880,98241028,12576542992,7193934661668458,7193813079879956,7193813085936448,7193934902583827
46,"void kernel_gemm_xdlops_streamk<GridwiseGemm_bk0mk1_bk0nk1_mn_xdlops_streamk>(GridwiseGemm_bk0mk1_bk0nk1_mn_xdlops_streamk<128, BlockToCTileMap_GemmStreamK, _Float16, float, _Float16, RowMajor, RowMajor, RowMajor, PassThrough, PassThrough, PassThrough, 32, 64, 4, 32, 32, 8, 1, 1, Sequence, Sequence, Sequence, 2, 8, 8, false, 1, Sequence, Sequence, Sequence, 1, 2, 8, false, 1, 1, 1, 8, Sequence",2,0,48,3541317,3541317,15360,128,8192,0,48,48,80,64,0x0,0x7fb9d6f49180,17726880,98092664,12552511060,7193934661726618,7193813085936448,7193813091996620,7193934908662137
47,"void kernel_gemm_xdlops_streamk<GridwiseGemm_bk0mk1_bk0nk1_mn_xdlops_streamk>(GridwiseGemm_bk0mk1_bk0nk1_mn_xdlops_streamk<128, BlockToCTileMap_GemmStreamK, _Float16, float, _Float16, RowMajor, RowMajor, RowMajor, PassThrough, PassThrough, PassThrough, 32, 64, 4, 32, 32, 8, 1, 1, Sequence, Sequence, Sequence, 2, 8, 8, false, 1, Sequence, Sequence, Sequence, 1, 2, 8, false, 1, 1, 1, 8, Sequence",2,0,49,3541317,3541317,15360,128,8192,0,48,48,80,64,0x0,0x7fb9d6f49180,17726880,98445065,12600773816,7193934661784617,7193813091996620,7193813098041753,7193934914752700
48,"void kernel_gemm_xdlops_streamk<GridwiseGemm_bk0mk1_bk0nk1_mn_xdlops_streamk>(GridwiseGemm_bk0mk1_bk0nk1_mn_xdlops_streamk<128, BlockToCTileMap_GemmStreamK, _Float16, float, _Float16, RowMajor, RowMajor, RowMajor, PassThrough, PassThrough, PassThrough, 32, 64, 4, 32, 32, 8, 1, 1, Sequence, Sequence, Sequence, 2, 8, 8, false, 1, Sequence, Sequence, Sequence, 1, 2, 8, false, 1, 1, 1, 8, Sequence",2,0,50,3541317,3541317,15360,128,8192,0,48,48,80,64,0x0,0x7fb9d6f49180,17726880,98177250,12568744388,7193934661841575,7193813098041753,7193813104081285,7193934920837853
49,"void kernel_gemm_xdlops_streamk<GridwiseGemm_bk0mk1_bk0nk1_mn_xdlops_streamk>(GridwiseGemm_bk0mk1_bk0nk1_mn_xdlops_streamk<128, BlockToCTileMap_GemmStreamK, _Float16, float, _Float16, RowMajor, RowMajor, RowMajor, PassThrough, PassThrough, PassThrough, 32, 64, 4, 32, 32, 8, 1, 1, Sequence, Sequence, Sequence, 2, 8, 8, false, 1, Sequence, Sequence, Sequence, 1, 2, 8, false, 1, 1, 1, 8, Sequence",2,0,51,3541317,3541317,15360,128,8192,0,48,48,80,64,0x0,0x7fb9d6f49180,17726880,97789271,12516173720,7193934661899855,7193813104081285,7193813110129297,7193934926899783
50,"void kernel_gemm_xdlops_streamk<GridwiseGemm_bk0mk1_bk0nk1_mn_xdlops_streamk>(GridwiseGemm_bk0mk1_bk0nk1_mn_xdlops_streamk<128, BlockToCTileMap_GemmStreamK, _Float16, float, _Float16, RowMajor, RowMajor, RowMajor, PassThrough, PassThrough, PassThrough, 32, 64, 4, 32, 32, 8, 1, 1, Sequence, Sequence, Sequence, 2, 8, 8, false, 1, Sequence, Sequence, Sequence, 1, 2, 8, false, 1, 1, 1, 8, Sequence",2,0,52,3541317,3541317,15360,128,8192,0,48,48,80,64,0x0,0x7fb9d6f49180,17726880,98301624,12580659640,7193934661965458,7193813110129297,7193813116248670,7193934932989224
51,"void kernel_gemm_xdlops_streamk<GridwiseGemm_bk0mk1_bk0nk1_mn_xdlops_streamk>(GridwiseGemm_bk0mk1_bk0nk1_mn_xdlops_streamk<128, BlockToCTileMap_GemmStreamK, _Float16, float, _Float16, RowMajor, RowMajor, RowMajor, PassThrough, PassThrough, PassThrough, 32, 64, 4, 32, 32, 8, 1, 1, Sequence, Sequence, Sequence, 2, 8, 8, false, 1, Sequence, Sequence, Sequence, 1, 2, 8, false, 1, 1, 1, 8, Sequence",2,0,53,3541317,3541317,15360,128,8192,0,48,48,80,64,0x0,0x7fb9d6f49180,17726880,98315467,12582906328,7193934662023619,7193813116248713,7193813122299606,7193934939065731
52,"void kernel_gemm_xdlops_streamk<GridwiseGemm_bk0mk1_bk0nk1_mn_xdlops_streamk>(GridwiseGemm_bk0mk1_bk0nk1_mn_xdlops_streamk<128, BlockToCTileMap_GemmStreamK, _Float16, float, _Float16, RowMajor, RowMajor, RowMajor, PassThrough, PassThrough, PassThrough, 32, 64, 4, 32, 32, 8, 1, 1, Sequence, Sequence, Sequence, 2, 8, 8, false, 1, Sequence, Sequence, Sequence, 1, 2, 8, false, 1, 1, 1, 8, Sequence",2,0,54,3541317,3541317,15360,128,8192,0,48,48,80,64,0x0,0x7fb9d6f49180,17726880,98297421,12584186800,7193934662078312,7193813122299606,7193813128350658,7193934945142718
53,"void kernel_gemm_xdlops_streamk<GridwiseGemm_bk0mk1_bk0nk1_mn_xdlops_streamk>(GridwiseGemm_bk0mk1_bk0nk1_mn_xdlops_streamk<128, BlockToCTileMap_GemmStreamK, _Float16, float, _Float16, RowMajor, RowMajor, RowMajor, PassThrough, PassThrough, PassThrough, 32, 64, 4, 32, 32, 8, 1, 1, Sequence, Sequence, Sequence, 2, 8, 8, false, 1, Sequence, Sequence, Sequence, 1, 2, 8, false, 1, 1, 1, 8, Sequence",2,0,55,3541317,3541317,15360,128,8192,0,48,48,80,64,0x0,0x7fb9d6f49180,17726880,98385576,12591774768,7193934662133897,7193813128350658,7193813134390351,7193934951216450
54,"void kernel_gemm_xdlops_streamk<GridwiseGemm_bk0mk1_bk0nk1_mn_xdlops_streamk>(GridwiseGemm_bk0mk1_bk0nk1_mn_xdlops_streamk<128, BlockToCTileMap_GemmStreamK, _Float16, float, _Float16, RowMajor, RowMajor, RowMajor, PassThrough, PassThrough, PassThrough, 32, 64, 4, 32, 32, 8, 1, 1, Sequence, Sequence, Sequence, 2, 8, 8, false, 1, Sequence, Sequence, Sequence, 1, 2, 8, false, 1, 1, 1, 8, Sequence",2,0,56,3541317,3541317,15360,128,8192,0,48,48,80,64,0x0,0x7fb9d6f49180,17726880,97862009,12524908792,7193934662191125,7193813134390351,7193813140424924,7193934957282026
55,"void kernel_gemm_xdlops_streamk<GridwiseGemm_bk0mk1_bk0nk1_mn_xdlops_streamk>(GridwiseGemm_bk0mk1_bk0nk1_mn_xdlops_streamk<128, BlockToCTileMap_GemmStreamK, _Float16, float, _Float16, RowMajor, RowMajor, RowMajor, PassThrough, PassThrough, PassThrough, 32, 64, 4, 32, 32, 8, 1, 1, Sequence, Sequence, Sequence, 2, 8, 8, false, 1, Sequence, Sequence, Sequence, 1, 2, 8, false, 1, 1, 1, 8, Sequence",2,0,57,3541317,3541317,15360,128,8192,0,48,48,80,64,0x0,0x7fb9d6f49180,17726880,98537271,12612858388,7193934662246580,7193813140424924,7193813146468617,7193934963394791
