Index,KernelName,gpu-id,queue-id,queue-index,pid,tid,grd,wgr,lds,scr,arch_vgpr,accum_vgpr,sgpr,wave_size,sig,obj,GRBM_COUNT,GRBM_GUI_ACTIVE,CPC_ME1_BUSY_FOR_PACKET_DECODE,SQ_CYCLES,SQ_WAVES,SQ_WAVE_CYCLES,SQ_BUSY_CYCLES,SQ_LEVEL_WAVES,SQ_ACCUM_PREV_HIRES,DispatchNs,BeginNs,EndNs,CompleteNs
0,__amd_rocclr_fillBufferAligned.kd,2,0,0,3539967,3539967,3932160,256,0,0,8,8,32,64,0x0,0x7f01b1f2d900,68065,68065,21884,544528,61440,26690640,368908,0,108553780,7193902243612919,7193812813750826,7193812813790026,7193902251207975
1,"void kernel_gemm_xdlops_streamk<GridwiseGemm_bk0mk1_bk0nk1_mn_xdlops_streamk>(GridwiseGemm_bk0mk1_bk0nk1_mn_xdlops_streamk<128, BlockToCTileMap_GemmStreamK, _Float16, float, _Float16, RowMajor, RowMajor, RowMajor, PassThrough, PassThrough, PassThrough, 32, 64, 4, 32, 32, 8, 1, 1, Sequence, Sequence, Sequence, 2, 8, 8, false, 1, Sequence, Sequence, Sequence, 1, 2, 8, false, 1, 1, 1, 8, Sequence",2,0,1,3539967,3539967,15360,128,8192,0,48,48,80,64,0x0,0x7f01b1f05180,8885260,8885260,8881233,71082088,240,531604770,70886869,0,2126425648,7193902251073350,7193812813790026,7193812819834999,7193902257382527
2,"void kernel_gemm_xdlops_streamk<GridwiseGemm_bk0mk1_bk0nk1_mn_xdlops_streamk>(GridwiseGemm_bk0mk1_bk0nk1_mn_xdlops_streamk<128, BlockToCTileMap_GemmStreamK, _Float16, float, _Float16, RowMajor, RowMajor, RowMajor, PassThrough, PassThrough, PassThrough, 32, 64, 4, 32, 32, 8, 1, 1, Sequence, Sequence, Sequence, 2, 8, 8, false, 1, Sequence, Sequence, Sequence, 1, 2, 8, false, 1, 1, 1, 8, Sequence",2,0,2,3539967,3539967,15360,128,8192,0,48,48,80,64,0x0,0x7f01b1f05180,8889053,8889053,8884012,71112432,240,532062919,70947556,0,2128258296,7193902251151017,7193812819834999,7193812825887334,7193902263471588
3,"void kernel_gemm_xdlops_streamk<GridwiseGemm_bk0mk1_bk0nk1_mn_xdlops_streamk>(GridwiseGemm_bk0mk1_bk0nk1_mn_xdlops_streamk<128, BlockToCTileMap_GemmStreamK, _Float16, float, _Float16, RowMajor, RowMajor, RowMajor, PassThrough, PassThrough, PassThrough, 32, 64, 4, 32, 32, 8, 1, 1, Sequence, Sequence, Sequence, 2, 8, 8, false, 1, Sequence, Sequence, Sequence, 1, 2, 8, false, 1, 1, 1, 8, Sequence",2,0,3,3539967,3539967,15360,128,8192,0,48,48,80,64,0x0,0x7f01b1f05180,8893100,8893100,8888615,71144808,240,532384970,70991924,0,2129546452,7193902251215198,7193812825887334,7193812831951348,7193902269568183
4,"void kernel_gemm_xdlops_streamk<GridwiseGemm_bk0mk1_bk0nk1_mn_xdlops_streamk>(GridwiseGemm_bk0mk1_bk0nk1_mn_xdlops_streamk<128, BlockToCTileMap_GemmStreamK, _Float16, float, _Float16, RowMajor, RowMajor, RowMajor, PassThrough, PassThrough, PassThrough, 32, 64, 4, 32, 32, 8, 1, 1, Sequence, Sequence, Sequence, 2, 8, 8, false, 1, Sequence, Sequence, Sequence, 1, 2, 8, false, 1, 1, 1, 8, Sequence",2,0,4,3539967,3539967,15360,128,8192,0,48,48,80,64,0x0,0x7f01b1f05180,8877773,8877773,8873623,71022192,240,530994530,70803574,0,2123984712,7193902251285611,7193812831951348,7193812837981282,7193902275637317
5,"void kernel_gemm_xdlops_streamk<GridwiseGemm_bk0mk1_bk0nk1_mn_xdlops_streamk>(GridwiseGemm_bk0mk1_bk0nk1_mn_xdlops_streamk<128, BlockToCTileMap_GemmStreamK, _Float16, float, _Float16, RowMajor, RowMajor, RowMajor, PassThrough, PassThrough, PassThrough, 32, 64, 4, 32, 32, 8, 1, 1, Sequence, Sequence, Sequence, 2, 8, 8, false, 1, Sequence, Sequence, Sequence, 1, 2, 8, false, 1, 1, 1, 8, Sequence",2,0,5,3539967,3539967,15360,128,8192,0,48,48,80,64,0x0,0x7f01b1f05180,8882190,8882190,8878268,71057528,240,531711414,70903784,0,2126852256,7193902251586159,7193812837981282,7193812844037456,7193902281710668
6,"void kernel_gemm_xdlops_streamk<GridwiseGemm_bk0mk1_bk0nk1_mn_xdlops_streamk>(GridwiseGemm_bk0mk1_bk0nk1_mn_xdlops_streamk<128, BlockToCTileMap_GemmStreamK, _Float16, float, _Float16, RowMajor, RowMajor, RowMajor, PassThrough, PassThrough, PassThrough, 32, 64, 4, 32, 32, 8, 1, 1, Sequence, Sequence, Sequence, 2, 8, 8, false, 1, Sequence, Sequence, Sequence, 1, 2, 8, false, 1, 1, 1, 8, Sequence",2,0,8,3539967,3539967,15360,128,8192,0,48,48,80,64,0x0,0x7f01b1f05180,8861237,8861237,8856747,70889904,240,530648978,70763774,0,2122602524,7193902281703475,7193812844065936,7193812850112190,7193902288007912
7,"void kernel_gemm_xdlops_streamk<GridwiseGemm_bk0mk1_bk0nk1_mn_xdlops_streamk>(GridwiseGemm_bk0mk1_bk0nk1_mn_xdlops_streamk<128, BlockToCTileMap_GemmStreamK, _Float16, float, _Float16, RowMajor, RowMajor, RowMajor, PassThrough, PassThrough, PassThrough, 32, 64, 4, 32, 32, 8, 1, 1, Sequence, Sequence, Sequence, 2, 8, 8, false, 1, Sequence, Sequence, Sequence, 1, 2, 8, false, 1, 1, 1, 8, Sequence",2,0,9,3539967,3539967,15360,128,8192,0,48,48,80,64,0x0,0x7f01b1f05180,8891158,8891158,8887244,71129272,240,531829343,70918333,0,2127323936,7193902281889206,7193812850112190,7193812856177004,7193902294099949
8,"void kernel_gemm_xdlops_streamk<GridwiseGemm_bk0mk1_bk0nk1_mn_xdlops_streamk>(GridwiseGemm_bk0mk1_bk0nk1_mn_xdlops_streamk<128, BlockToCTileMap_GemmStreamK, _Float16, float, _Float16, RowMajor, RowMajor, RowMajor, PassThrough, PassThrough, PassThrough, 32, 64, 4, 32, 32, 8, 1, 1, Sequence, Sequence, Sequence, 2, 8, 8, false, 1, Sequence, Sequence, Sequence, 1, 2, 8, false, 1, 1, 1, 8, Sequence",2,0,10,3539967,3539967,15360,128,8192,0,48,48,80,64,0x0,0x7f01b1f05180,8881995,8881995,8876968,71055968,240,531625937,70893170,0,2126510348,7193902281968004,7193812856176828,7193812862227717,7193902300191825
9,"void kernel_gemm_xdlops_streamk<GridwiseGemm_bk0mk1_bk0nk1_mn_xdlops_streamk>(GridwiseGemm_bk0mk1_bk0nk1_mn_xdlops_streamk<128, BlockToCTileMap_GemmStreamK, _Float16, float, _Float16, RowMajor, RowMajor, RowMajor, PassThrough, PassThrough, PassThrough, 32, 64, 4, 32, 32, 8, 1, 1, Sequence, Sequence, Sequence, 2, 8, 8, false, 1, Sequence, Sequence, Sequence, 1, 2, 8, false, 1, 1, 1, 8, Sequence",2,0,11,3539967,3539967,15360,128,8192,0,48,48,80,64,0x0,0x7f01b1f05180,8873846,8873846,8869932,70990776,240,531282080,70842030,0,2125134940,7193902282035802,7193812862227717,7193812868279406,7193902306272791
10,"void kernel_gemm_xdlops_streamk<GridwiseGemm_bk0mk1_bk0nk1_mn_xdlops_streamk>(GridwiseGemm_bk0mk1_bk0nk1_mn_xdlops_streamk<128, BlockToCTileMap_GemmStreamK, _Float16, float, _Float16, RowMajor, RowMajor, RowMajor, PassThrough, PassThrough, PassThrough, 32, 64, 4, 32, 32, 8, 1, 1, Sequence, Sequence, Sequence, 2, 8, 8, false, 1, Sequence, Sequence, Sequence, 1, 2, 8, false, 1, 1, 1, 8, Sequence",2,0,12,3539967,3539967,15360,128,8192,0,48,48,80,64,0x0,0x7f01b1f05180,8881333,8881333,8876416,71050672,240,531574036,70881972,0,2126302756,7193902282098651,7193812868279406,7193812874333015,7193902312361090
11,"void kernel_gemm_xdlops_streamk<GridwiseGemm_bk0mk1_bk0nk1_mn_xdlops_streamk>(GridwiseGemm_bk0mk1_bk0nk1_mn_xdlops_streamk<128, BlockToCTileMap_GemmStreamK, _Float16, float, _Float16, RowMajor, RowMajor, RowMajor, PassThrough, PassThrough, PassThrough, 32, 64, 4, 32, 32, 8, 1, 1, Sequence, Sequence, Sequence, 2, 8, 8, false, 1, Sequence, Sequence, Sequence, 1, 2, 8, false, 1, 1, 1, 8, Sequence",2,0,13,3539967,3539967,15360,128,8192,0,48,48,80,64,0x0,0x7f01b1f05180,8866950,8866950,8863019,70935608,240,530809132,70780342,0,2123243108,7193902282160528,7193812874333015,7193812880361344,7193902318439451
12,"void kernel_gemm_xdlops_streamk<GridwiseGemm_bk0mk1_bk0nk1_mn_xdlops_streamk>(GridwiseGemm_bk0mk1_bk0nk1_mn_xdlops_streamk<128, BlockToCTileMap_GemmStreamK, _Float16, float, _Float16, RowMajor, RowMajor, RowMajor, PassThrough, PassThrough, PassThrough, 32, 64, 4, 32, 32, 8, 1, 1, Sequence, Sequence, Sequence, 2, 8, 8, false, 1, Sequence, Sequence, Sequence, 1, 2, 8, false, 1, 1, 1, 8, Sequence",2,0,14,3539967,3539967,15360,128,8192,0,48,48,80,64,0x0,0x7f01b1f05180,8881410,8881410,8876485,71051288,240,531729975,70905646,0,2126926500,7193902282225801,7193812880361344,7193812886398314,7193902324529344
13,"void kernel_gemm_xdlops_streamk<GridwiseGemm_bk0mk1_bk0nk1_mn_xdlops_streamk>(GridwiseGemm_bk0mk1_bk0nk1_mn_xdlops_streamk<128, BlockToCTileMap_GemmStreamK, _Float16, float, _Float16, RowMajor, RowMajor, RowMajor, PassThrough, PassThrough, PassThrough, 32, 64, 4, 32, 32, 8, 1, 1, Sequence, Sequence, Sequence, 2, 8, 8, false, 1, Sequence, Sequence, Sequence, 1, 2, 8, false, 1, 1, 1, 8, Sequence",2,0,15,3539967,3539967,15360,128,8192,0,48,48,80,64,0x0,0x7f01b1f05180,8880204,8880204,8876229,71041640,240,531359473,70854073,0,2125444488,7193902282289682,7193812886398314,7193812892446323,7193902330617543
14,"void kernel_gemm_xdlops_streamk<GridwiseGemm_bk0mk1_bk0nk1_mn_xdlops_streamk>(GridwiseGemm_bk0mk1_bk0nk1_mn_xdlops_streamk<128, BlockToCTileMap_GemmStreamK, _Float16, float, _Float16, RowMajor, RowMajor, RowMajor, PassThrough, PassThrough, PassThrough, 32, 64, 4, 32, 32, 8, 1, 1, Sequence, Sequence, Sequence, 2, 8, 8, false, 1, Sequence, Sequence, Sequence, 1, 2, 8, false, 1, 1, 1, 8, Sequence",2,0,16,3539967,3539967,15360,128,8192,0,48,48,80,64,0x0,0x7f01b1f05180,8884147,8884147,8879324,71073184,240,531602690,70884675,0,2126417396,7193902282352711,7193812892446323,7193812898500892,7193902336709680
15,"void kernel_gemm_xdlops_streamk<GridwiseGemm_bk0mk1_bk0nk1_mn_xdlops_streamk>(GridwiseGemm_bk0mk1_bk0nk1_mn_xdlops_streamk<128, BlockToCTileMap_GemmStreamK, _Float16, float, _Float16, RowMajor, RowMajor, RowMajor, PassThrough, PassThrough, PassThrough, 32, 64, 4, 32, 32, 8, 1, 1, Sequence, Sequence, Sequence, 2, 8, 8, false, 1, Sequence, Sequence, Sequence, 1, 2, 8, false, 1, 1, 1, 8, Sequence",2,0,17,3539967,3539967,15360,128,8192,0,48,48,80,64,0x0,0x7f01b1f05180,8883686,8883686,8879803,71069496,240,531642573,70897651,0,2126576860,7193902282414728,7193812898500892,7193812904541062,7193902342799142
16,"void kernel_gemm_xdlops_streamk<GridwiseGemm_bk0mk1_bk0nk1_mn_xdlops_streamk>(GridwiseGemm_bk0mk1_bk0nk1_mn_xdlops_streamk<128, BlockToCTileMap_GemmStreamK, _Float16, float, _Float16, RowMajor, RowMajor, RowMajor, PassThrough, PassThrough, PassThrough, 32, 64, 4, 32, 32, 8, 1, 1, Sequence, Sequence, Sequence, 2, 8, 8, false, 1, Sequence, Sequence, Sequence, 1, 2, 8, false, 1, 1, 1, 8, Sequence",2,0,18,3539967,3539967,15360,128,8192,0,48,48,80,64,0x0,0x7f01b1f05180,8867464,8867464,8862524,70939720,240,530895790,70793800,0,2123589756,7193902282480563,7193812904541062,7193812910575471,7193902348877984
17,"void kernel_gemm_xdlops_streamk<GridwiseGemm_bk0mk1_bk0nk1_mn_xdlops_streamk>(GridwiseGemm_bk0mk1_bk0nk1_mn_xdlops_streamk<128, BlockToCTileMap_GemmStreamK, _Float16, float, _Float16, RowMajor, RowMajor, RowMajor, PassThrough, PassThrough, PassThrough, 32, 64, 4, 32, 32, 8, 1, 1, Sequence, Sequence, Sequence, 2, 8, 8, false, 1, Sequence, Sequence, Sequence, 1, 2, 8, false, 1, 1, 1, 8, Sequence",2,0,19,3539967,3539967,15360,128,8192,0,48,48,80,64,0x0,0x7f01b1f05180,8886718,8886718,8882817,71093752,240,531814911,70918427,0,2127266248,7193902282543922,7193812910575471,7193812916621080,7193902354972345
18,"void kernel_gemm_xdlops_streamk<GridwiseGemm_bk0mk1_bk0nk1_mn_xdlops_streamk>(GridwiseGemm_bk0mk1_bk0nk1_mn_xdlops_streamk<128, BlockToCTileMap_GemmStreamK, _Float16, float, _Float16, RowMajor, RowMajor, RowMajor, PassThrough, PassThrough, PassThrough, 32, 64, 4, 32, 32, 8, 1, 1, Sequence, Sequence, Sequence, 2, 8, 8, false, 1, Sequence, Sequence, Sequence, 1, 2, 8, false, 1, 1, 1, 8, Sequence",2,0,20,3539967,3539967,15360,128,8192,0,48,48,80,64,0x0,0x7f01b1f05180,8880354,8880354,8875455,71042840,240,531735074,70907470,0,2126946908,7193902282606971,7193812916621105,7193812922676954,7193902361062257
19,"void kernel_gemm_xdlops_streamk<GridwiseGemm_bk0mk1_bk0nk1_mn_xdlops_streamk>(GridwiseGemm_bk0mk1_bk0nk1_mn_xdlops_streamk<128, BlockToCTileMap_GemmStreamK, _Float16, float, _Float16, RowMajor, RowMajor, RowMajor, PassThrough, PassThrough, PassThrough, 32, 64, 4, 32, 32, 8, 1, 1, Sequence, Sequence, Sequence, 2, 8, 8, false, 1, Sequence, Sequence, Sequence, 1, 2, 8, false, 1, 1, 1, 8, Sequence",2,0,21,3539967,3539967,15360,128,8192,0,48,48,80,64,0x0,0x7f01b1f05180,8879350,8879350,8875425,71034808,240,531353566,70852971,0,2125420832,7193902282680620,7193812922676954,7193812928714723,7193902367147751
20,"void kernel_gemm_xdlops_streamk<GridwiseGemm_bk0mk1_bk0nk1_mn_xdlops_streamk>(GridwiseGemm_bk0mk1_bk0nk1_mn_xdlops_streamk<128, BlockToCTileMap_GemmStreamK, _Float16, float, _Float16, RowMajor, RowMajor, RowMajor, PassThrough, PassThrough, PassThrough, 32, 64, 4, 32, 32, 8, 1, 1, Sequence, Sequence, Sequence, 2, 8, 8, false, 1, Sequence, Sequence, Sequence, 1, 2, 8, false, 1, 1, 1, 8, Sequence",2,0,22,3539967,3539967,15360,128,8192,0,48,48,80,64,0x0,0x7f01b1f05180,8874285,8874285,8869407,70994288,240,530862955,70787911,0,2123458428,7193902282742337,7193812928714723,7193812934748813,7193902373233035
21,"void kernel_gemm_xdlops_streamk<GridwiseGemm_bk0mk1_bk0nk1_mn_xdlops_streamk>(GridwiseGemm_bk0mk1_bk0nk1_mn_xdlops_streamk<128, BlockToCTileMap_GemmStreamK, _Float16, float, _Float16, RowMajor, RowMajor, RowMajor, PassThrough, PassThrough, PassThrough, 32, 64, 4, 32, 32, 8, 1, 1, Sequence, Sequence, Sequence, 2, 8, 8, false, 1, Sequence, Sequence, Sequence, 1, 2, 8, false, 1, 1, 1, 8, Sequence",2,0,23,3539967,3539967,15360,128,8192,0,48,48,80,64,0x0,0x7f01b1f05180,8882022,8882022,8878043,71056184,240,531730668,70908133,0,2126929276,7193902282830393,7193812934748813,7193812940826743,7193902379321575
22,"void kernel_gemm_xdlops_streamk<GridwiseGemm_bk0mk1_bk0nk1_mn_xdlops_streamk>(GridwiseGemm_bk0mk1_bk0nk1_mn_xdlops_streamk<128, BlockToCTileMap_GemmStreamK, _Float16, float, _Float16, RowMajor, RowMajor, RowMajor, PassThrough, PassThrough, PassThrough, 32, 64, 4, 32, 32, 8, 1, 1, Sequence, Sequence, Sequence, 2, 8, 8, false, 1, Sequence, Sequence, Sequence, 1, 2, 8, false, 1, 1, 1, 8, Sequence",2,0,24,3539967,3539967,15360,128,8192,0,48,48,80,64,0x0,0x7f01b1f05180,8875851,8875851,8871594,71006816,240,531031895,70812702,0,2124134180,7193902282892420,7193812940826743,7193812946884353,7193902385408172
23,"void kernel_gemm_xdlops_streamk<GridwiseGemm_bk0mk1_bk0nk1_mn_xdlops_streamk>(GridwiseGemm_bk0mk1_bk0nk1_mn_xdlops_streamk<128, BlockToCTileMap_GemmStreamK, _Float16, float, _Float16, RowMajor, RowMajor, RowMajor, PassThrough, PassThrough, PassThrough, 32, 64, 4, 32, 32, 8, 1, 1, Sequence, Sequence, Sequence, 2, 8, 8, false, 1, Sequence, Sequence, Sequence, 1, 2, 8, false, 1, 1, 1, 8, Sequence",2,0,25,3539967,3539967,15360,128,8192,0,48,48,80,64,0x0,0x7f01b1f05180,8880996,8880996,8877045,71047976,240,531798965,70916271,0,2127202436,7193902282963314,7193812946884353,7193812952940043,7193902391496411
24,"void kernel_gemm_xdlops_streamk<GridwiseGemm_bk0mk1_bk0nk1_mn_xdlops_streamk>(GridwiseGemm_bk0mk1_bk0nk1_mn_xdlops_streamk<128, BlockToCTileMap_GemmStreamK, _Float16, float, _Float16, RowMajor, RowMajor, RowMajor, PassThrough, PassThrough, PassThrough, 32, 64, 4, 32, 32, 8, 1, 1, Sequence, Sequence, Sequence, 2, 8, 8, false, 1, Sequence, Sequence, Sequence, 1, 2, 8, false, 1, 1, 1, 8, Sequence",2,0,26,3539967,3539967,15360,128,8192,0,48,48,80,64,0x0,0x7f01b1f05180,8885754,8885754,8880991,71086040,240,531859214,70921047,0,2127443448,7193902283026854,7193812952940043,7193812958991252,7193902397588047
25,"void kernel_gemm_xdlops_streamk<GridwiseGemm_bk0mk1_bk0nk1_mn_xdlops_streamk>(GridwiseGemm_bk0mk1_bk0nk1_mn_xdlops_streamk<128, BlockToCTileMap_GemmStreamK, _Float16, float, _Float16, RowMajor, RowMajor, RowMajor, PassThrough, PassThrough, PassThrough, 32, 64, 4, 32, 32, 8, 1, 1, Sequence, Sequence, Sequence, 2, 8, 8, false, 1, Sequence, Sequence, Sequence, 1, 2, 8, false, 1, 1, 1, 8, Sequence",2,0,27,3539967,3539967,15360,128,8192,0,48,48,80,64,0x0,0x7f01b1f05180,8897038,8897038,8893164,71176312,240,531958325,70935793,0,2127839908,7193902283091476,7193812958991252,7193812965030782,7193902403692587
26,"void kernel_gemm_xdlops_streamk<GridwiseGemm_bk0mk1_bk0nk1_mn_xdlops_streamk>(GridwiseGemm_bk0mk1_bk0nk1_mn_xdlops_streamk<128, BlockToCTileMap_GemmStreamK, _Float16, float, _Float16, RowMajor, RowMajor, RowMajor, PassThrough, PassThrough, PassThrough, 32, 64, 4, 32, 32, 8, 1, 1, Sequence, Sequence, Sequence, 2, 8, 8, false, 1, Sequence, Sequence, Sequence, 1, 2, 8, false, 1, 1, 1, 8, Sequence",2,0,28,3539967,3539967,15360,128,8192,0,48,48,80,64,0x0,0x7f01b1f05180,8875506,8875506,8870609,71004056,240,531106266,70822876,0,2124431680,7193902283154275,7193812965030782,7193812971060872,7193902409775587
27,"void kernel_gemm_xdlops_streamk<GridwiseGemm_bk0mk1_bk0nk1_mn_xdlops_streamk>(GridwiseGemm_bk0mk1_bk0nk1_mn_xdlops_streamk<128, BlockToCTileMap_GemmStreamK, _Float16, float, _Float16, RowMajor, RowMajor, RowMajor, PassThrough, PassThrough, PassThrough, 32, 64, 4, 32, 32, 8, 1, 1, Sequence, Sequence, Sequence, 2, 8, 8, false, 1, Sequence, Sequence, Sequence, 1, 2, 8, false, 1, 1, 1, 8, Sequence",2,0,29,3539967,3539967,15360,128,8192,0,48,48,80,64,0x0,0x7f01b1f05180,8878774,8878774,8874891,71030200,240,531261514,70842800,0,2125052628,7193902283215701,7193812971060872,7193812977113362,7193902415863916
28,"void kernel_gemm_xdlops_streamk<GridwiseGemm_bk0mk1_bk0nk1_mn_xdlops_streamk>(GridwiseGemm_bk0mk1_bk0nk1_mn_xdlops_streamk<128, BlockToCTileMap_GemmStreamK, _Float16, float, _Float16, RowMajor, RowMajor, RowMajor, PassThrough, PassThrough, PassThrough, 32, 64, 4, 32, 32, 8, 1, 1, Sequence, Sequence, Sequence, 2, 8, 8, false, 1, Sequence, Sequence, Sequence, 1, 2, 8, false, 1, 1, 1, 8, Sequence",2,0,30,3539967,3539967,15360,128,8192,0,48,48,80,64,0x0,0x7f01b1f05180,8896930,8896930,8891762,71175448,240,532563689,71015842,0,2130261348,7193902283276446,7193812977113362,7193812983158332,7193902421963938
29,"void kernel_gemm_xdlops_streamk<GridwiseGemm_bk0mk1_bk0nk1_mn_xdlops_streamk>(GridwiseGemm_bk0mk1_bk0nk1_mn_xdlops_streamk<128, BlockToCTileMap_GemmStreamK, _Float16, float, _Float16, RowMajor, RowMajor, RowMajor, PassThrough, PassThrough, PassThrough, 32, 64, 4, 32, 32, 8, 1, 1, Sequence, Sequence, Sequence, 2, 8, 8, false, 1, Sequence, Sequence, Sequence, 1, 2, 8, false, 1, 1, 1, 8, Sequence",2,0,31,3539967,3539967,15360,128,8192,0,48,48,80,64,0x0,0x7f01b1f05180,8880422,8880422,8876483,71043384,240,531599309,70887939,0,2126403836,7193902283340817,7193812983158525,7193812989209738,7193902428057708
30,"void kernel_gemm_xdlops_streamk<GridwiseGemm_bk0mk1_bk0nk1_mn_xdlops_streamk>(GridwiseGemm_bk0mk1_bk0nk1_mn_xdlops_streamk<128, BlockToCTileMap_GemmStreamK, _Float16, float, _Float16, RowMajor, RowMajor, RowMajor, PassThrough, PassThrough, PassThrough, 32, 64, 4, 32, 32, 8, 1, 1, Sequence, Sequence, Sequence, 2, 8, 8, false, 1, Sequence, Sequence, Sequence, 1, 2, 8, false, 1, 1, 1, 8, Sequence",2,0,32,3539967,3539967,15360,128,8192,0,48,48,80,64,0x0,0x7f01b1f05180,8862610,8862610,8857774,70900888,240,530685608,70766392,0,2122749052,7193902283404367,7193812989209738,7193812995257910,7193902434134085
31,"void kernel_gemm_xdlops_streamk<GridwiseGemm_bk0mk1_bk0nk1_mn_xdlops_streamk>(GridwiseGemm_bk0mk1_bk0nk1_mn_xdlops_streamk<128, BlockToCTileMap_GemmStreamK, _Float16, float, _Float16, RowMajor, RowMajor, RowMajor, PassThrough, PassThrough, PassThrough, 32, 64, 4, 32, 32, 8, 1, 1, Sequence, Sequence, Sequence, 2, 8, 8, false, 1, Sequence, Sequence, Sequence, 1, 2, 8, false, 1, 1, 1, 8, Sequence",2,0,33,3539967,3539967,15360,128,8192,0,48,48,80,64,0x0,0x7f01b1f05180,8867420,8867420,8863526,70939368,240,530899443,70793985,0,2123604332,7193902283467887,7193812995257910,7193813001296324,7193902440212556
32,"void kernel_gemm_xdlops_streamk<GridwiseGemm_bk0mk1_bk0nk1_mn_xdlops_streamk>(GridwiseGemm_bk0mk1_bk0nk1_mn_xdlops_streamk<128, BlockToCTileMap_GemmStreamK, _Float16, float, _Float16, RowMajor, RowMajor, RowMajor, PassThrough, PassThrough, PassThrough, 32, 64, 4, 32, 32, 8, 1, 1, Sequence, Sequence, Sequence, 2, 8, 8, false, 1, Sequence, Sequence, Sequence, 1, 2, 8, false, 1, 1, 1, 8, Sequence",2,0,34,3539967,3539967,15360,128,8192,0,48,48,80,64,0x0,0x7f01b1f05180,8878757,8878757,8873789,71030064,240,531215957,70835382,0,2124870432,7193902283532129,7193813001296324,7193813007328817,7193902446296607
33,"void kernel_gemm_xdlops_streamk<GridwiseGemm_bk0mk1_bk0nk1_mn_xdlops_streamk>(GridwiseGemm_bk0mk1_bk0nk1_mn_xdlops_streamk<128, BlockToCTileMap_GemmStreamK, _Float16, float, _Float16, RowMajor, RowMajor, RowMajor, PassThrough, PassThrough, PassThrough, 32, 64, 4, 32, 32, 8, 1, 1, Sequence, Sequence, Sequence, 2, 8, 8, false, 1, Sequence, Sequence, Sequence, 1, 2, 8, false, 1, 1, 1, 8, Sequence",2,0,35,3539967,3539967,15360,128,8192,0,48,48,80,64,0x0,0x7f01b1f05180,8887606,8887606,8883691,71100856,240,531683474,70898180,0,2126740488,7193902283593114,7193813007328817,7193813013379390,7193902452394175
34,"void kernel_gemm_xdlops_streamk<GridwiseGemm_bk0mk1_bk0nk1_mn_xdlops_streamk>(GridwiseGemm_bk0mk1_bk0nk1_mn_xdlops_streamk<128, BlockToCTileMap_GemmStreamK, _Float16, float, _Float16, RowMajor, RowMajor, RowMajor, PassThrough, PassThrough, PassThrough, 32, 64, 4, 32, 32, 8, 1, 1, Sequence, Sequence, Sequence, 2, 8, 8, false, 1, Sequence, Sequence, Sequence, 1, 2, 8, false, 1, 1, 1, 8, Sequence",2,0,36,3539967,3539967,15360,128,8192,0,48,48,80,64,0x0,0x7f01b1f05180,8881352,8881352,8876306,71050824,240,531753530,70909355,0,2127020724,7193902283654680,7193813013379390,7193813019407243,7193902458484488
35,"void kernel_gemm_xdlops_streamk<GridwiseGemm_bk0mk1_bk0nk1_mn_xdlops_streamk>(GridwiseGemm_bk0mk1_bk0nk1_mn_xdlops_streamk<128, BlockToCTileMap_GemmStreamK, _Float16, float, _Float16, RowMajor, RowMajor, RowMajor, PassThrough, PassThrough, PassThrough, 32, 64, 4, 32, 32, 8, 1, 1, Sequence, Sequence, Sequence, 2, 8, 8, false, 1, Sequence, Sequence, Sequence, 1, 2, 8, false, 1, 1, 1, 8, Sequence",2,0,37,3539967,3539967,15360,128,8192,0,48,48,80,64,0x0,0x7f01b1f05180,8905981,8905981,8901983,71247856,240,532715682,71034705,0,2130869300,7193902283717078,7193813019407243,7193813025447416,7193902464590220
36,"void kernel_gemm_xdlops_streamk<GridwiseGemm_bk0mk1_bk0nk1_mn_xdlops_streamk>(GridwiseGemm_bk0mk1_bk0nk1_mn_xdlops_streamk<128, BlockToCTileMap_GemmStreamK, _Float16, float, _Float16, RowMajor, RowMajor, RowMajor, PassThrough, PassThrough, PassThrough, 32, 64, 4, 32, 32, 8, 1, 1, Sequence, Sequence, Sequence, 2, 8, 8, false, 1, Sequence, Sequence, Sequence, 1, 2, 8, false, 1, 1, 1, 8, Sequence",2,0,38,3539967,3539967,15360,128,8192,0,48,48,80,64,0x0,0x7f01b1f05180,8879629,8879629,8874583,71037040,240,531081581,70816662,0,2124332936,7193902283784235,7193813025447416,7193813031496709,7193902470678109
37,"void kernel_gemm_xdlops_streamk<GridwiseGemm_bk0mk1_bk0nk1_mn_xdlops_streamk>(GridwiseGemm_bk0mk1_bk0nk1_mn_xdlops_streamk<128, BlockToCTileMap_GemmStreamK, _Float16, float, _Float16, RowMajor, RowMajor, RowMajor, PassThrough, PassThrough, PassThrough, 32, 64, 4, 32, 32, 8, 1, 1, Sequence, Sequence, Sequence, 2, 8, 8, false, 1, Sequence, Sequence, Sequence, 1, 2, 8, false, 1, 1, 1, 8, Sequence",2,0,39,3539967,3539967,15360,128,8192,0,48,48,80,64,0x0,0x7f01b1f05180,8892494,8892494,8888604,71139960,240,531915949,70927456,0,2127670404,7193902283847905,7193813031496709,7193813037552082,7193902476773913
38,"void kernel_gemm_xdlops_streamk<GridwiseGemm_bk0mk1_bk0nk1_mn_xdlops_streamk>(GridwiseGemm_bk0mk1_bk0nk1_mn_xdlops_streamk<128, BlockToCTileMap_GemmStreamK, _Float16, float, _Float16, RowMajor, RowMajor, RowMajor, PassThrough, PassThrough, PassThrough, 32, 64, 4, 32, 32, 8, 1, 1, Sequence, Sequence, Sequence, 2, 8, 8, false, 1, Sequence, Sequence, Sequence, 1, 2, 8, false, 1, 1, 1, 8, Sequence",2,0,40,3539967,3539967,15360,128,8192,0,48,48,80,64,0x0,0x7f01b1f05180,8865800,8865800,8860886,70926408,240,530461607,70736555,0,2121853044,7193902283909792,7193813037552082,7193813043596095,7193902482851432
39,"void kernel_gemm_xdlops_streamk<GridwiseGemm_bk0mk1_bk0nk1_mn_xdlops_streamk>(GridwiseGemm_bk0mk1_bk0nk1_mn_xdlops_streamk<128, BlockToCTileMap_GemmStreamK, _Float16, float, _Float16, RowMajor, RowMajor, RowMajor, PassThrough, PassThrough, PassThrough, 32, 64, 4, 32, 32, 8, 1, 1, Sequence, Sequence, Sequence, 2, 8, 8, false, 1, Sequence, Sequence, Sequence, 1, 2, 8, false, 1, 1, 1, 8, Sequence",2,0,41,3539967,3539967,15360,128,8192,0,48,48,80,64,0x0,0x7f01b1f05180,8882740,8882740,8878783,71061928,240,531748617,70905886,0,2127001040,7193902283987589,7193813043596095,7193813049661868,7193902488942667
40,"void kernel_gemm_xdlops_streamk<GridwiseGemm_bk0mk1_bk0nk1_mn_xdlops_streamk>(GridwiseGemm_bk0mk1_bk0nk1_mn_xdlops_streamk<128, BlockToCTileMap_GemmStreamK, _Float16, float, _Float16, RowMajor, RowMajor, RowMajor, PassThrough, PassThrough, PassThrough, 32, 64, 4, 32, 32, 8, 1, 1, Sequence, Sequence, Sequence, 2, 8, 8, false, 1, Sequence, Sequence, Sequence, 1, 2, 8, false, 1, 1, 1, 8, Sequence",2,0,42,3539967,3539967,15360,128,8192,0,48,48,80,64,0x0,0x7f01b1f05180,8870496,8870496,8865582,70963976,240,530997590,70805997,0,2123996952,7193902284053493,7193813049661815,7193813055700387,7193902495024715
41,"void kernel_gemm_xdlops_streamk<GridwiseGemm_bk0mk1_bk0nk1_mn_xdlops_streamk>(GridwiseGemm_bk0mk1_bk0nk1_mn_xdlops_streamk<128, BlockToCTileMap_GemmStreamK, _Float16, float, _Float16, RowMajor, RowMajor, RowMajor, PassThrough, PassThrough, PassThrough, 32, 64, 4, 32, 32, 8, 1, 1, Sequence, Sequence, Sequence, 2, 8, 8, false, 1, Sequence, Sequence, Sequence, 1, 2, 8, false, 1, 1, 1, 8, Sequence",2,0,43,3539967,3539967,15360,128,8192,0,48,48,80,64,0x0,0x7f01b1f05180,8856836,8856836,8852879,70854696,240,530280989,70711907,0,2121130556,7193902284118176,7193813055700387,7193813061746799,7193902501099730
42,"void kernel_gemm_xdlops_streamk<GridwiseGemm_bk0mk1_bk0nk1_mn_xdlops_streamk>(GridwiseGemm_bk0mk1_bk0nk1_mn_xdlops_streamk<128, BlockToCTileMap_GemmStreamK, _Float16, float, _Float16, RowMajor, RowMajor, RowMajor, PassThrough, PassThrough, PassThrough, 32, 64, 4, 32, 32, 8, 1, 1, Sequence, Sequence, Sequence, 2, 8, 8, false, 1, Sequence, Sequence, Sequence, 1, 2, 8, false, 1, 1, 1, 8, Sequence",2,0,44,3539967,3539967,15360,128,8192,0,48,48,80,64,0x0,0x7f01b1f05180,8880762,8880762,8875934,71046104,240,530717008,70773483,0,2122874652,7193902284180093,7193813061746799,7193813067788731,7193902507182739
43,"void kernel_gemm_xdlops_streamk<GridwiseGemm_bk0mk1_bk0nk1_mn_xdlops_streamk>(GridwiseGemm_bk0mk1_bk0nk1_mn_xdlops_streamk<128, BlockToCTileMap_GemmStreamK, _Float16, float, _Float16, RowMajor, RowMajor, RowMajor, PassThrough, PassThrough, PassThrough, 32, 64, 4, 32, 32, 8, 1, 1, Sequence, Sequence, Sequence, 2, 8, 8, false, 1, Sequence, Sequence, Sequence, 1, 2, 8, false, 1, 1, 1, 8, Sequence",2,0,45,3539967,3539967,15360,128,8192,0,48,48,80,64,0x0,0x7f01b1f05180,8882236,8882236,8878343,71057896,240,531515810,70874916,0,2126069820,7193902284242741,7193813067788731,7193813073828743,7193902513272682
44,"void kernel_gemm_xdlops_streamk<GridwiseGemm_bk0mk1_bk0nk1_mn_xdlops_streamk>(GridwiseGemm_bk0mk1_bk0nk1_mn_xdlops_streamk<128, BlockToCTileMap_GemmStreamK, _Float16, float, _Float16, RowMajor, RowMajor, RowMajor, PassThrough, PassThrough, PassThrough, 32, 64, 4, 32, 32, 8, 1, 1, Sequence, Sequence, Sequence, 2, 8, 8, false, 1, Sequence, Sequence, Sequence, 1, 2, 8, false, 1, 1, 1, 8, Sequence",2,0,46,3539967,3539967,15360,128,8192,0,48,48,80,64,0x0,0x7f01b1f05180,8878016,8878016,8873089,71024136,240,531388584,70858965,0,2125560924,7193902284307173,7193813073828743,7193813079879956,7193902519358907
45,"void kernel_gemm_xdlops_streamk<GridwiseGemm_bk0mk1_bk0nk1_mn_xdlops_streamk>(GridwiseGemm_bk0mk1_bk0nk1_mn_xdlops_streamk<128, BlockToCTileMap_GemmStreamK, _Float16, float, _Float16, RowMajor, RowMajor, RowMajor, PassThrough, PassThrough, PassThrough, 32, 64, 4, 32, 32, 8, 1, 1, Sequence, Sequence, Sequence, 2, 8, 8, false, 1, Sequence, Sequence, Sequence, 1, 2, 8, false, 1, 1, 1, 8, Sequence",2,0,47,3539967,3539967,15360,128,8192,0,48,48,80,64,0x0,0x7f01b1f05180,8895557,8895557,8891151,71164464,240,532457180,71001563,0,2129835316,7193902284372786,7193813079879956,7193813085936448,7193902525457557
46,"void kernel_gemm_xdlops_streamk<GridwiseGemm_bk0mk1_bk0nk1_mn_xdlops_streamk>(GridwiseGemm_bk0mk1_bk0nk1_mn_xdlops_streamk<128, BlockToCTileMap_GemmStreamK, _Float16, float, _Float16, RowMajor, RowMajor, RowMajor, PassThrough, PassThrough, PassThrough, 32, 64, 4, 32, 32, 8, 1, 1, Sequence, Sequence, Sequence, 2, 8, 8, false, 1, Sequence, Sequence, Sequence, 1, 2, 8, false, 1, 1, 1, 8, Sequence",2,0,48,3539967,3539967,15360,128,8192,0,48,48,80,64,0x0,0x7f01b1f05180,8865170,8865170,8860372,70921368,240,530813966,70784184,0,2123262476,7193902284435836,7193813085936448,7193813091996620,7193902531539794
47,"void kernel_gemm_xdlops_streamk<GridwiseGemm_bk0mk1_bk0nk1_mn_xdlops_streamk>(GridwiseGemm_bk0mk1_bk0nk1_mn_xdlops_streamk<128, BlockToCTileMap_GemmStreamK, _Float16, float, _Float16, RowMajor, RowMajor, RowMajor, PassThrough, PassThrough, PassThrough, 32, 64, 4, 32, 32, 8, 1, 1, Sequence, Sequence, Sequence, 2, 8, 8, false, 1, Sequence, Sequence, Sequence, 1, 2, 8, false, 1, 1, 1, 8, Sequence",2,0,49,3539967,3539967,15360,128,8192,0,48,48,80,64,0x0,0x7f01b1f05180,8894934,8894934,8890979,71159480,240,531849111,70922018,0,2127403012,7193902284496680,7193813091996620,7193813098041753,7193902537635117
48,"void kernel_gemm_xdlops_streamk<GridwiseGemm_bk0mk1_bk0nk1_mn_xdlops_streamk>(GridwiseGemm_bk0mk1_bk0nk1_mn_xdlops_streamk<128, BlockToCTileMap_GemmStreamK, _Float16, float, _Float16, RowMajor, RowMajor, RowMajor, PassThrough, PassThrough, PassThrough, 32, 64, 4, 32, 32, 8, 1, 1, Sequence, Sequence, Sequence, 2, 8, 8, false, 1, Sequence, Sequence, Sequence, 1, 2, 8, false, 1, 1, 1, 8, Sequence",2,0,50,3539967,3539967,15360,128,8192,0,48,48,80,64,0x0,0x7f01b1f05180,8865304,8865304,8860340,70922440,240,530789304,70778422,0,2123163808,7193902284558717,7193813098041753,7193813104081285,7193902543711304
49,"void kernel_gemm_xdlops_streamk<GridwiseGemm_bk0mk1_bk0nk1_mn_xdlops_streamk>(GridwiseGemm_bk0mk1_bk0nk1_mn_xdlops_streamk<128, BlockToCTileMap_GemmStreamK, _Float16, float, _Float16, RowMajor, RowMajor, RowMajor, PassThrough, PassThrough, PassThrough, 32, 64, 4, 32, 32, 8, 1, 1, Sequence, Sequence, Sequence, 2, 8, 8, false, 1, Sequence, Sequence, Sequence, 1, 2, 8, false, 1, 1, 1, 8, Sequence",2,0,51,3539967,3539967,15360,128,8192,0,48,48,80,64,0x0,0x7f01b1f05180,8899070,8899070,8895138,71192568,240,532094441,70953402,0,2128384380,7193902284630323,7193813104081285,7193813110129297,7193902549814482
50,"void kernel_gemm_xdlops_streamk<GridwiseGemm_bk0mk1_bk0nk1_mn_xdlops_streamk>(GridwiseGemm_bk0mk1_bk0nk1_mn_xdlops_streamk<128, BlockToCTileMap_GemmStreamK, _Float16, float, _Float16, RowMajor, RowMajor, RowMajor, PassThrough, PassThrough, PassThrough, 32, 64, 4, 32, 32, 8, 1, 1, Sequence, Sequence, Sequence, 2, 8, 8, false, 1, Sequence, Sequence, Sequence, 1, 2, 8, false, 1, 1, 1, 8, Sequence",2,0,52,3539967,3539967,15360,128,8192,0,48,48,80,64,0x0,0x7f01b1f05180,8884765,8884765,8879935,71078128,240,531594594,70887006,0,2126384984,7193902284691799,7193813110129297,7193813116248670,7193902555904575
51,"void kernel_gemm_xdlops_streamk<GridwiseGemm_bk0mk1_bk0nk1_mn_xdlops_streamk>(GridwiseGemm_bk0mk1_bk0nk1_mn_xdlops_streamk<128, BlockToCTileMap_GemmStreamK, _Float16, float, _Float16, RowMajor, RowMajor, RowMajor, PassThrough, PassThrough, PassThrough, 32, 64, 4, 32, 32, 8, 1, 1, Sequence, Sequence, Sequence, 2, 8, 8, false, 1, Sequence, Sequence, Sequence, 1, 2, 8, false, 1, 1, 1, 8, Sequence",2,0,53,3539967,3539967,15360,128,8192,0,48,48,80,64,0x0,0x7f01b1f05180,8887142,8887142,8883218,71097144,240,531335740,70851682,0,2125349532,7193902284753125,7193813116248713,7193813122299606,7193902562001561
52,"void kernel_gemm_xdlops_streamk<GridwiseGemm_bk0mk1_bk0nk1_mn_xdlops_streamk>(GridwiseGemm_bk0mk1_bk0nk1_mn_xdlops_streamk<128, BlockToCTileMap_GemmStreamK, _Float16, float, _Float16, RowMajor, RowMajor, RowMajor, PassThrough, PassThrough, PassThrough, 32, 64, 4, 32, 32, 8, 1, 1, Sequence, Sequence, Sequence, 2, 8, 8, false, 1, Sequence, Sequence, Sequence, 1, 2, 8, false, 1, 1, 1, 8, Sequence",2,0,54,3539967,3539967,15360,128,8192,0,48,48,80,64,0x0,0x7f01b1f05180,8858016,8858016,8853067,70864136,240,530369641,70725837,0,2121485156,7193902284814952,7193813122299606,7193813128350658,7193902568070353
53,"void kernel_gemm_xdlops_streamk<GridwiseGemm_bk0mk1_bk0nk1_mn_xdlops_streamk>(GridwiseGemm_bk0mk1_bk0nk1_mn_xdlops_streamk<128, BlockToCTileMap_GemmStreamK, _Float16, float, _Float16, RowMajor, RowMajor, RowMajor, PassThrough, PassThrough, PassThrough, 32, 64, 4, 32, 32, 8, 1, 1, Sequence, Sequence, Sequence, 2, 8, 8, false, 1, Sequence, Sequence, Sequence, 1, 2, 8, false, 1, 1, 1, 8, Sequence",2,0,55,3539967,3539967,15360,128,8192,0,48,48,80,64,0x0,0x7f01b1f05180,8883630,8883630,8879649,71069048,240,531067607,70817239,0,2124277036,7193902284876057,7193813128350658,7193813134390351,7193902574161518
54,"void kernel_gemm_xdlops_streamk<GridwiseGemm_bk0mk1_bk0nk1_mn_xdlops_streamk>(GridwiseGemm_bk0mk1_bk0nk1_mn_xdlops_streamk<128, BlockToCTileMap_GemmStreamK, _Float16, float, _Float16, RowMajor, RowMajor, RowMajor, PassThrough, PassThrough, PassThrough, 32, 64, 4, 32, 32, 8, 1, 1, Sequence, Sequence, Sequence, 2, 8, 8, false, 1, Sequence, Sequence, Sequence, 1, 2, 8, false, 1, 1, 1, 8, Sequence",2,0,56,3539967,3539967,15360,128,8192,0,48,48,80,64,0x0,0x7f01b1f05180,8868781,8868781,8863899,70950256,240,530821584,70783098,0,2123292956,7193902284948865,7193813134390351,7193813140424924,7193902580241362
55,"void kernel_gemm_xdlops_streamk<GridwiseGemm_bk0mk1_bk0nk1_mn_xdlops_streamk>(GridwiseGemm_bk0mk1_bk0nk1_mn_xdlops_streamk<128, BlockToCTileMap_GemmStreamK, _Float16, float, _Float16, RowMajor, RowMajor, RowMajor, PassThrough, PassThrough, PassThrough, 32, 64, 4, 32, 32, 8, 1, 1, Sequence, Sequence, Sequence, 2, 8, 8, false, 1, Sequence, Sequence, Sequence, 1, 2, 8, false, 1, 1, 1, 8, Sequence",2,0,57,3539967,3539967,15360,128,8192,0,48,48,80,64,0x0,0x7f01b1f05180,8896380,8896380,8892398,71171048,240,532359101,70995116,0,2129442980,7193902285015019,7193813140424924,7193813146468617,7193902586367042
