"Name","Calls","TotalDurationNs","AverageNs","Percentage"
"hsa_signal_wait_scacquire",7,92573076,13224725,84.53374985710235
"hsa_queue_create",1,11186022,11186022,10.214593988904978
"hsa_amd_memory_lock_to_pool",3,1585806,528602,1.448089806650608
"hsa_amd_memory_pool_allocate",13,1197160,92089,1.0931950017403402
"hsa_amd_memory_async_copy",3,976335,325445,0.8915471131880075
"hsa_amd_agents_allow_access",10,462683,46268,0.4225022077167846
"hsa_executable_freeze",2,375409,187704,0.3428073460592898
"hsa_signal_store_screlease",59,290921,4930,0.2656565397284419
"hsa_executable_load_agent_code_object",2,271913,135956,0.24829925198655245
"hsa_amd_memory_pool_free",3,208093,69364,0.1900215739726959
"hsa_agent_get_info",179,129211,721,0.11798992563222217
"hsa_executable_iterate_symbols",16,48841,3052,0.04459949971599449
"hsa_signal_create",42,48458,1153,0.04424976059535351
"hsa_code_object_reader_create_from_memory",2,38732,19366,0.035368395876413224
"hsa_isa_get_info_alt",8,29127,3640,0.026597523151200248
"hsa_executable_symbol_get_info",258,12289,47,0.011221786040618666
"hsa_amd_pointer_info",12,11310,942,0.010327805364097737
"hsa_executable_create_alt",2,10591,5295,0.009671245500544575
"hsa_amd_agent_iterate_memory_pools",7,10520,1502,0.009606411355464917
"hsa_iterate_agents",1,9057,9057,0.008270462704034767
"hsa_signal_load_relaxed",40,6300,157,0.005752888929603514
"hsa_executable_get_symbol_by_name",16,3866,241,0.0035302648574360614
"hsa_queue_add_write_index_screlease",59,3764,63,0.0034371228461948615
"hsa_amd_signal_async_handler",2,3326,1663,0.0030371600920414744
"hsa_queue_load_read_index_scacquire",59,3222,54,0.002942191766854369
"hsa_amd_agent_memory_pool_get_info",48,3045,63,0.002780562982641699
"hsa_amd_memory_pool_get_info",52,2972,57,0.002713902523616134
"hsa_queue_load_read_index_relaxed",59,2846,48,0.002598844745024064
"hsa_amd_profiling_get_dispatch_time",4,1363,340,0.0012446329541348556
"hsa_system_get_info",9,933,103,0.0008519754557650919
"hsa_signal_destroy",2,891,445,0.0008136228629010685
"hsa_agent_iterate_isas",4,760,190,0.0006939992994442335
"hsa_signal_silent_store_relaxed",6,663,110,0.0006054230730677985
"hsa_system_get_major_extension_table",1,481,481,0.00043922850399036355
"hsa_amd_profiling_set_profiler_enabled",1,211,211,0.0001926761212930701
"hsa_dispatch",56,0,0,0.0
