"Name","Calls","TotalDurationNs","AverageNs","Percentage"
"hipMemcpy",3,222595222,74198407,71.19500795219892
"hipEventSynchronize",1,81226231,81226231,25.97945324258643
"hipDeviceSynchronize",1,7694747,7694747,2.4610931399738614
"hipOccupancyMaxActiveBlocksPerMultiprocessor",2,400997,200498,0.1282551545684476
"hipLaunchKernel",55,386821,7033,0.1237210930389042
"hipFree",3,229744,76581,0.07348147799403344
"hipMalloc",3,52429,17476,0.016768927196136478
"hipMemsetAsync",1,32882,32882,0.010517001355420849
"hipEventRecord",2,14428,7214,0.004614661381789794
"__hipPopCallConfiguration",55,6244,113,0.0019970852278829686
"__hipPushCallConfiguration",55,5563,101,0.0017792737224075841
"hipGetLastError",55,3797,69,0.0012144350753157643
"hipEventElapsedTime",1,3166,3166,0.0010126156040162523
"hipGetDeviceProperties",3,1834,611,0.0005865878135710065
"hipEventCreate",2,1204,602,0.00038508818295501194
"hipGetDevice",3,351,117,0.00011226407991462557
