Index,KernelName,gpu-id,queue-id,queue-index,pid,tid,grd,wgr,lds,scr,arch_vgpr,accum_vgpr,sgpr,wave_size,sig,obj,GRBM_COUNT,GRBM_GUI_ACTIVE,SQ_WAVES,SQ_IFETCH,SQ_IFETCH_LEVEL,SQ_ACCUM_PREV_HIRES,DispatchNs,BeginNs,EndNs,CompleteNs
0,__amd_rocclr_fillBufferAligned.kd,2,0,0,673080,673080,3932160,256,0,0,8,8,32,64,0x0,0x7fe214ded900,72854,72854,61440,552960,98804,12661140,3371260964505710,3371217982151446,3371217982191286,3371260972066692
1,"void kernel_gemm_xdlops_streamk<GridwiseGemm_bk0mk1_bk0nk1_mn_xdlops_streamk>(GridwiseGemm_bk0mk1_bk0nk1_mn_xdlops_streamk<256, BlockToCTileMap_GemmStreamK, _Float16, float, _Float16, RowMajor, RowMajor, RowMajor, PassThrough, PassThrough, PassThrough, 256, 256, 4, 32, 32, 8, 4, 4, Sequence, Sequence, Sequence, 2, 8, 8, false, 1, Sequence, Sequence, Sequence, 1, 2, 8, false, 1, 1, 1, 8, Sequence",2,0,1,673080,673080,30720,256,33280,1096,128,128,112,64,0x0,0x7fe214db1180,80330276,80330276,480,111531840,14862016,1899248840,3371260971927419,3371217982564995,3371218035947371,3371261025938324
2,"void kernel_gemm_xdlops_streamk<GridwiseGemm_bk0mk1_bk0nk1_mn_xdlops_streamk>(GridwiseGemm_bk0mk1_bk0nk1_mn_xdlops_streamk<256, BlockToCTileMap_GemmStreamK, _Float16, float, _Float16, RowMajor, RowMajor, RowMajor, PassThrough, PassThrough, PassThrough, 256, 256, 4, 32, 32, 8, 4, 4, Sequence, Sequence, Sequence, 2, 8, 8, false, 1, Sequence, Sequence, Sequence, 1, 2, 8, false, 1, 1, 1, 8, Sequence",2,0,2,673080,673080,30720,256,33280,1096,128,128,112,64,0x0,0x7fe214db1180,80424147,80424147,480,111531840,14848213,1898872996,3371260971999896,3371218036266891,3371218089693107,3371261079879968
3,"void kernel_gemm_xdlops_streamk<GridwiseGemm_bk0mk1_bk0nk1_mn_xdlops_streamk>(GridwiseGemm_bk0mk1_bk0nk1_mn_xdlops_streamk<256, BlockToCTileMap_GemmStreamK, _Float16, float, _Float16, RowMajor, RowMajor, RowMajor, PassThrough, PassThrough, PassThrough, 256, 256, 4, 32, 32, 8, 4, 4, Sequence, Sequence, Sequence, 2, 8, 8, false, 1, Sequence, Sequence, Sequence, 1, 2, 8, false, 1, 1, 1, 8, Sequence",2,0,3,673080,673080,30720,256,33280,1096,128,128,112,64,0x0,0x7fe214db1180,80355537,80355537,480,111531840,14857021,1897189300,3371260972062244,3371218090010897,3371218143489628,3371261133785344
4,"void kernel_gemm_xdlops_streamk<GridwiseGemm_bk0mk1_bk0nk1_mn_xdlops_streamk>(GridwiseGemm_bk0mk1_bk0nk1_mn_xdlops_streamk<256, BlockToCTileMap_GemmStreamK, _Float16, float, _Float16, RowMajor, RowMajor, RowMajor, PassThrough, PassThrough, PassThrough, 256, 256, 4, 32, 32, 8, 4, 4, Sequence, Sequence, Sequence, 2, 8, 8, false, 1, Sequence, Sequence, Sequence, 1, 2, 8, false, 1, 1, 1, 8, Sequence",2,0,4,673080,673080,30720,256,33280,1096,128,128,112,64,0x0,0x7fe214db1180,80345433,80345433,480,111531840,14835521,1899735188,3371260972123249,3371218143812508,3371218197277959,3371261187670451
5,"void kernel_gemm_xdlops_streamk<GridwiseGemm_bk0mk1_bk0nk1_mn_xdlops_streamk>(GridwiseGemm_bk0mk1_bk0nk1_mn_xdlops_streamk<256, BlockToCTileMap_GemmStreamK, _Float16, float, _Float16, RowMajor, RowMajor, RowMajor, PassThrough, PassThrough, PassThrough, 256, 256, 4, 32, 32, 8, 4, 4, Sequence, Sequence, Sequence, 2, 8, 8, false, 1, Sequence, Sequence, Sequence, 1, 2, 8, false, 1, 1, 1, 8, Sequence",2,0,5,673080,673080,30720,256,33280,1096,128,128,112,64,0x0,0x7fe214db1180,80415777,80415777,480,111531840,14909285,1906263148,3371260972463392,3371218197580259,3371218250974954,3371261241625130
6,"void kernel_gemm_xdlops_streamk<GridwiseGemm_bk0mk1_bk0nk1_mn_xdlops_streamk>(GridwiseGemm_bk0mk1_bk0nk1_mn_xdlops_streamk<256, BlockToCTileMap_GemmStreamK, _Float16, float, _Float16, RowMajor, RowMajor, RowMajor, PassThrough, PassThrough, PassThrough, 256, 256, 4, 32, 32, 8, 4, 4, Sequence, Sequence, Sequence, 2, 8, 8, false, 1, Sequence, Sequence, Sequence, 1, 2, 8, false, 1, 1, 1, 8, Sequence",2,0,8,673080,673080,30720,256,33280,1096,128,128,112,64,0x0,0x7fe214db1180,80505447,80505447,480,111531840,14911123,1909269132,3371261241683330,3371218251314314,3371218304710610,3371261295894213
7,"void kernel_gemm_xdlops_streamk<GridwiseGemm_bk0mk1_bk0nk1_mn_xdlops_streamk>(GridwiseGemm_bk0mk1_bk0nk1_mn_xdlops_streamk<256, BlockToCTileMap_GemmStreamK, _Float16, float, _Float16, RowMajor, RowMajor, RowMajor, PassThrough, PassThrough, PassThrough, 256, 256, 4, 32, 32, 8, 4, 4, Sequence, Sequence, Sequence, 2, 8, 8, false, 1, Sequence, Sequence, Sequence, 1, 2, 8, false, 1, 1, 1, 8, Sequence",2,0,9,673080,673080,30720,256,33280,1096,128,128,112,64,0x0,0x7fe214db1180,80528774,80528774,480,111531840,14840627,1904502720,3371261241904317,3371218305007893,3371218358415085,3371261349907252
8,"void kernel_gemm_xdlops_streamk<GridwiseGemm_bk0mk1_bk0nk1_mn_xdlops_streamk>(GridwiseGemm_bk0mk1_bk0nk1_mn_xdlops_streamk<256, BlockToCTileMap_GemmStreamK, _Float16, float, _Float16, RowMajor, RowMajor, RowMajor, PassThrough, PassThrough, PassThrough, 256, 256, 4, 32, 32, 8, 4, 4, Sequence, Sequence, Sequence, 2, 8, 8, false, 1, Sequence, Sequence, Sequence, 1, 2, 8, false, 1, 1, 1, 8, Sequence",2,0,10,673080,673080,30720,256,33280,1096,128,128,112,64,0x0,0x7fe214db1180,80374454,80374454,480,111531840,14796063,1909246260,3371261241966706,3371218358706925,3371218412177798,3371261403860398
9,"void kernel_gemm_xdlops_streamk<GridwiseGemm_bk0mk1_bk0nk1_mn_xdlops_streamk>(GridwiseGemm_bk0mk1_bk0nk1_mn_xdlops_streamk<256, BlockToCTileMap_GemmStreamK, _Float16, float, _Float16, RowMajor, RowMajor, RowMajor, PassThrough, PassThrough, PassThrough, 256, 256, 4, 32, 32, 8, 4, 4, Sequence, Sequence, Sequence, 2, 8, 8, false, 1, Sequence, Sequence, Sequence, 1, 2, 8, false, 1, 1, 1, 8, Sequence",2,0,11,673080,673080,30720,256,33280,1096,128,128,112,64,0x0,0x7fe214db1180,80365302,80365302,480,111531840,15007719,1907254444,3371261242026448,3371218412495433,3371218465962614,3371261457788176
10,"void kernel_gemm_xdlops_streamk<GridwiseGemm_bk0mk1_bk0nk1_mn_xdlops_streamk>(GridwiseGemm_bk0mk1_bk0nk1_mn_xdlops_streamk<256, BlockToCTileMap_GemmStreamK, _Float16, float, _Float16, RowMajor, RowMajor, RowMajor, PassThrough, PassThrough, PassThrough, 256, 256, 4, 32, 32, 8, 4, 4, Sequence, Sequence, Sequence, 2, 8, 8, false, 1, Sequence, Sequence, Sequence, 1, 2, 8, false, 1, 1, 1, 8, Sequence",2,0,12,673080,673080,30720,256,33280,1096,128,128,112,64,0x0,0x7fe214db1180,80408627,80408627,480,111531840,14905310,1910498164,3371261242085210,3371218466257014,3371218519666276,3371261511716775
11,"void kernel_gemm_xdlops_streamk<GridwiseGemm_bk0mk1_bk0nk1_mn_xdlops_streamk>(GridwiseGemm_bk0mk1_bk0nk1_mn_xdlops_streamk<256, BlockToCTileMap_GemmStreamK, _Float16, float, _Float16, RowMajor, RowMajor, RowMajor, PassThrough, PassThrough, PassThrough, 256, 256, 4, 32, 32, 8, 4, 4, Sequence, Sequence, Sequence, 2, 8, 8, false, 1, Sequence, Sequence, Sequence, 1, 2, 8, false, 1, 1, 1, 8, Sequence",2,0,13,673080,673080,30720,256,33280,1096,128,128,112,64,0x0,0x7fe214db1180,80344732,80344732,480,111531840,14969119,1904600268,3371261242143429,3371218519992670,3371218573465303,3371261565629144
12,"void kernel_gemm_xdlops_streamk<GridwiseGemm_bk0mk1_bk0nk1_mn_xdlops_streamk>(GridwiseGemm_bk0mk1_bk0nk1_mn_xdlops_streamk<256, BlockToCTileMap_GemmStreamK, _Float16, float, _Float16, RowMajor, RowMajor, RowMajor, PassThrough, PassThrough, PassThrough, 256, 256, 4, 32, 32, 8, 4, 4, Sequence, Sequence, Sequence, 2, 8, 8, false, 1, Sequence, Sequence, Sequence, 1, 2, 8, false, 1, 1, 1, 8, Sequence",2,0,14,673080,673080,30720,256,33280,1096,128,128,112,64,0x0,0x7fe214db1180,80419747,80419747,480,111531840,14885443,1905822616,3371261242203924,3371218573773783,3371218627206736,3371261619585085
13,"void kernel_gemm_xdlops_streamk<GridwiseGemm_bk0mk1_bk0nk1_mn_xdlops_streamk>(GridwiseGemm_bk0mk1_bk0nk1_mn_xdlops_streamk<256, BlockToCTileMap_GemmStreamK, _Float16, float, _Float16, RowMajor, RowMajor, RowMajor, PassThrough, PassThrough, PassThrough, 256, 256, 4, 32, 32, 8, 4, 4, Sequence, Sequence, Sequence, 2, 8, 8, false, 1, Sequence, Sequence, Sequence, 1, 2, 8, false, 1, 1, 1, 8, Sequence",2,0,15,673080,673080,30720,256,33280,1096,128,128,112,64,0x0,0x7fe214db1180,80320734,80320734,480,111531840,15009843,1903961936,3371261242278765,3371218627520166,3371218680912148,3371261673478128
14,"void kernel_gemm_xdlops_streamk<GridwiseGemm_bk0mk1_bk0nk1_mn_xdlops_streamk>(GridwiseGemm_bk0mk1_bk0nk1_mn_xdlops_streamk<256, BlockToCTileMap_GemmStreamK, _Float16, float, _Float16, RowMajor, RowMajor, RowMajor, PassThrough, PassThrough, PassThrough, 256, 256, 4, 32, 32, 8, 4, 4, Sequence, Sequence, Sequence, 2, 8, 8, false, 1, Sequence, Sequence, Sequence, 1, 2, 8, false, 1, 1, 1, 8, Sequence",2,0,16,673080,673080,30720,256,33280,1096,128,128,112,64,0x0,0x7fe214db1180,80403457,80403457,480,111531840,14934993,1906575128,3371261242336565,3371218681219668,3371218734655810,3371261727395646
15,"void kernel_gemm_xdlops_streamk<GridwiseGemm_bk0mk1_bk0nk1_mn_xdlops_streamk>(GridwiseGemm_bk0mk1_bk0nk1_mn_xdlops_streamk<256, BlockToCTileMap_GemmStreamK, _Float16, float, _Float16, RowMajor, RowMajor, RowMajor, PassThrough, PassThrough, PassThrough, 256, 256, 4, 32, 32, 8, 4, 4, Sequence, Sequence, Sequence, 2, 8, 8, false, 1, Sequence, Sequence, Sequence, 1, 2, 8, false, 1, 1, 1, 8, Sequence",2,0,17,673080,673080,30720,256,33280,1096,128,128,112,64,0x0,0x7fe214db1180,80398641,80398641,480,111531840,14914888,1893143720,3371261242394835,3371218734957542,3371218788422491,3371261781368870
16,"void kernel_gemm_xdlops_streamk<GridwiseGemm_bk0mk1_bk0nk1_mn_xdlops_streamk>(GridwiseGemm_bk0mk1_bk0nk1_mn_xdlops_streamk<256, BlockToCTileMap_GemmStreamK, _Float16, float, _Float16, RowMajor, RowMajor, RowMajor, PassThrough, PassThrough, PassThrough, 256, 256, 4, 32, 32, 8, 4, 4, Sequence, Sequence, Sequence, 2, 8, 8, false, 1, Sequence, Sequence, Sequence, 1, 2, 8, false, 1, 1, 1, 8, Sequence",2,0,18,673080,673080,30720,256,33280,1096,128,128,112,64,0x0,0x7fe214db1180,80452772,80452772,480,111531840,14830891,1913347408,3371261242456341,3371218788746331,3371218842229361,3371261835354167
17,"void kernel_gemm_xdlops_streamk<GridwiseGemm_bk0mk1_bk0nk1_mn_xdlops_streamk>(GridwiseGemm_bk0mk1_bk0nk1_mn_xdlops_streamk<256, BlockToCTileMap_GemmStreamK, _Float16, float, _Float16, RowMajor, RowMajor, RowMajor, PassThrough, PassThrough, PassThrough, 256, 256, 4, 32, 32, 8, 4, 4, Sequence, Sequence, Sequence, 2, 8, 8, false, 1, Sequence, Sequence, Sequence, 1, 2, 8, false, 1, 1, 1, 8, Sequence",2,0,19,673080,673080,30720,256,33280,1096,128,128,112,64,0x0,0x7fe214db1180,80369521,80369521,480,111531840,15031263,1907724512,3371261242516795,3371218842531318,3371218895924429,3371261889297003
18,"void kernel_gemm_xdlops_streamk<GridwiseGemm_bk0mk1_bk0nk1_mn_xdlops_streamk>(GridwiseGemm_bk0mk1_bk0nk1_mn_xdlops_streamk<256, BlockToCTileMap_GemmStreamK, _Float16, float, _Float16, RowMajor, RowMajor, RowMajor, PassThrough, PassThrough, PassThrough, 256, 256, 4, 32, 32, 8, 4, 4, Sequence, Sequence, Sequence, 2, 8, 8, false, 1, Sequence, Sequence, Sequence, 1, 2, 8, false, 1, 1, 1, 8, Sequence",2,0,20,673080,673080,30720,256,33280,1096,128,128,112,64,0x0,0x7fe214db1180,80468308,80468308,480,111531840,14776838,1892913316,3371261242575737,3371218896234349,3371218949709060,3371261943274004
19,"void kernel_gemm_xdlops_streamk<GridwiseGemm_bk0mk1_bk0nk1_mn_xdlops_streamk>(GridwiseGemm_bk0mk1_bk0nk1_mn_xdlops_streamk<256, BlockToCTileMap_GemmStreamK, _Float16, float, _Float16, RowMajor, RowMajor, RowMajor, PassThrough, PassThrough, PassThrough, 256, 256, 4, 32, 32, 8, 4, 4, Sequence, Sequence, Sequence, 2, 8, 8, false, 1, Sequence, Sequence, Sequence, 1, 2, 8, false, 1, 1, 1, 8, Sequence",2,0,21,673080,673080,30720,256,33280,1096,128,128,112,64,0x0,0x7fe214db1180,80415075,80415075,480,111531840,14721588,1904754824,3371261242636953,3371218950004635,3371219003487188,3371261997273518
20,"void kernel_gemm_xdlops_streamk<GridwiseGemm_bk0mk1_bk0nk1_mn_xdlops_streamk>(GridwiseGemm_bk0mk1_bk0nk1_mn_xdlops_streamk<256, BlockToCTileMap_GemmStreamK, _Float16, float, _Float16, RowMajor, RowMajor, RowMajor, PassThrough, PassThrough, PassThrough, 256, 256, 4, 32, 32, 8, 4, 4, Sequence, Sequence, Sequence, 2, 8, 8, false, 1, Sequence, Sequence, Sequence, 1, 2, 8, false, 1, 1, 1, 8, Sequence",2,0,22,673080,673080,30720,256,33280,1096,128,128,112,64,0x0,0x7fe214db1180,80370153,80370153,480,111531840,14772756,1905444628,3371261242694170,3371219003781268,3371219057219502,3371262051178226
21,"void kernel_gemm_xdlops_streamk<GridwiseGemm_bk0mk1_bk0nk1_mn_xdlops_streamk>(GridwiseGemm_bk0mk1_bk0nk1_mn_xdlops_streamk<256, BlockToCTileMap_GemmStreamK, _Float16, float, _Float16, RowMajor, RowMajor, RowMajor, PassThrough, PassThrough, PassThrough, 256, 256, 4, 32, 32, 8, 4, 4, Sequence, Sequence, Sequence, 2, 8, 8, false, 1, Sequence, Sequence, Sequence, 1, 2, 8, false, 1, 1, 1, 8, Sequence",2,0,23,673080,673080,30720,256,33280,1096,128,128,112,64,0x0,0x7fe214db1180,80319539,80319539,480,111531840,14935684,1907216696,3371261242774983,3371219057544602,3371219110909234,3371262105136977
22,"void kernel_gemm_xdlops_streamk<GridwiseGemm_bk0mk1_bk0nk1_mn_xdlops_streamk>(GridwiseGemm_bk0mk1_bk0nk1_mn_xdlops_streamk<256, BlockToCTileMap_GemmStreamK, _Float16, float, _Float16, RowMajor, RowMajor, RowMajor, PassThrough, PassThrough, PassThrough, 256, 256, 4, 32, 32, 8, 4, 4, Sequence, Sequence, Sequence, 2, 8, 8, false, 1, Sequence, Sequence, Sequence, 1, 2, 8, false, 1, 1, 1, 8, Sequence",2,0,24,673080,673080,30720,256,33280,1096,128,128,112,64,0x0,0x7fe214db1180,80343420,80343420,480,111531840,14869248,1902100292,3371261242839135,3371219111229874,3371219164700107,3371262159068958
23,"void kernel_gemm_xdlops_streamk<GridwiseGemm_bk0mk1_bk0nk1_mn_xdlops_streamk>(GridwiseGemm_bk0mk1_bk0nk1_mn_xdlops_streamk<256, BlockToCTileMap_GemmStreamK, _Float16, float, _Float16, RowMajor, RowMajor, RowMajor, PassThrough, PassThrough, PassThrough, 256, 256, 4, 32, 32, 8, 4, 4, Sequence, Sequence, Sequence, 2, 8, 8, false, 1, Sequence, Sequence, Sequence, 1, 2, 8, false, 1, 1, 1, 8, Sequence",2,0,25,673080,673080,30720,256,33280,1096,128,128,112,64,0x0,0x7fe214db1180,80402828,80402828,480,111531840,14870819,1904991144,3371261242901873,3371219165008973,3371219218377601,3371262213017178
24,"void kernel_gemm_xdlops_streamk<GridwiseGemm_bk0mk1_bk0nk1_mn_xdlops_streamk>(GridwiseGemm_bk0mk1_bk0nk1_mn_xdlops_streamk<256, BlockToCTileMap_GemmStreamK, _Float16, float, _Float16, RowMajor, RowMajor, RowMajor, PassThrough, PassThrough, PassThrough, 256, 256, 4, 32, 32, 8, 4, 4, Sequence, Sequence, Sequence, 2, 8, 8, false, 1, Sequence, Sequence, Sequence, 1, 2, 8, false, 1, 1, 1, 8, Sequence",2,0,26,673080,673080,30720,256,33280,1096,128,128,112,64,0x0,0x7fe214db1180,80258566,80258566,480,111531840,14880652,1901752700,3371261242961446,3371219218678881,3371219272145110,3371262266909123
25,"void kernel_gemm_xdlops_streamk<GridwiseGemm_bk0mk1_bk0nk1_mn_xdlops_streamk>(GridwiseGemm_bk0mk1_bk0nk1_mn_xdlops_streamk<256, BlockToCTileMap_GemmStreamK, _Float16, float, _Float16, RowMajor, RowMajor, RowMajor, PassThrough, PassThrough, PassThrough, 256, 256, 4, 32, 32, 8, 4, 4, Sequence, Sequence, Sequence, 2, 8, 8, false, 1, Sequence, Sequence, Sequence, 1, 2, 8, false, 1, 1, 1, 8, Sequence",2,0,27,673080,673080,30720,256,33280,1096,128,128,112,64,0x0,0x7fe214db1180,80404217,80404217,480,111531840,14949456,1914846552,3371261243018333,3371219272452251,3371219325895923,3371262320871501
26,"void kernel_gemm_xdlops_streamk<GridwiseGemm_bk0mk1_bk0nk1_mn_xdlops_streamk>(GridwiseGemm_bk0mk1_bk0nk1_mn_xdlops_streamk<256, BlockToCTileMap_GemmStreamK, _Float16, float, _Float16, RowMajor, RowMajor, RowMajor, PassThrough, PassThrough, PassThrough, 256, 256, 4, 32, 32, 8, 4, 4, Sequence, Sequence, Sequence, 2, 8, 8, false, 1, Sequence, Sequence, Sequence, 1, 2, 8, false, 1, 1, 1, 8, Sequence",2,0,28,673080,673080,30720,256,33280,1096,128,128,112,64,0x0,0x7fe214db1180,80410225,80410225,480,111531840,15059160,1909460220,3371261243074419,3371219326186483,3371219379613035,3371262374817708
27,"void kernel_gemm_xdlops_streamk<GridwiseGemm_bk0mk1_bk0nk1_mn_xdlops_streamk>(GridwiseGemm_bk0mk1_bk0nk1_mn_xdlops_streamk<256, BlockToCTileMap_GemmStreamK, _Float16, float, _Float16, RowMajor, RowMajor, RowMajor, PassThrough, PassThrough, PassThrough, 256, 256, 4, 32, 32, 8, 4, 4, Sequence, Sequence, Sequence, 2, 8, 8, false, 1, Sequence, Sequence, Sequence, 1, 2, 8, false, 1, 1, 1, 8, Sequence",2,0,29,673080,673080,30720,256,33280,1096,128,128,112,64,0x0,0x7fe214db1180,80304467,80304467,480,111531840,14779549,1906680124,3371261243132259,3371219379916302,3371219433273091,3371262428718429
28,"void kernel_gemm_xdlops_streamk<GridwiseGemm_bk0mk1_bk0nk1_mn_xdlops_streamk>(GridwiseGemm_bk0mk1_bk0nk1_mn_xdlops_streamk<256, BlockToCTileMap_GemmStreamK, _Float16, float, _Float16, RowMajor, RowMajor, RowMajor, PassThrough, PassThrough, PassThrough, 256, 256, 4, 32, 32, 8, 4, 4, Sequence, Sequence, Sequence, 2, 8, 8, false, 1, Sequence, Sequence, Sequence, 1, 2, 8, false, 1, 1, 1, 8, Sequence",2,0,30,673080,673080,30720,256,33280,1096,128,128,112,64,0x0,0x7fe214db1180,80381476,80381476,480,111531840,14957065,1913188112,3371261243188565,3371219433563171,3371219487021400,3371262482656441
29,"void kernel_gemm_xdlops_streamk<GridwiseGemm_bk0mk1_bk0nk1_mn_xdlops_streamk>(GridwiseGemm_bk0mk1_bk0nk1_mn_xdlops_streamk<256, BlockToCTileMap_GemmStreamK, _Float16, float, _Float16, RowMajor, RowMajor, RowMajor, PassThrough, PassThrough, PassThrough, 256, 256, 4, 32, 32, 8, 4, 4, Sequence, Sequence, Sequence, 2, 8, 8, false, 1, Sequence, Sequence, Sequence, 1, 2, 8, false, 1, 1, 1, 8, Sequence",2,0,31,673080,673080,30720,256,33280,1096,128,128,112,64,0x0,0x7fe214db1180,80394427,80394427,480,111531840,14733800,1905234324,3371261243246274,3371219487308105,3371219540743448,3371262536584835
30,"void kernel_gemm_xdlops_streamk<GridwiseGemm_bk0mk1_bk0nk1_mn_xdlops_streamk>(GridwiseGemm_bk0mk1_bk0nk1_mn_xdlops_streamk<256, BlockToCTileMap_GemmStreamK, _Float16, float, _Float16, RowMajor, RowMajor, RowMajor, PassThrough, PassThrough, PassThrough, 256, 256, 4, 32, 32, 8, 4, 4, Sequence, Sequence, Sequence, 2, 8, 8, false, 1, Sequence, Sequence, Sequence, 1, 2, 8, false, 1, 1, 1, 8, Sequence",2,0,32,673080,673080,30720,256,33280,1096,128,128,112,64,0x0,0x7fe214db1180,80323059,80323059,480,111531840,14867369,1901939344,3371261243303533,3371219541077368,3371219594461192,3371262590508810
31,"void kernel_gemm_xdlops_streamk<GridwiseGemm_bk0mk1_bk0nk1_mn_xdlops_streamk>(GridwiseGemm_bk0mk1_bk0nk1_mn_xdlops_streamk<256, BlockToCTileMap_GemmStreamK, _Float16, float, _Float16, RowMajor, RowMajor, RowMajor, PassThrough, PassThrough, PassThrough, 256, 256, 4, 32, 32, 8, 4, 4, Sequence, Sequence, Sequence, 2, 8, 8, false, 1, Sequence, Sequence, Sequence, 1, 2, 8, false, 1, 1, 1, 8, Sequence",2,0,33,673080,673080,30720,256,33280,1096,128,128,112,64,0x0,0x7fe214db1180,80528899,80528899,480,111531840,14845466,1908607620,3371261243362414,3371219594751745,3371219648143733,3371262644542673
32,"void kernel_gemm_xdlops_streamk<GridwiseGemm_bk0mk1_bk0nk1_mn_xdlops_streamk>(GridwiseGemm_bk0mk1_bk0nk1_mn_xdlops_streamk<256, BlockToCTileMap_GemmStreamK, _Float16, float, _Float16, RowMajor, RowMajor, RowMajor, PassThrough, PassThrough, PassThrough, 256, 256, 4, 32, 32, 8, 4, 4, Sequence, Sequence, Sequence, 2, 8, 8, false, 1, Sequence, Sequence, Sequence, 1, 2, 8, false, 1, 1, 1, 8, Sequence",2,0,34,673080,673080,30720,256,33280,1096,128,128,112,64,0x0,0x7fe214db1180,80232780,80232780,480,111531840,14863342,1902514496,3371261243420514,3371219648430773,3371219701867721,3371262698402597
33,"void kernel_gemm_xdlops_streamk<GridwiseGemm_bk0mk1_bk0nk1_mn_xdlops_streamk>(GridwiseGemm_bk0mk1_bk0nk1_mn_xdlops_streamk<256, BlockToCTileMap_GemmStreamK, _Float16, float, _Float16, RowMajor, RowMajor, RowMajor, PassThrough, PassThrough, PassThrough, 256, 256, 4, 32, 32, 8, 4, 4, Sequence, Sequence, Sequence, 2, 8, 8, false, 1, Sequence, Sequence, Sequence, 1, 2, 8, false, 1, 1, 1, 8, Sequence",2,0,35,673080,673080,30720,256,33280,1096,128,128,112,64,0x0,0x7fe214db1180,80319369,80319369,480,111531840,14782479,1900584024,3371261243478172,3371219702180375,3371219755604043,3371262752338104
34,"void kernel_gemm_xdlops_streamk<GridwiseGemm_bk0mk1_bk0nk1_mn_xdlops_streamk>(GridwiseGemm_bk0mk1_bk0nk1_mn_xdlops_streamk<256, BlockToCTileMap_GemmStreamK, _Float16, float, _Float16, RowMajor, RowMajor, RowMajor, PassThrough, PassThrough, PassThrough, 256, 256, 4, 32, 32, 8, 4, 4, Sequence, Sequence, Sequence, 2, 8, 8, false, 1, Sequence, Sequence, Sequence, 1, 2, 8, false, 1, 1, 1, 8, Sequence",2,0,36,673080,673080,30720,256,33280,1096,128,128,112,64,0x0,0x7fe214db1180,80269841,80269841,480,111531840,14751586,1903127772,3371261243537304,3371219755894763,3371219809274431,3371262806215201
35,"void kernel_gemm_xdlops_streamk<GridwiseGemm_bk0mk1_bk0nk1_mn_xdlops_streamk>(GridwiseGemm_bk0mk1_bk0nk1_mn_xdlops_streamk<256, BlockToCTileMap_GemmStreamK, _Float16, float, _Float16, RowMajor, RowMajor, RowMajor, PassThrough, PassThrough, PassThrough, 256, 256, 4, 32, 32, 8, 4, 4, Sequence, Sequence, Sequence, 2, 8, 8, false, 1, Sequence, Sequence, Sequence, 1, 2, 8, false, 1, 1, 1, 8, Sequence",2,0,37,673080,673080,30720,256,33280,1096,128,128,112,64,0x0,0x7fe214db1180,79974569,79974569,480,111531840,14872760,1905520484,3371261243595424,3371219809572652,3371219862994400,3371262859877101
36,"void kernel_gemm_xdlops_streamk<GridwiseGemm_bk0mk1_bk0nk1_mn_xdlops_streamk>(GridwiseGemm_bk0mk1_bk0nk1_mn_xdlops_streamk<256, BlockToCTileMap_GemmStreamK, _Float16, float, _Float16, RowMajor, RowMajor, RowMajor, PassThrough, PassThrough, PassThrough, 256, 256, 4, 32, 32, 8, 4, 4, Sequence, Sequence, Sequence, 2, 8, 8, false, 1, Sequence, Sequence, Sequence, 1, 2, 8, false, 1, 1, 1, 8, Sequence",2,0,38,673080,673080,30720,256,33280,1096,128,128,112,64,0x0,0x7fe214db1180,84157437,80816430,960,111844709,15149599,1931636956,3371261243652733,3371219863296640,3371219920254078,3371262918375360
37,"void kernel_gemm_xdlops_streamk<GridwiseGemm_bk0mk1_bk0nk1_mn_xdlops_streamk>(GridwiseGemm_bk0mk1_bk0nk1_mn_xdlops_streamk<256, BlockToCTileMap_GemmStreamK, _Float16, float, _Float16, RowMajor, RowMajor, RowMajor, PassThrough, PassThrough, PassThrough, 256, 256, 4, 32, 32, 8, 4, 4, Sequence, Sequence, Sequence, 2, 8, 8, false, 1, Sequence, Sequence, Sequence, 1, 2, 8, false, 1, 1, 1, 8, Sequence",2,0,39,673080,673080,30720,256,33280,1096,128,128,112,64,0x0,0x7fe214db1180,80363711,80363711,480,111531840,14740638,1900967484,3371261243708959,3371219920803959,3371219974241230,3371262972355051
38,"void kernel_gemm_xdlops_streamk<GridwiseGemm_bk0mk1_bk0nk1_mn_xdlops_streamk>(GridwiseGemm_bk0mk1_bk0nk1_mn_xdlops_streamk<256, BlockToCTileMap_GemmStreamK, _Float16, float, _Float16, RowMajor, RowMajor, RowMajor, PassThrough, PassThrough, PassThrough, 256, 256, 4, 32, 32, 8, 4, 4, Sequence, Sequence, Sequence, 2, 8, 8, false, 1, Sequence, Sequence, Sequence, 1, 2, 8, false, 1, 1, 1, 8, Sequence",2,0,40,673080,673080,30720,256,33280,1096,128,128,112,64,0x0,0x7fe214db1180,80402574,80402574,480,111531840,14813763,1910655752,3371261243768752,3371219974564110,3371220027973381,3371263026288534
39,"void kernel_gemm_xdlops_streamk<GridwiseGemm_bk0mk1_bk0nk1_mn_xdlops_streamk>(GridwiseGemm_bk0mk1_bk0nk1_mn_xdlops_streamk<256, BlockToCTileMap_GemmStreamK, _Float16, float, _Float16, RowMajor, RowMajor, RowMajor, PassThrough, PassThrough, PassThrough, 256, 256, 4, 32, 32, 8, 4, 4, Sequence, Sequence, Sequence, 2, 8, 8, false, 1, Sequence, Sequence, Sequence, 1, 2, 8, false, 1, 1, 1, 8, Sequence",2,0,41,673080,673080,30720,256,33280,1096,128,128,112,64,0x0,0x7fe214db1180,80394131,80394131,480,111531840,14808037,1906275324,3371261243826201,3371220028831423,3371220082303093,3371263080284696
40,"void kernel_gemm_xdlops_streamk<GridwiseGemm_bk0mk1_bk0nk1_mn_xdlops_streamk>(GridwiseGemm_bk0mk1_bk0nk1_mn_xdlops_streamk<256, BlockToCTileMap_GemmStreamK, _Float16, float, _Float16, RowMajor, RowMajor, RowMajor, PassThrough, PassThrough, PassThrough, 256, 256, 4, 32, 32, 8, 4, 4, Sequence, Sequence, Sequence, 2, 8, 8, false, 1, Sequence, Sequence, Sequence, 1, 2, 8, false, 1, 1, 1, 8, Sequence",2,0,42,673080,673080,30720,256,33280,1096,128,128,112,64,0x0,0x7fe214db1180,80446097,80446097,480,111531840,14763452,1897356904,3371261243893818,3371220082604533,3371220136081643,3371263134233077
41,"void kernel_gemm_xdlops_streamk<GridwiseGemm_bk0mk1_bk0nk1_mn_xdlops_streamk>(GridwiseGemm_bk0mk1_bk0nk1_mn_xdlops_streamk<256, BlockToCTileMap_GemmStreamK, _Float16, float, _Float16, RowMajor, RowMajor, RowMajor, PassThrough, PassThrough, PassThrough, 256, 256, 4, 32, 32, 8, 4, 4, Sequence, Sequence, Sequence, 2, 8, 8, false, 1, Sequence, Sequence, Sequence, 1, 2, 8, false, 1, 1, 1, 8, Sequence",2,0,43,673080,673080,30720,256,33280,1096,128,128,112,64,0x0,0x7fe214db1180,80316083,80316083,480,111531840,14833295,1913410556,3371261243952850,3371220136382162,3371220189830153,3371263188190696
42,"void kernel_gemm_xdlops_streamk<GridwiseGemm_bk0mk1_bk0nk1_mn_xdlops_streamk>(GridwiseGemm_bk0mk1_bk0nk1_mn_xdlops_streamk<256, BlockToCTileMap_GemmStreamK, _Float16, float, _Float16, RowMajor, RowMajor, RowMajor, PassThrough, PassThrough, PassThrough, 256, 256, 4, 32, 32, 8, 4, 4, Sequence, Sequence, Sequence, 2, 8, 8, false, 1, Sequence, Sequence, Sequence, 1, 2, 8, false, 1, 1, 1, 8, Sequence",2,0,44,673080,673080,30720,256,33280,1096,128,128,112,64,0x0,0x7fe214db1180,80322985,80322985,480,111531840,14704892,1903074860,3371261244025477,3371220190130473,3371220243583744,3371263242108710
43,"void kernel_gemm_xdlops_streamk<GridwiseGemm_bk0mk1_bk0nk1_mn_xdlops_streamk>(GridwiseGemm_bk0mk1_bk0nk1_mn_xdlops_streamk<256, BlockToCTileMap_GemmStreamK, _Float16, float, _Float16, RowMajor, RowMajor, RowMajor, PassThrough, PassThrough, PassThrough, 256, 256, 4, 32, 32, 8, 4, 4, Sequence, Sequence, Sequence, 2, 8, 8, false, 1, Sequence, Sequence, Sequence, 1, 2, 8, false, 1, 1, 1, 8, Sequence",2,0,45,673080,673080,30720,256,33280,1096,128,128,112,64,0x0,0x7fe214db1180,80394108,80394108,480,111531840,14976707,1903643184,3371261244082826,3371220243870928,3371220297297478,3371263296070056
44,"void kernel_gemm_xdlops_streamk<GridwiseGemm_bk0mk1_bk0nk1_mn_xdlops_streamk>(GridwiseGemm_bk0mk1_bk0nk1_mn_xdlops_streamk<256, BlockToCTileMap_GemmStreamK, _Float16, float, _Float16, RowMajor, RowMajor, RowMajor, PassThrough, PassThrough, PassThrough, 256, 256, 4, 32, 32, 8, 4, 4, Sequence, Sequence, Sequence, 2, 8, 8, false, 1, Sequence, Sequence, Sequence, 1, 2, 8, false, 1, 1, 1, 8, Sequence",2,0,46,673080,673080,30720,256,33280,1096,128,128,112,64,0x0,0x7fe214db1180,80388753,80388753,480,111531840,14983301,1903861232,3371261244140124,3371220297599558,3371220351067869,3371263350027745
45,"void kernel_gemm_xdlops_streamk<GridwiseGemm_bk0mk1_bk0nk1_mn_xdlops_streamk>(GridwiseGemm_bk0mk1_bk0nk1_mn_xdlops_streamk<256, BlockToCTileMap_GemmStreamK, _Float16, float, _Float16, RowMajor, RowMajor, RowMajor, PassThrough, PassThrough, PassThrough, 256, 256, 4, 32, 32, 8, 4, 4, Sequence, Sequence, Sequence, 2, 8, 8, false, 1, Sequence, Sequence, Sequence, 1, 2, 8, false, 1, 1, 1, 8, Sequence",2,0,47,673080,673080,30720,256,33280,1096,128,128,112,64,0x0,0x7fe214db1180,80400531,80400531,480,111531840,14904092,1902670368,3371261244199406,3371220351382926,3371220404822757,3371263403988119
46,"void kernel_gemm_xdlops_streamk<GridwiseGemm_bk0mk1_bk0nk1_mn_xdlops_streamk>(GridwiseGemm_bk0mk1_bk0nk1_mn_xdlops_streamk<256, BlockToCTileMap_GemmStreamK, _Float16, float, _Float16, RowMajor, RowMajor, RowMajor, PassThrough, PassThrough, PassThrough, 256, 256, 4, 32, 32, 8, 4, 4, Sequence, Sequence, Sequence, 2, 8, 8, false, 1, Sequence, Sequence, Sequence, 1, 2, 8, false, 1, 1, 1, 8, Sequence",2,0,48,673080,673080,30720,256,33280,1096,128,128,112,64,0x0,0x7fe214db1180,80321204,80321204,480,111531840,14697389,1901298216,3371261244259439,3371220405148517,3371220458560188,3371263457885674
47,"void kernel_gemm_xdlops_streamk<GridwiseGemm_bk0mk1_bk0nk1_mn_xdlops_streamk>(GridwiseGemm_bk0mk1_bk0nk1_mn_xdlops_streamk<256, BlockToCTileMap_GemmStreamK, _Float16, float, _Float16, RowMajor, RowMajor, RowMajor, PassThrough, PassThrough, PassThrough, 256, 256, 4, 32, 32, 8, 4, 4, Sequence, Sequence, Sequence, 2, 8, 8, false, 1, Sequence, Sequence, Sequence, 1, 2, 8, false, 1, 1, 1, 8, Sequence",2,0,49,673080,673080,30720,256,33280,1096,128,128,112,64,0x0,0x7fe214db1180,80399787,80399787,480,111531840,14786913,1908031280,3371261244315505,3371220458871263,3371220512319731,3371263511893868
48,"void kernel_gemm_xdlops_streamk<GridwiseGemm_bk0mk1_bk0nk1_mn_xdlops_streamk>(GridwiseGemm_bk0mk1_bk0nk1_mn_xdlops_streamk<256, BlockToCTileMap_GemmStreamK, _Float16, float, _Float16, RowMajor, RowMajor, RowMajor, PassThrough, PassThrough, PassThrough, 256, 256, 4, 32, 32, 8, 4, 4, Sequence, Sequence, Sequence, 2, 8, 8, false, 1, Sequence, Sequence, Sequence, 1, 2, 8, false, 1, 1, 1, 8, Sequence",2,0,50,673080,673080,30720,256,33280,1096,128,128,112,64,0x0,0x7fe214db1180,80263998,80263998,480,111531840,14893667,1904408092,3371261244373024,3371220512598451,3371220565972839,3371263565755025
49,"void kernel_gemm_xdlops_streamk<GridwiseGemm_bk0mk1_bk0nk1_mn_xdlops_streamk>(GridwiseGemm_bk0mk1_bk0nk1_mn_xdlops_streamk<256, BlockToCTileMap_GemmStreamK, _Float16, float, _Float16, RowMajor, RowMajor, RowMajor, PassThrough, PassThrough, PassThrough, 256, 256, 4, 32, 32, 8, 4, 4, Sequence, Sequence, Sequence, 2, 8, 8, false, 1, Sequence, Sequence, Sequence, 1, 2, 8, false, 1, 1, 1, 8, Sequence",2,0,51,673080,673080,30720,256,33280,1096,128,128,112,64,0x0,0x7fe214db1180,80392593,80392593,480,111531840,14898412,1908510620,3371261244431384,3371220566270550,3371220619704940,3371263619728674
50,"void kernel_gemm_xdlops_streamk<GridwiseGemm_bk0mk1_bk0nk1_mn_xdlops_streamk>(GridwiseGemm_bk0mk1_bk0nk1_mn_xdlops_streamk<256, BlockToCTileMap_GemmStreamK, _Float16, float, _Float16, RowMajor, RowMajor, RowMajor, PassThrough, PassThrough, PassThrough, 256, 256, 4, 32, 32, 8, 4, 4, Sequence, Sequence, Sequence, 2, 8, 8, false, 1, Sequence, Sequence, Sequence, 1, 2, 8, false, 1, 1, 1, 8, Sequence",2,0,52,673080,673080,30720,256,33280,1096,128,128,112,64,0x0,0x7fe214db1180,80458545,80458545,480,111531840,14739138,1900972732,3371261244489845,3371220620016140,3371220673435330,3371263673685552
51,"void kernel_gemm_xdlops_streamk<GridwiseGemm_bk0mk1_bk0nk1_mn_xdlops_streamk>(GridwiseGemm_bk0mk1_bk0nk1_mn_xdlops_streamk<256, BlockToCTileMap_GemmStreamK, _Float16, float, _Float16, RowMajor, RowMajor, RowMajor, PassThrough, PassThrough, PassThrough, 256, 256, 4, 32, 32, 8, 4, 4, Sequence, Sequence, Sequence, 2, 8, 8, false, 1, Sequence, Sequence, Sequence, 1, 2, 8, false, 1, 1, 1, 8, Sequence",2,0,53,673080,673080,30720,256,33280,1096,128,128,112,64,0x0,0x7fe214db1180,80378577,80378577,480,111531840,14944970,1909017444,3371261244550810,3371220673746422,3371220727180490,3371263727665352
52,"void kernel_gemm_xdlops_streamk<GridwiseGemm_bk0mk1_bk0nk1_mn_xdlops_streamk>(GridwiseGemm_bk0mk1_bk0nk1_mn_xdlops_streamk<256, BlockToCTileMap_GemmStreamK, _Float16, float, _Float16, RowMajor, RowMajor, RowMajor, PassThrough, PassThrough, PassThrough, 256, 256, 4, 32, 32, 8, 4, 4, Sequence, Sequence, Sequence, 2, 8, 8, false, 1, Sequence, Sequence, Sequence, 1, 2, 8, false, 1, 1, 1, 8, Sequence",2,0,54,673080,673080,30720,256,33280,1096,128,128,112,64,0x0,0x7fe214db1180,80478910,80478910,480,111531840,14967223,1907453384,3371261244610112,3371220727472490,3371220780880478,3371263781664058
53,"void kernel_gemm_xdlops_streamk<GridwiseGemm_bk0mk1_bk0nk1_mn_xdlops_streamk>(GridwiseGemm_bk0mk1_bk0nk1_mn_xdlops_streamk<256, BlockToCTileMap_GemmStreamK, _Float16, float, _Float16, RowMajor, RowMajor, RowMajor, PassThrough, PassThrough, PassThrough, 256, 256, 4, 32, 32, 8, 4, 4, Sequence, Sequence, Sequence, 2, 8, 8, false, 1, Sequence, Sequence, Sequence, 1, 2, 8, false, 1, 1, 1, 8, Sequence",2,0,55,673080,673080,30720,256,33280,1096,128,128,112,64,0x0,0x7fe214db1180,80419356,80419356,480,111531840,14957109,1907267784,3371261244667851,3371220781197009,3371220834646438,3371263835680429
54,"void kernel_gemm_xdlops_streamk<GridwiseGemm_bk0mk1_bk0nk1_mn_xdlops_streamk>(GridwiseGemm_bk0mk1_bk0nk1_mn_xdlops_streamk<256, BlockToCTileMap_GemmStreamK, _Float16, float, _Float16, RowMajor, RowMajor, RowMajor, PassThrough, PassThrough, PassThrough, 256, 256, 4, 32, 32, 8, 4, 4, Sequence, Sequence, Sequence, 2, 8, 8, false, 1, Sequence, Sequence, Sequence, 1, 2, 8, false, 1, 1, 1, 8, Sequence",2,0,56,673080,673080,30720,256,33280,1096,128,128,112,64,0x0,0x7fe214db1180,80124899,80124899,480,111531840,14867000,1903311428,3371261244725791,3371220834969318,3371220888445307,3371263889478886
55,"void kernel_gemm_xdlops_streamk<GridwiseGemm_bk0mk1_bk0nk1_mn_xdlops_streamk>(GridwiseGemm_bk0mk1_bk0nk1_mn_xdlops_streamk<256, BlockToCTileMap_GemmStreamK, _Float16, float, _Float16, RowMajor, RowMajor, RowMajor, PassThrough, PassThrough, PassThrough, 256, 256, 4, 32, 32, 8, 4, 4, Sequence, Sequence, Sequence, 2, 8, 8, false, 1, Sequence, Sequence, Sequence, 1, 2, 8, false, 1, 1, 1, 8, Sequence",2,0,57,673080,673080,30720,256,33280,1096,128,128,112,64,0x0,0x7fe214db1180,80410345,80410345,480,111531840,14879372,1906922372,3371261244784562,3371220888768402,3371220942274309,3371263943456944
