Index,KernelName,gpu-id,queue-id,queue-index,pid,tid,grd,wgr,lds,scr,arch_vgpr,accum_vgpr,sgpr,wave_size,sig,obj,GRBM_COUNT,GRBM_GUI_ACTIVE,CPC_ME1_BUSY_FOR_PACKET_DECODE,SQ_CYCLES,SQ_WAVES,SQ_WAVE_CYCLES,SQ_BUSY_CYCLES,SQ_LEVEL_WAVES,SQ_ACCUM_PREV_HIRES,DispatchNs,BeginNs,EndNs,CompleteNs
0,__amd_rocclr_fillBufferAligned.kd,2,0,0,672138,672138,3932160,256,0,0,8,8,32,64,0x0,0x7efd6b56d900,70430,70430,22838,563448,61440,28504684,375991,0,115810780,3371228708318432,3371217982151446,3371217982191286,3371228715852944
1,"void kernel_gemm_xdlops_streamk<GridwiseGemm_bk0mk1_bk0nk1_mn_xdlops_streamk>(GridwiseGemm_bk0mk1_bk0nk1_mn_xdlops_streamk<256, BlockToCTileMap_GemmStreamK, _Float16, float, _Float16, RowMajor, RowMajor, RowMajor, PassThrough, PassThrough, PassThrough, 256, 256, 4, 32, 32, 8, 4, 4, Sequence, Sequence, Sequence, 2, 8, 8, false, 1, Sequence, Sequence, Sequence, 1, 2, 8, false, 1, 1, 1, 8, Sequence",2,0,1,672138,672138,30720,256,33280,1096,128,128,112,64,0x0,0x7efd6b531180,80669820,80669820,1207225,645358568,480,9456797013,636942654,0,37827201380,3371228715701518,3371217982564995,3371218035947371,3371228769889338
2,"void kernel_gemm_xdlops_streamk<GridwiseGemm_bk0mk1_bk0nk1_mn_xdlops_streamk>(GridwiseGemm_bk0mk1_bk0nk1_mn_xdlops_streamk<256, BlockToCTileMap_GemmStreamK, _Float16, float, _Float16, RowMajor, RowMajor, RowMajor, PassThrough, PassThrough, PassThrough, 256, 256, 4, 32, 32, 8, 4, 4, Sequence, Sequence, Sequence, 2, 8, 8, false, 1, Sequence, Sequence, Sequence, 1, 2, 8, false, 1, 1, 1, 8, Sequence",2,0,2,672138,672138,30720,256,33280,1096,128,128,112,64,0x0,0x7efd6b531180,80558297,80558297,1139346,644466384,480,9461181969,637848828,0,37844741236,3371228715780477,3371218036266891,3371218089693107,3371228823888671
3,"void kernel_gemm_xdlops_streamk<GridwiseGemm_bk0mk1_bk0nk1_mn_xdlops_streamk>(GridwiseGemm_bk0mk1_bk0nk1_mn_xdlops_streamk<256, BlockToCTileMap_GemmStreamK, _Float16, float, _Float16, RowMajor, RowMajor, RowMajor, PassThrough, PassThrough, PassThrough, 256, 256, 4, 32, 32, 8, 4, 4, Sequence, Sequence, Sequence, 2, 8, 8, false, 1, Sequence, Sequence, Sequence, 1, 2, 8, false, 1, 1, 1, 8, Sequence",2,0,3,672138,672138,30720,256,33280,1096,128,128,112,64,0x0,0x7efd6b531180,80478260,80478260,1075379,643826088,480,9456907001,637421745,0,37827641300,3371228715857122,3371218090010897,3371218143489628,3371228877854811
4,"void kernel_gemm_xdlops_streamk<GridwiseGemm_bk0mk1_bk0nk1_mn_xdlops_streamk>(GridwiseGemm_bk0mk1_bk0nk1_mn_xdlops_streamk<256, BlockToCTileMap_GemmStreamK, _Float16, float, _Float16, RowMajor, RowMajor, RowMajor, PassThrough, PassThrough, PassThrough, 256, 256, 4, 32, 32, 8, 4, 4, Sequence, Sequence, Sequence, 2, 8, 8, false, 1, Sequence, Sequence, Sequence, 1, 2, 8, false, 1, 1, 1, 8, Sequence",2,0,4,672138,672138,30720,256,33280,1096,128,128,112,64,0x0,0x7efd6b531180,80359796,80359796,1034054,642878376,480,9462289613,636863058,0,37849171656,3371228715927705,3371218143812508,3371218197277959,3371228931737654
5,"void kernel_gemm_xdlops_streamk<GridwiseGemm_bk0mk1_bk0nk1_mn_xdlops_streamk>(GridwiseGemm_bk0mk1_bk0nk1_mn_xdlops_streamk<256, BlockToCTileMap_GemmStreamK, _Float16, float, _Float16, RowMajor, RowMajor, RowMajor, PassThrough, PassThrough, PassThrough, 256, 256, 4, 32, 32, 8, 4, 4, Sequence, Sequence, Sequence, 2, 8, 8, false, 1, Sequence, Sequence, Sequence, 1, 2, 8, false, 1, 1, 1, 8, Sequence",2,0,5,672138,672138,30720,256,33280,1096,128,128,112,64,0x0,0x7efd6b531180,80497607,80497607,985550,643980864,480,9465175569,637331191,0,37860715592,3371228716277116,3371218197580259,3371218250974954,3371228985716739
6,"void kernel_gemm_xdlops_streamk<GridwiseGemm_bk0mk1_bk0nk1_mn_xdlops_streamk>(GridwiseGemm_bk0mk1_bk0nk1_mn_xdlops_streamk<256, BlockToCTileMap_GemmStreamK, _Float16, float, _Float16, RowMajor, RowMajor, RowMajor, PassThrough, PassThrough, PassThrough, 256, 256, 4, 32, 32, 8, 4, 4, Sequence, Sequence, Sequence, 2, 8, 8, false, 1, Sequence, Sequence, Sequence, 1, 2, 8, false, 1, 1, 1, 8, Sequence",2,0,8,672138,672138,30720,256,33280,1096,128,128,112,64,0x0,0x7efd6b531180,80452384,80452384,1419259,643619080,480,9471820490,637713460,0,37887295420,3371228985804926,3371218251314314,3371218304710610,3371229039956026
7,"void kernel_gemm_xdlops_streamk<GridwiseGemm_bk0mk1_bk0nk1_mn_xdlops_streamk>(GridwiseGemm_bk0mk1_bk0nk1_mn_xdlops_streamk<256, BlockToCTileMap_GemmStreamK, _Float16, float, _Float16, RowMajor, RowMajor, RowMajor, PassThrough, PassThrough, PassThrough, 256, 256, 4, 32, 32, 8, 4, 4, Sequence, Sequence, Sequence, 2, 8, 8, false, 1, Sequence, Sequence, Sequence, 1, 2, 8, false, 1, 1, 1, 8, Sequence",2,0,9,672138,672138,30720,256,33280,1096,128,128,112,64,0x0,0x7efd6b531180,80331362,80331362,1388348,642650904,480,9454162271,636537185,0,37816662368,3371228986034189,3371218305007893,3371218358415085,3371229093856883
8,"void kernel_gemm_xdlops_streamk<GridwiseGemm_bk0mk1_bk0nk1_mn_xdlops_streamk>(GridwiseGemm_bk0mk1_bk0nk1_mn_xdlops_streamk<256, BlockToCTileMap_GemmStreamK, _Float16, float, _Float16, RowMajor, RowMajor, RowMajor, PassThrough, PassThrough, PassThrough, 256, 256, 4, 32, 32, 8, 4, 4, Sequence, Sequence, Sequence, 2, 8, 8, false, 1, Sequence, Sequence, Sequence, 1, 2, 8, false, 1, 1, 1, 8, Sequence",2,0,10,672138,672138,30720,256,33280,1096,128,128,112,64,0x0,0x7efd6b531180,80077914,80077914,1389423,640623320,480,9450542242,634833942,0,37802182164,3371228986102568,3371218358706925,3371218412177798,3371229147598429
9,"void kernel_gemm_xdlops_streamk<GridwiseGemm_bk0mk1_bk0nk1_mn_xdlops_streamk>(GridwiseGemm_bk0mk1_bk0nk1_mn_xdlops_streamk<256, BlockToCTileMap_GemmStreamK, _Float16, float, _Float16, RowMajor, RowMajor, RowMajor, PassThrough, PassThrough, PassThrough, 256, 256, 4, 32, 32, 8, 4, 4, Sequence, Sequence, Sequence, 2, 8, 8, false, 1, Sequence, Sequence, Sequence, 1, 2, 8, false, 1, 1, 1, 8, Sequence",2,0,11,672138,672138,30720,256,33280,1096,128,128,112,64,0x0,0x7efd6b531180,80412903,80412903,1468390,643303232,480,9460231636,637393917,0,37840939848,3371228986166850,3371218412495433,3371218465962614,3371229201541285
10,"void kernel_gemm_xdlops_streamk<GridwiseGemm_bk0mk1_bk0nk1_mn_xdlops_streamk>(GridwiseGemm_bk0mk1_bk0nk1_mn_xdlops_streamk<256, BlockToCTileMap_GemmStreamK, _Float16, float, _Float16, RowMajor, RowMajor, RowMajor, PassThrough, PassThrough, PassThrough, 256, 256, 4, 32, 32, 8, 4, 4, Sequence, Sequence, Sequence, 2, 8, 8, false, 1, Sequence, Sequence, Sequence, 1, 2, 8, false, 1, 1, 1, 8, Sequence",2,0,12,672138,672138,30720,256,33280,1096,128,128,112,64,0x0,0x7efd6b531180,80401537,80401537,1391022,643212304,480,9448528319,637020170,0,37794126624,3371228986244707,3371218466257014,3371218519666276,3371229255479503
11,"void kernel_gemm_xdlops_streamk<GridwiseGemm_bk0mk1_bk0nk1_mn_xdlops_streamk>(GridwiseGemm_bk0mk1_bk0nk1_mn_xdlops_streamk<256, BlockToCTileMap_GemmStreamK, _Float16, float, _Float16, RowMajor, RowMajor, RowMajor, PassThrough, PassThrough, PassThrough, 256, 256, 4, 32, 32, 8, 4, 4, Sequence, Sequence, Sequence, 2, 8, 8, false, 1, Sequence, Sequence, Sequence, 1, 2, 8, false, 1, 1, 1, 8, Sequence",2,0,13,672138,672138,30720,256,33280,1096,128,128,112,64,0x0,0x7efd6b531180,80441154,80441154,1384713,643529240,480,9459512125,637408841,0,37838061784,3371228986304951,3371218519992670,3371218573465303,3371229309424594
12,"void kernel_gemm_xdlops_streamk<GridwiseGemm_bk0mk1_bk0nk1_mn_xdlops_streamk>(GridwiseGemm_bk0mk1_bk0nk1_mn_xdlops_streamk<256, BlockToCTileMap_GemmStreamK, _Float16, float, _Float16, RowMajor, RowMajor, RowMajor, PassThrough, PassThrough, PassThrough, 256, 256, 4, 32, 32, 8, 4, 4, Sequence, Sequence, Sequence, 2, 8, 8, false, 1, Sequence, Sequence, Sequence, 1, 2, 8, false, 1, 1, 1, 8, Sequence",2,0,14,672138,672138,30720,256,33280,1096,128,128,112,64,0x0,0x7efd6b531180,80440972,80440972,1477441,643527784,480,9455730532,637111016,0,37822935356,3371228986367840,3371218573773783,3371218627206736,3371229363380034
13,"void kernel_gemm_xdlops_streamk<GridwiseGemm_bk0mk1_bk0nk1_mn_xdlops_streamk>(GridwiseGemm_bk0mk1_bk0nk1_mn_xdlops_streamk<256, BlockToCTileMap_GemmStreamK, _Float16, float, _Float16, RowMajor, RowMajor, RowMajor, PassThrough, PassThrough, PassThrough, 256, 256, 4, 32, 32, 8, 4, 4, Sequence, Sequence, Sequence, 2, 8, 8, false, 1, Sequence, Sequence, Sequence, 1, 2, 8, false, 1, 1, 1, 8, Sequence",2,0,15,672138,672138,30720,256,33280,1096,128,128,112,64,0x0,0x7efd6b531180,80464250,80464250,1440715,643714008,480,9458847796,637354425,0,37835404476,3371228986429276,3371218627520166,3371218680912148,3371229417353538
14,"void kernel_gemm_xdlops_streamk<GridwiseGemm_bk0mk1_bk0nk1_mn_xdlops_streamk>(GridwiseGemm_bk0mk1_bk0nk1_mn_xdlops_streamk<256, BlockToCTileMap_GemmStreamK, _Float16, float, _Float16, RowMajor, RowMajor, RowMajor, PassThrough, PassThrough, PassThrough, 256, 256, 4, 32, 32, 8, 4, 4, Sequence, Sequence, Sequence, 2, 8, 8, false, 1, Sequence, Sequence, Sequence, 1, 2, 8, false, 1, 1, 1, 8, Sequence",2,0,16,672138,672138,30720,256,33280,1096,128,128,112,64,0x0,0x7efd6b531180,80544281,80544281,1386973,644354256,480,9462188553,637721710,0,37848767600,3371228986492886,3371218681219668,3371218734655810,3371229471326842
15,"void kernel_gemm_xdlops_streamk<GridwiseGemm_bk0mk1_bk0nk1_mn_xdlops_streamk>(GridwiseGemm_bk0mk1_bk0nk1_mn_xdlops_streamk<256, BlockToCTileMap_GemmStreamK, _Float16, float, _Float16, RowMajor, RowMajor, RowMajor, PassThrough, PassThrough, PassThrough, 256, 256, 4, 32, 32, 8, 4, 4, Sequence, Sequence, Sequence, 2, 8, 8, false, 1, Sequence, Sequence, Sequence, 1, 2, 8, false, 1, 1, 1, 8, Sequence",2,0,17,672138,672138,30720,256,33280,1096,128,128,112,64,0x0,0x7efd6b531180,80400164,80400164,1390306,643201320,480,9460556946,637355875,0,37842241060,3371228986556687,3371218734957542,3371218788422491,3371229525276532
16,"void kernel_gemm_xdlops_streamk<GridwiseGemm_bk0mk1_bk0nk1_mn_xdlops_streamk>(GridwiseGemm_bk0mk1_bk0nk1_mn_xdlops_streamk<256, BlockToCTileMap_GemmStreamK, _Float16, float, _Float16, RowMajor, RowMajor, RowMajor, PassThrough, PassThrough, PassThrough, 256, 256, 4, 32, 32, 8, 4, 4, Sequence, Sequence, Sequence, 2, 8, 8, false, 1, Sequence, Sequence, Sequence, 1, 2, 8, false, 1, 1, 1, 8, Sequence",2,0,18,672138,672138,30720,256,33280,1096,128,128,112,64,0x0,0x7efd6b531180,80480314,80480314,1392902,643842520,480,9460431232,637750178,0,37841738132,3371228986618964,3371218788746331,3371218842229361,3371229579219679
17,"void kernel_gemm_xdlops_streamk<GridwiseGemm_bk0mk1_bk0nk1_mn_xdlops_streamk>(GridwiseGemm_bk0mk1_bk0nk1_mn_xdlops_streamk<256, BlockToCTileMap_GemmStreamK, _Float16, float, _Float16, RowMajor, RowMajor, RowMajor, PassThrough, PassThrough, PassThrough, 256, 256, 4, 32, 32, 8, 4, 4, Sequence, Sequence, Sequence, 2, 8, 8, false, 1, Sequence, Sequence, Sequence, 1, 2, 8, false, 1, 1, 1, 8, Sequence",2,0,19,672138,672138,30720,256,33280,1096,128,128,112,64,0x0,0x7efd6b531180,80472076,80472076,1342537,643776616,480,9461039469,637173553,0,37844171376,3371228986681753,3371218842531318,3371218895924429,3371229633163277
18,"void kernel_gemm_xdlops_streamk<GridwiseGemm_bk0mk1_bk0nk1_mn_xdlops_streamk>(GridwiseGemm_bk0mk1_bk0nk1_mn_xdlops_streamk<256, BlockToCTileMap_GemmStreamK, _Float16, float, _Float16, RowMajor, RowMajor, RowMajor, PassThrough, PassThrough, PassThrough, 256, 256, 4, 32, 32, 8, 4, 4, Sequence, Sequence, Sequence, 2, 8, 8, false, 1, Sequence, Sequence, Sequence, 1, 2, 8, false, 1, 1, 1, 8, Sequence",2,0,20,672138,672138,30720,256,33280,1096,128,128,112,64,0x0,0x7efd6b531180,80554729,80554729,1318852,644437840,480,9457587428,637929190,0,37830363040,3371228986742628,3371218896234349,3371218949709060,3371229687182197
19,"void kernel_gemm_xdlops_streamk<GridwiseGemm_bk0mk1_bk0nk1_mn_xdlops_streamk>(GridwiseGemm_bk0mk1_bk0nk1_mn_xdlops_streamk<256, BlockToCTileMap_GemmStreamK, _Float16, float, _Float16, RowMajor, RowMajor, RowMajor, PassThrough, PassThrough, PassThrough, 256, 256, 4, 32, 32, 8, 4, 4, Sequence, Sequence, Sequence, 2, 8, 8, false, 1, Sequence, Sequence, Sequence, 1, 2, 8, false, 1, 1, 1, 8, Sequence",2,0,21,672138,672138,30720,256,33280,1096,128,128,112,64,0x0,0x7efd6b531180,80402009,80402009,1309867,643216080,480,9457035965,637182399,0,37828157136,3371228986805477,3371218950004635,3371219003487188,3371229741137547
20,"void kernel_gemm_xdlops_streamk<GridwiseGemm_bk0mk1_bk0nk1_mn_xdlops_streamk>(GridwiseGemm_bk0mk1_bk0nk1_mn_xdlops_streamk<256, BlockToCTileMap_GemmStreamK, _Float16, float, _Float16, RowMajor, RowMajor, RowMajor, PassThrough, PassThrough, PassThrough, 256, 256, 4, 32, 32, 8, 4, 4, Sequence, Sequence, Sequence, 2, 8, 8, false, 1, Sequence, Sequence, Sequence, 1, 2, 8, false, 1, 1, 1, 8, Sequence",2,0,22,672138,672138,30720,256,33280,1096,128,128,112,64,0x0,0x7efd6b531180,80475812,80475812,1406172,643806504,480,9454838428,637442750,0,37819366908,3371228986879717,3371219003781268,3371219057219502,3371229795133313
21,"void kernel_gemm_xdlops_streamk<GridwiseGemm_bk0mk1_bk0nk1_mn_xdlops_streamk>(GridwiseGemm_bk0mk1_bk0nk1_mn_xdlops_streamk<256, BlockToCTileMap_GemmStreamK, _Float16, float, _Float16, RowMajor, RowMajor, RowMajor, PassThrough, PassThrough, PassThrough, 256, 256, 4, 32, 32, 8, 4, 4, Sequence, Sequence, Sequence, 2, 8, 8, false, 1, Sequence, Sequence, Sequence, 1, 2, 8, false, 1, 1, 1, 8, Sequence",2,0,23,672138,672138,30720,256,33280,1096,128,128,112,64,0x0,0x7efd6b531180,80464559,80464559,1307750,643716480,480,9460892205,637857313,0,37843582136,3371228986966451,3371219057544602,3371219110909234,3371229849120273
22,"void kernel_gemm_xdlops_streamk<GridwiseGemm_bk0mk1_bk0nk1_mn_xdlops_streamk>(GridwiseGemm_bk0mk1_bk0nk1_mn_xdlops_streamk<256, BlockToCTileMap_GemmStreamK, _Float16, float, _Float16, RowMajor, RowMajor, RowMajor, PassThrough, PassThrough, PassThrough, 256, 256, 4, 32, 32, 8, 4, 4, Sequence, Sequence, Sequence, 2, 8, 8, false, 1, Sequence, Sequence, Sequence, 1, 2, 8, false, 1, 1, 1, 8, Sequence",2,0,24,672138,672138,30720,256,33280,1096,128,128,112,64,0x0,0x7efd6b531180,80455226,80455226,1392985,643641816,480,9464045328,637292256,0,37856194672,3371228987027036,3371219111229874,3371219164700107,3371229903053932
23,"void kernel_gemm_xdlops_streamk<GridwiseGemm_bk0mk1_bk0nk1_mn_xdlops_streamk>(GridwiseGemm_bk0mk1_bk0nk1_mn_xdlops_streamk<256, BlockToCTileMap_GemmStreamK, _Float16, float, _Float16, RowMajor, RowMajor, RowMajor, PassThrough, PassThrough, PassThrough, 256, 256, 4, 32, 32, 8, 4, 4, Sequence, Sequence, Sequence, 2, 8, 8, false, 1, Sequence, Sequence, Sequence, 1, 2, 8, false, 1, 1, 1, 8, Sequence",2,0,25,672138,672138,30720,256,33280,1096,128,128,112,64,0x0,0x7efd6b531180,80478308,80478308,1387800,643826472,480,9462186644,637462809,0,37848759948,3371228987088783,3371219165008973,3371219218377601,3371229957056822
24,"void kernel_gemm_xdlops_streamk<GridwiseGemm_bk0mk1_bk0nk1_mn_xdlops_streamk>(GridwiseGemm_bk0mk1_bk0nk1_mn_xdlops_streamk<256, BlockToCTileMap_GemmStreamK, _Float16, float, _Float16, RowMajor, RowMajor, RowMajor, PassThrough, PassThrough, PassThrough, 256, 256, 4, 32, 32, 8, 4, 4, Sequence, Sequence, Sequence, 2, 8, 8, false, 1, Sequence, Sequence, Sequence, 1, 2, 8, false, 1, 1, 1, 8, Sequence",2,0,26,672138,672138,30720,256,33280,1096,128,128,112,64,0x0,0x7efd6b531180,80400817,80400817,1360552,643206544,480,9457917712,637204782,0,37831684036,3371228987148465,3371219218678881,3371219272145110,3371230011000821
25,"void kernel_gemm_xdlops_streamk<GridwiseGemm_bk0mk1_bk0nk1_mn_xdlops_streamk>(GridwiseGemm_bk0mk1_bk0nk1_mn_xdlops_streamk<256, BlockToCTileMap_GemmStreamK, _Float16, float, _Float16, RowMajor, RowMajor, RowMajor, PassThrough, PassThrough, PassThrough, 256, 256, 4, 32, 32, 8, 4, 4, Sequence, Sequence, Sequence, 2, 8, 8, false, 1, Sequence, Sequence, Sequence, 1, 2, 8, false, 1, 1, 1, 8, Sequence",2,0,27,672138,672138,30720,256,33280,1096,128,128,112,64,0x0,0x7efd6b531180,80447729,80447729,1300324,643581840,480,9458687061,637446157,0,37834761584,3371228987209721,3371219272452251,3371219325895923,3371230064943257
26,"void kernel_gemm_xdlops_streamk<GridwiseGemm_bk0mk1_bk0nk1_mn_xdlops_streamk>(GridwiseGemm_bk0mk1_bk0nk1_mn_xdlops_streamk<256, BlockToCTileMap_GemmStreamK, _Float16, float, _Float16, RowMajor, RowMajor, RowMajor, PassThrough, PassThrough, PassThrough, 256, 256, 4, 32, 32, 8, 4, 4, Sequence, Sequence, Sequence, 2, 8, 8, false, 1, Sequence, Sequence, Sequence, 1, 2, 8, false, 1, 1, 1, 8, Sequence",2,0,28,672138,672138,30720,256,33280,1096,128,128,112,64,0x0,0x7efd6b531180,80547644,80547644,1338530,644381160,480,9460276822,637701710,0,37841120640,3371228987271358,3371219326186483,3371219379613035,3371230118964070
27,"void kernel_gemm_xdlops_streamk<GridwiseGemm_bk0mk1_bk0nk1_mn_xdlops_streamk>(GridwiseGemm_bk0mk1_bk0nk1_mn_xdlops_streamk<256, BlockToCTileMap_GemmStreamK, _Float16, float, _Float16, RowMajor, RowMajor, RowMajor, PassThrough, PassThrough, PassThrough, 256, 256, 4, 32, 32, 8, 4, 4, Sequence, Sequence, Sequence, 2, 8, 8, false, 1, Sequence, Sequence, Sequence, 1, 2, 8, false, 1, 1, 1, 8, Sequence",2,0,29,672138,672138,30720,256,33280,1096,128,128,112,64,0x0,0x7efd6b531180,80404004,80404004,1350182,643232040,480,9453593716,637183061,0,37814388140,3371228987332694,3371219379916302,3371219433273091,3371230172964135
28,"void kernel_gemm_xdlops_streamk<GridwiseGemm_bk0mk1_bk0nk1_mn_xdlops_streamk>(GridwiseGemm_bk0mk1_bk0nk1_mn_xdlops_streamk<256, BlockToCTileMap_GemmStreamK, _Float16, float, _Float16, RowMajor, RowMajor, RowMajor, PassThrough, PassThrough, PassThrough, 256, 256, 4, 32, 32, 8, 4, 4, Sequence, Sequence, Sequence, 2, 8, 8, false, 1, Sequence, Sequence, Sequence, 1, 2, 8, false, 1, 1, 1, 8, Sequence",2,0,30,672138,672138,30720,256,33280,1096,128,128,112,64,0x0,0x7efd6b531180,80471882,80471882,1388928,643775064,480,9452108010,637460126,0,37808445252,3371228987393489,3371219433563171,3371219487021400,3371230226921178
29,"void kernel_gemm_xdlops_streamk<GridwiseGemm_bk0mk1_bk0nk1_mn_xdlops_streamk>(GridwiseGemm_bk0mk1_bk0nk1_mn_xdlops_streamk<256, BlockToCTileMap_GemmStreamK, _Float16, float, _Float16, RowMajor, RowMajor, RowMajor, PassThrough, PassThrough, PassThrough, 256, 256, 4, 32, 32, 8, 4, 4, Sequence, Sequence, Sequence, 2, 8, 8, false, 1, Sequence, Sequence, Sequence, 1, 2, 8, false, 1, 1, 1, 8, Sequence",2,0,31,672138,672138,30720,256,33280,1096,128,128,112,64,0x0,0x7efd6b531180,80528663,80528663,1413694,644229312,480,9460853829,637686765,0,37843428628,3371228987452831,3371219487308105,3371219540743448,3371230280938155
30,"void kernel_gemm_xdlops_streamk<GridwiseGemm_bk0mk1_bk0nk1_mn_xdlops_streamk>(GridwiseGemm_bk0mk1_bk0nk1_mn_xdlops_streamk<256, BlockToCTileMap_GemmStreamK, _Float16, float, _Float16, RowMajor, RowMajor, RowMajor, PassThrough, PassThrough, PassThrough, 256, 256, 4, 32, 32, 8, 4, 4, Sequence, Sequence, Sequence, 2, 8, 8, false, 1, Sequence, Sequence, Sequence, 1, 2, 8, false, 1, 1, 1, 8, Sequence",2,0,32,672138,672138,30720,256,33280,1096,128,128,112,64,0x0,0x7efd6b531180,80402908,80402908,1313252,643223272,480,9459375705,637083262,0,37837516188,3371228987513165,3371219541077368,3371219594461192,3371230334873046
31,"void kernel_gemm_xdlops_streamk<GridwiseGemm_bk0mk1_bk0nk1_mn_xdlops_streamk>(GridwiseGemm_bk0mk1_bk0nk1_mn_xdlops_streamk<256, BlockToCTileMap_GemmStreamK, _Float16, float, _Float16, RowMajor, RowMajor, RowMajor, PassThrough, PassThrough, PassThrough, 256, 256, 4, 32, 32, 8, 4, 4, Sequence, Sequence, Sequence, 2, 8, 8, false, 1, Sequence, Sequence, Sequence, 1, 2, 8, false, 1, 1, 1, 8, Sequence",2,0,33,672138,672138,30720,256,33280,1096,128,128,112,64,0x0,0x7efd6b531180,80543943,80543943,1319133,644351552,480,9458306781,637538959,0,37833240420,3371228987572928,3371219594751745,3371219648143733,3371230388901013
32,"void kernel_gemm_xdlops_streamk<GridwiseGemm_bk0mk1_bk0nk1_mn_xdlops_streamk>(GridwiseGemm_bk0mk1_bk0nk1_mn_xdlops_streamk<256, BlockToCTileMap_GemmStreamK, _Float16, float, _Float16, RowMajor, RowMajor, RowMajor, PassThrough, PassThrough, PassThrough, 256, 256, 4, 32, 32, 8, 4, 4, Sequence, Sequence, Sequence, 2, 8, 8, false, 1, Sequence, Sequence, Sequence, 1, 2, 8, false, 1, 1, 1, 8, Sequence",2,0,34,672138,672138,30720,256,33280,1096,128,128,112,64,0x0,0x7efd6b531180,80471930,80471930,1405839,643775448,480,9451981247,637375196,0,37807938184,3371228987634514,3371219648430773,3371219701867721,3371230442882934
33,"void kernel_gemm_xdlops_streamk<GridwiseGemm_bk0mk1_bk0nk1_mn_xdlops_streamk>(GridwiseGemm_bk0mk1_bk0nk1_mn_xdlops_streamk<256, BlockToCTileMap_GemmStreamK, _Float16, float, _Float16, RowMajor, RowMajor, RowMajor, PassThrough, PassThrough, PassThrough, 256, 256, 4, 32, 32, 8, 4, 4, Sequence, Sequence, Sequence, 2, 8, 8, false, 1, Sequence, Sequence, Sequence, 1, 2, 8, false, 1, 1, 1, 8, Sequence",2,0,35,672138,672138,30720,256,33280,1096,128,128,112,64,0x0,0x7efd6b531180,80390690,80390690,1323968,643125528,480,9447987667,636904489,0,37791963980,3371228987693836,3371219702180375,3371219755604043,3371230496853853
34,"void kernel_gemm_xdlops_streamk<GridwiseGemm_bk0mk1_bk0nk1_mn_xdlops_streamk>(GridwiseGemm_bk0mk1_bk0nk1_mn_xdlops_streamk<256, BlockToCTileMap_GemmStreamK, _Float16, float, _Float16, RowMajor, RowMajor, RowMajor, PassThrough, PassThrough, PassThrough, 256, 256, 4, 32, 32, 8, 4, 4, Sequence, Sequence, Sequence, 2, 8, 8, false, 1, Sequence, Sequence, Sequence, 1, 2, 8, false, 1, 1, 1, 8, Sequence",2,0,36,672138,672138,30720,256,33280,1096,128,128,112,64,0x0,0x7efd6b531180,80386535,80386535,1337367,643092288,480,9460129070,637035298,0,37840529764,3371228987753329,3371219755894763,3371219809274431,3371230550788083
35,"void kernel_gemm_xdlops_streamk<GridwiseGemm_bk0mk1_bk0nk1_mn_xdlops_streamk>(GridwiseGemm_bk0mk1_bk0nk1_mn_xdlops_streamk<256, BlockToCTileMap_GemmStreamK, _Float16, float, _Float16, RowMajor, RowMajor, RowMajor, PassThrough, PassThrough, PassThrough, 256, 256, 4, 32, 32, 8, 4, 4, Sequence, Sequence, Sequence, 2, 8, 8, false, 1, Sequence, Sequence, Sequence, 1, 2, 8, false, 1, 1, 1, 8, Sequence",2,0,37,672138,672138,30720,256,33280,1096,128,128,112,64,0x0,0x7efd6b531180,80470689,80470689,1360766,643765520,480,9459926519,637562649,0,37839719352,3371228987812380,3371219809572652,3371219862994400,3371230604786074
36,"void kernel_gemm_xdlops_streamk<GridwiseGemm_bk0mk1_bk0nk1_mn_xdlops_streamk>(GridwiseGemm_bk0mk1_bk0nk1_mn_xdlops_streamk<256, BlockToCTileMap_GemmStreamK, _Float16, float, _Float16, RowMajor, RowMajor, RowMajor, PassThrough, PassThrough, PassThrough, 256, 256, 4, 32, 32, 8, 4, 4, Sequence, Sequence, Sequence, 2, 8, 8, false, 1, Sequence, Sequence, Sequence, 1, 2, 8, false, 1, 1, 1, 8, Sequence",2,0,38,672138,672138,30720,256,33280,1096,128,128,112,64,0x0,0x7efd6b531180,84560228,80953680,1409140,651331561,960,9478843043,639500440,0,37915398592,3371228987882994,3371219863296640,3371219920254078,3371230661858446
37,"void kernel_gemm_xdlops_streamk<GridwiseGemm_bk0mk1_bk0nk1_mn_xdlops_streamk>(GridwiseGemm_bk0mk1_bk0nk1_mn_xdlops_streamk<256, BlockToCTileMap_GemmStreamK, _Float16, float, _Float16, RowMajor, RowMajor, RowMajor, PassThrough, PassThrough, PassThrough, 256, 256, 4, 32, 32, 8, 4, 4, Sequence, Sequence, Sequence, 2, 8, 8, false, 1, Sequence, Sequence, Sequence, 1, 2, 8, false, 1, 1, 1, 8, Sequence",2,0,39,672138,672138,30720,256,33280,1096,128,128,112,64,0x0,0x7efd6b531180,80475807,80475807,1346636,643806464,480,9459062650,637030692,0,37836263980,3371228987945382,3371219920803959,3371219974241230,3371230715860725
38,"void kernel_gemm_xdlops_streamk<GridwiseGemm_bk0mk1_bk0nk1_mn_xdlops_streamk>(GridwiseGemm_bk0mk1_bk0nk1_mn_xdlops_streamk<256, BlockToCTileMap_GemmStreamK, _Float16, float, _Float16, RowMajor, RowMajor, RowMajor, PassThrough, PassThrough, PassThrough, 256, 256, 4, 32, 32, 8, 4, 4, Sequence, Sequence, Sequence, 2, 8, 8, false, 1, Sequence, Sequence, Sequence, 1, 2, 8, false, 1, 1, 1, 8, Sequence",2,0,40,672138,672138,30720,256,33280,1096,128,128,112,64,0x0,0x7efd6b531180,80479074,80479074,1390704,643832600,480,9454133444,637582427,0,37816547056,3371228988006497,3371219974564110,3371220027973381,3371230769888512
39,"void kernel_gemm_xdlops_streamk<GridwiseGemm_bk0mk1_bk0nk1_mn_xdlops_streamk>(GridwiseGemm_bk0mk1_bk0nk1_mn_xdlops_streamk<256, BlockToCTileMap_GemmStreamK, _Float16, float, _Float16, RowMajor, RowMajor, RowMajor, PassThrough, PassThrough, PassThrough, 256, 256, 4, 32, 32, 8, 4, 4, Sequence, Sequence, Sequence, 2, 8, 8, false, 1, Sequence, Sequence, Sequence, 1, 2, 8, false, 1, 1, 1, 8, Sequence",2,0,41,672138,672138,30720,256,33280,1096,128,128,112,64,0x0,0x7efd6b531180,80338922,80338922,1401409,642711384,480,9451148613,636716428,0,37804607692,3371228988072142,3371220028831423,3371220082303093,3371230823796613
40,"void kernel_gemm_xdlops_streamk<GridwiseGemm_bk0mk1_bk0nk1_mn_xdlops_streamk>(GridwiseGemm_bk0mk1_bk0nk1_mn_xdlops_streamk<256, BlockToCTileMap_GemmStreamK, _Float16, float, _Float16, RowMajor, RowMajor, RowMajor, PassThrough, PassThrough, PassThrough, 256, 256, 4, 32, 32, 8, 4, 4, Sequence, Sequence, Sequence, 2, 8, 8, false, 1, Sequence, Sequence, Sequence, 1, 2, 8, false, 1, 1, 1, 8, Sequence",2,0,42,672138,672138,30720,256,33280,1096,128,128,112,64,0x0,0x7efd6b531180,80472570,80472570,1414299,643780568,480,9460722136,637210985,0,37842901880,3371228988148896,3371220082604533,3371220136081643,3371230877768324
41,"void kernel_gemm_xdlops_streamk<GridwiseGemm_bk0mk1_bk0nk1_mn_xdlops_streamk>(GridwiseGemm_bk0mk1_bk0nk1_mn_xdlops_streamk<256, BlockToCTileMap_GemmStreamK, _Float16, float, _Float16, RowMajor, RowMajor, RowMajor, PassThrough, PassThrough, PassThrough, 256, 256, 4, 32, 32, 8, 4, 4, Sequence, Sequence, Sequence, 2, 8, 8, false, 1, Sequence, Sequence, Sequence, 1, 2, 8, false, 1, 1, 1, 8, Sequence",2,0,43,672138,672138,30720,256,33280,1096,128,128,112,64,0x0,0x7efd6b531180,80375988,80375988,1313215,643007912,480,9460238184,636982807,0,37840966104,3371228988209561,3371220136382162,3371220189830153,3371230931716901
42,"void kernel_gemm_xdlops_streamk<GridwiseGemm_bk0mk1_bk0nk1_mn_xdlops_streamk>(GridwiseGemm_bk0mk1_bk0nk1_mn_xdlops_streamk<256, BlockToCTileMap_GemmStreamK, _Float16, float, _Float16, RowMajor, RowMajor, RowMajor, PassThrough, PassThrough, PassThrough, 256, 256, 4, 32, 32, 8, 4, 4, Sequence, Sequence, Sequence, 2, 8, 8, false, 1, Sequence, Sequence, Sequence, 1, 2, 8, false, 1, 1, 1, 8, Sequence",2,0,44,672138,672138,30720,256,33280,1096,128,128,112,64,0x0,0x7efd6b531180,80393570,80393570,1417927,643148568,480,9451874868,636640697,0,37807512744,3371228988272059,3371220190130473,3371220243583744,3371230985615594
43,"void kernel_gemm_xdlops_streamk<GridwiseGemm_bk0mk1_bk0nk1_mn_xdlops_streamk>(GridwiseGemm_bk0mk1_bk0nk1_mn_xdlops_streamk<256, BlockToCTileMap_GemmStreamK, _Float16, float, _Float16, RowMajor, RowMajor, RowMajor, PassThrough, PassThrough, PassThrough, 256, 256, 4, 32, 32, 8, 4, 4, Sequence, Sequence, Sequence, 2, 8, 8, false, 1, Sequence, Sequence, Sequence, 1, 2, 8, false, 1, 1, 1, 8, Sequence",2,0,45,672138,672138,30720,256,33280,1096,128,128,112,64,0x0,0x7efd6b531180,80468250,80468250,1416988,643746008,480,9459328702,637487042,0,37837328004,3371228988333876,3371220243870928,3371220297297478,3371231039604367
44,"void kernel_gemm_xdlops_streamk<GridwiseGemm_bk0mk1_bk0nk1_mn_xdlops_streamk>(GridwiseGemm_bk0mk1_bk0nk1_mn_xdlops_streamk<256, BlockToCTileMap_GemmStreamK, _Float16, float, _Float16, RowMajor, RowMajor, RowMajor, PassThrough, PassThrough, PassThrough, 256, 256, 4, 32, 32, 8, 4, 4, Sequence, Sequence, Sequence, 2, 8, 8, false, 1, Sequence, Sequence, Sequence, 1, 2, 8, false, 1, 1, 1, 8, Sequence",2,0,46,672138,672138,30720,256,33280,1096,128,128,112,64,0x0,0x7efd6b531180,80332241,80332241,1307583,642657936,480,9450466938,636681843,0,37801881044,3371228988395653,3371220297599558,3371220351067869,3371231093499493
45,"void kernel_gemm_xdlops_streamk<GridwiseGemm_bk0mk1_bk0nk1_mn_xdlops_streamk>(GridwiseGemm_bk0mk1_bk0nk1_mn_xdlops_streamk<256, BlockToCTileMap_GemmStreamK, _Float16, float, _Float16, RowMajor, RowMajor, RowMajor, PassThrough, PassThrough, PassThrough, 256, 256, 4, 32, 32, 8, 4, 4, Sequence, Sequence, Sequence, 2, 8, 8, false, 1, Sequence, Sequence, Sequence, 1, 2, 8, false, 1, 1, 1, 8, Sequence",2,0,47,672138,672138,30720,256,33280,1096,128,128,112,64,0x0,0x7efd6b531180,80468106,80468106,1331762,643744856,480,9459749896,637761168,0,37839012964,3371228988455105,3371220351382926,3371220404822757,3371231147483869
46,"void kernel_gemm_xdlops_streamk<GridwiseGemm_bk0mk1_bk0nk1_mn_xdlops_streamk>(GridwiseGemm_bk0mk1_bk0nk1_mn_xdlops_streamk<256, BlockToCTileMap_GemmStreamK, _Float16, float, _Float16, RowMajor, RowMajor, RowMajor, PassThrough, PassThrough, PassThrough, 256, 256, 4, 32, 32, 8, 4, 4, Sequence, Sequence, Sequence, 2, 8, 8, false, 1, Sequence, Sequence, Sequence, 1, 2, 8, false, 1, 1, 1, 8, Sequence",2,0,48,672138,672138,30720,256,33280,1096,128,128,112,64,0x0,0x7efd6b531180,80473202,80473202,1384081,643785624,480,9457263524,637580035,0,37829067420,3371228988515059,3371220405148517,3371220458560188,3371231201427005
47,"void kernel_gemm_xdlops_streamk<GridwiseGemm_bk0mk1_bk0nk1_mn_xdlops_streamk>(GridwiseGemm_bk0mk1_bk0nk1_mn_xdlops_streamk<256, BlockToCTileMap_GemmStreamK, _Float16, float, _Float16, RowMajor, RowMajor, RowMajor, PassThrough, PassThrough, PassThrough, 256, 256, 4, 32, 32, 8, 4, 4, Sequence, Sequence, Sequence, 2, 8, 8, false, 1, Sequence, Sequence, Sequence, 1, 2, 8, false, 1, 1, 1, 8, Sequence",2,0,49,672138,672138,30720,256,33280,1096,128,128,112,64,0x0,0x7efd6b531180,80475017,80475017,1383633,643800144,480,9455139655,637292442,0,37820571824,3371228988576946,3371220458871263,3371220512319731,3371231255430396
48,"void kernel_gemm_xdlops_streamk<GridwiseGemm_bk0mk1_bk0nk1_mn_xdlops_streamk>(GridwiseGemm_bk0mk1_bk0nk1_mn_xdlops_streamk<256, BlockToCTileMap_GemmStreamK, _Float16, float, _Float16, RowMajor, RowMajor, RowMajor, PassThrough, PassThrough, PassThrough, 256, 256, 4, 32, 32, 8, 4, 4, Sequence, Sequence, Sequence, 2, 8, 8, false, 1, Sequence, Sequence, Sequence, 1, 2, 8, false, 1, 1, 1, 8, Sequence",2,0,50,672138,672138,30720,256,33280,1096,128,128,112,64,0x0,0x7efd6b531180,80384569,80384569,1375745,643076560,480,9458969876,637048011,0,37835892820,3371228988639504,3371220512598451,3371220565972839,3371231309357473
49,"void kernel_gemm_xdlops_streamk<GridwiseGemm_bk0mk1_bk0nk1_mn_xdlops_streamk>(GridwiseGemm_bk0mk1_bk0nk1_mn_xdlops_streamk<256, BlockToCTileMap_GemmStreamK, _Float16, float, _Float16, RowMajor, RowMajor, RowMajor, PassThrough, PassThrough, PassThrough, 256, 256, 4, 32, 32, 8, 4, 4, Sequence, Sequence, Sequence, 2, 8, 8, false, 1, Sequence, Sequence, Sequence, 1, 2, 8, false, 1, 1, 1, 8, Sequence",2,0,51,672138,672138,30720,256,33280,1096,128,128,112,64,0x0,0x7efd6b531180,80446777,80446777,1345341,643574224,480,9449997502,637241770,0,37800003348,3371228988699988,3371220566270550,3371220619704940,3371231363334053
50,"void kernel_gemm_xdlops_streamk<GridwiseGemm_bk0mk1_bk0nk1_mn_xdlops_streamk>(GridwiseGemm_bk0mk1_bk0nk1_mn_xdlops_streamk<256, BlockToCTileMap_GemmStreamK, _Float16, float, _Float16, RowMajor, RowMajor, RowMajor, PassThrough, PassThrough, PassThrough, 256, 256, 4, 32, 32, 8, 4, 4, Sequence, Sequence, Sequence, 2, 8, 8, false, 1, Sequence, Sequence, Sequence, 1, 2, 8, false, 1, 1, 1, 8, Sequence",2,0,52,672138,672138,30720,256,33280,1096,128,128,112,64,0x0,0x7efd6b531180,80309844,80309844,1301175,642478760,480,9448446222,636460907,0,37793798252,3371228988760583,3371220620016140,3371220673435330,3371231417266330
51,"void kernel_gemm_xdlops_streamk<GridwiseGemm_bk0mk1_bk0nk1_mn_xdlops_streamk>(GridwiseGemm_bk0mk1_bk0nk1_mn_xdlops_streamk<256, BlockToCTileMap_GemmStreamK, _Float16, float, _Float16, RowMajor, RowMajor, RowMajor, PassThrough, PassThrough, PassThrough, 256, 256, 4, 32, 32, 8, 4, 4, Sequence, Sequence, Sequence, 2, 8, 8, false, 1, Sequence, Sequence, Sequence, 1, 2, 8, false, 1, 1, 1, 8, Sequence",2,0,53,672138,672138,30720,256,33280,1096,128,128,112,64,0x0,0x7efd6b531180,80484362,80484362,1151681,643874904,480,9457509090,637399762,0,37830049568,3371228988821528,3371220673746422,3371220727180490,3371231471245906
52,"void kernel_gemm_xdlops_streamk<GridwiseGemm_bk0mk1_bk0nk1_mn_xdlops_streamk>(GridwiseGemm_bk0mk1_bk0nk1_mn_xdlops_streamk<256, BlockToCTileMap_GemmStreamK, _Float16, float, _Float16, RowMajor, RowMajor, RowMajor, PassThrough, PassThrough, PassThrough, 256, 256, 4, 32, 32, 8, 4, 4, Sequence, Sequence, Sequence, 2, 8, 8, false, 1, Sequence, Sequence, Sequence, 1, 2, 8, false, 1, 1, 1, 8, Sequence",2,0,54,672138,672138,30720,256,33280,1096,128,128,112,64,0x0,0x7efd6b531180,80430895,80430895,1165091,643447168,480,9461057480,637330389,0,37844243216,3371228988891611,3371220727472490,3371220780880478,3371231525241652
53,"void kernel_gemm_xdlops_streamk<GridwiseGemm_bk0mk1_bk0nk1_mn_xdlops_streamk>(GridwiseGemm_bk0mk1_bk0nk1_mn_xdlops_streamk<256, BlockToCTileMap_GemmStreamK, _Float16, float, _Float16, RowMajor, RowMajor, RowMajor, PassThrough, PassThrough, PassThrough, 256, 256, 4, 32, 32, 8, 4, 4, Sequence, Sequence, Sequence, 2, 8, 8, false, 1, Sequence, Sequence, Sequence, 1, 2, 8, false, 1, 1, 1, 8, Sequence",2,0,55,672138,672138,30720,256,33280,1096,128,128,112,64,0x0,0x7efd6b531180,80424495,80424495,1096855,643395968,480,9457465071,637214008,0,37829873660,3371228988952435,3371220781197009,3371220834646438,3371231579186873
54,"void kernel_gemm_xdlops_streamk<GridwiseGemm_bk0mk1_bk0nk1_mn_xdlops_streamk>(GridwiseGemm_bk0mk1_bk0nk1_mn_xdlops_streamk<256, BlockToCTileMap_GemmStreamK, _Float16, float, _Float16, RowMajor, RowMajor, RowMajor, PassThrough, PassThrough, PassThrough, 256, 256, 4, 32, 32, 8, 4, 4, Sequence, Sequence, Sequence, 2, 8, 8, false, 1, Sequence, Sequence, Sequence, 1, 2, 8, false, 1, 1, 1, 8, Sequence",2,0,56,672138,672138,30720,256,33280,1096,128,128,112,64,0x0,0x7efd6b531180,80430778,80430778,1046726,643446232,480,9450040729,637278401,0,37800176208,3371228989018681,3371220834969318,3371220888445307,3371231633170336
55,"void kernel_gemm_xdlops_streamk<GridwiseGemm_bk0mk1_bk0nk1_mn_xdlops_streamk>(GridwiseGemm_bk0mk1_bk0nk1_mn_xdlops_streamk<256, BlockToCTileMap_GemmStreamK, _Float16, float, _Float16, RowMajor, RowMajor, RowMajor, PassThrough, PassThrough, PassThrough, 256, 256, 4, 32, 32, 8, 4, 4, Sequence, Sequence, Sequence, 2, 8, 8, false, 1, Sequence, Sequence, Sequence, 1, 2, 8, false, 1, 1, 1, 8, Sequence",2,0,57,672138,672138,30720,256,33280,1096,128,128,112,64,0x0,0x7efd6b531180,80503468,80503468,993491,644027752,480,9456380475,637230792,0,37825535092,3371228989080257,3371220888768402,3371220942274309,3371231687157797
