Index,KernelName,gpu-id,queue-id,queue-index,pid,tid,grd,wgr,lds,scr,arch_vgpr,accum_vgpr,sgpr,wave_size,sig,obj,SQ_INSTS_SMEM,SQ_INST_LEVEL_SMEM,SQ_ACCUM_PREV_HIRES,DispatchNs,BeginNs,EndNs,CompleteNs
0,__amd_rocclr_fillBufferAligned.kd,2,0,0,970023,970023,3932160,256,0,0,8,8,32,64,0x0,0x7fdea135d900,430080,493254,63138984,3527451216447908,3527379284751795,3527379284791155,3527451224215041
1,"void kernel_gemm_xdlops_streamk<GridwiseGemm_bk0mk1_bk0nk1_mn_xdlops_streamk>(GridwiseGemm_bk0mk1_bk0nk1_mn_xdlops_streamk<256, BlockToCTileMap_GemmStreamK, _Float16, float, _Float16, RowMajor, RowMajor, RowMajor, PassThrough, PassThrough, PassThrough, 128, 128, 4, 32, 32, 8, 2, 2, Sequence, Sequence, Sequence, 2, 8, 8, false, 1, Sequence, Sequence, Sequence, 1, 2, 8, false, 1, 1, 1, 8, Sequence",2,0,1,970023,970023,30720,256,16896,0,100,100,96,64,0x0,0x7fdea1339180,9120,42393,5388024,3527451224074836,3527379284791155,3527379286519957,3527451226023187
2,"void kernel_gemm_xdlops_streamk<GridwiseGemm_bk0mk1_bk0nk1_mn_xdlops_streamk>(GridwiseGemm_bk0mk1_bk0nk1_mn_xdlops_streamk<256, BlockToCTileMap_GemmStreamK, _Float16, float, _Float16, RowMajor, RowMajor, RowMajor, PassThrough, PassThrough, PassThrough, 128, 128, 4, 32, 32, 8, 2, 2, Sequence, Sequence, Sequence, 2, 8, 8, false, 1, Sequence, Sequence, Sequence, 1, 2, 8, false, 1, 1, 1, 8, Sequence",2,0,2,970023,970023,30720,256,16896,0,100,100,96,64,0x0,0x7fdea1339180,9120,33935,4343640,3527451224144658,3527379286519957,3527379288227160,3527451227779014
3,"void kernel_gemm_xdlops_streamk<GridwiseGemm_bk0mk1_bk0nk1_mn_xdlops_streamk>(GridwiseGemm_bk0mk1_bk0nk1_mn_xdlops_streamk<256, BlockToCTileMap_GemmStreamK, _Float16, float, _Float16, RowMajor, RowMajor, RowMajor, PassThrough, PassThrough, PassThrough, 128, 128, 4, 32, 32, 8, 2, 2, Sequence, Sequence, Sequence, 2, 8, 8, false, 1, Sequence, Sequence, Sequence, 1, 2, 8, false, 1, 1, 1, 8, Sequence",2,0,3,970023,970023,30720,256,16896,0,100,100,96,64,0x0,0x7fdea1339180,9120,39851,5101216,3527451224204641,3527379288227160,3527379289931003,3527451229512038
4,"void kernel_gemm_xdlops_streamk<GridwiseGemm_bk0mk1_bk0nk1_mn_xdlops_streamk>(GridwiseGemm_bk0mk1_bk0nk1_mn_xdlops_streamk<256, BlockToCTileMap_GemmStreamK, _Float16, float, _Float16, RowMajor, RowMajor, RowMajor, PassThrough, PassThrough, PassThrough, 128, 128, 4, 32, 32, 8, 2, 2, Sequence, Sequence, Sequence, 2, 8, 8, false, 1, Sequence, Sequence, Sequence, 1, 2, 8, false, 1, 1, 1, 8, Sequence",2,0,4,970023,970023,30720,256,16896,0,100,100,96,64,0x0,0x7fdea1339180,9120,33557,4279708,3527451224262220,3527379289931003,3527379291656765,3527451231248088
5,"void kernel_gemm_xdlops_streamk<GridwiseGemm_bk0mk1_bk0nk1_mn_xdlops_streamk>(GridwiseGemm_bk0mk1_bk0nk1_mn_xdlops_streamk<256, BlockToCTileMap_GemmStreamK, _Float16, float, _Float16, RowMajor, RowMajor, RowMajor, PassThrough, PassThrough, PassThrough, 128, 128, 4, 32, 32, 8, 2, 2, Sequence, Sequence, Sequence, 2, 8, 8, false, 1, Sequence, Sequence, Sequence, 1, 2, 8, false, 1, 1, 1, 8, Sequence",2,0,5,970023,970023,30720,256,16896,0,100,100,96,64,0x0,0x7fdea1339180,9120,31920,4064716,3527451224549633,3527379291656765,3527379293410368,3527451233022530
6,"void kernel_gemm_xdlops_streamk<GridwiseGemm_bk0mk1_bk0nk1_mn_xdlops_streamk>(GridwiseGemm_bk0mk1_bk0nk1_mn_xdlops_streamk<256, BlockToCTileMap_GemmStreamK, _Float16, float, _Float16, RowMajor, RowMajor, RowMajor, PassThrough, PassThrough, PassThrough, 128, 128, 4, 32, 32, 8, 2, 2, Sequence, Sequence, Sequence, 2, 8, 8, false, 1, Sequence, Sequence, Sequence, 1, 2, 8, false, 1, 1, 1, 8, Sequence",2,0,8,970023,970023,30720,256,16896,0,100,100,96,64,0x0,0x7fdea1339180,9120,63144,8077032,3527451233023822,3527379293441568,3527379295220771,3527451234930024
7,"void kernel_gemm_xdlops_streamk<GridwiseGemm_bk0mk1_bk0nk1_mn_xdlops_streamk>(GridwiseGemm_bk0mk1_bk0nk1_mn_xdlops_streamk<256, BlockToCTileMap_GemmStreamK, _Float16, float, _Float16, RowMajor, RowMajor, RowMajor, PassThrough, PassThrough, PassThrough, 128, 128, 4, 32, 32, 8, 2, 2, Sequence, Sequence, Sequence, 2, 8, 8, false, 1, Sequence, Sequence, Sequence, 1, 2, 8, false, 1, 1, 1, 8, Sequence",2,0,9,970023,970023,30720,256,16896,0,100,100,96,64,0x0,0x7fdea1339180,9120,31751,4044488,3527451233169978,3527379295220771,3527379297013894,3527451236797692
8,"void kernel_gemm_xdlops_streamk<GridwiseGemm_bk0mk1_bk0nk1_mn_xdlops_streamk>(GridwiseGemm_bk0mk1_bk0nk1_mn_xdlops_streamk<256, BlockToCTileMap_GemmStreamK, _Float16, float, _Float16, RowMajor, RowMajor, RowMajor, PassThrough, PassThrough, PassThrough, 128, 128, 4, 32, 32, 8, 2, 2, Sequence, Sequence, Sequence, 2, 8, 8, false, 1, Sequence, Sequence, Sequence, 1, 2, 8, false, 1, 1, 1, 8, Sequence",2,0,10,970023,970023,30720,256,16896,0,100,100,96,64,0x0,0x7fdea1339180,9120,32281,4115580,3527451233226014,3527379297013894,3527379298802537,3527451238605697
9,"void kernel_gemm_xdlops_streamk<GridwiseGemm_bk0mk1_bk0nk1_mn_xdlops_streamk>(GridwiseGemm_bk0mk1_bk0nk1_mn_xdlops_streamk<256, BlockToCTileMap_GemmStreamK, _Float16, float, _Float16, RowMajor, RowMajor, RowMajor, PassThrough, PassThrough, PassThrough, 128, 128, 4, 32, 32, 8, 2, 2, Sequence, Sequence, Sequence, 2, 8, 8, false, 1, Sequence, Sequence, Sequence, 1, 2, 8, false, 1, 1, 1, 8, Sequence",2,0,11,970023,970023,30720,256,16896,0,100,100,96,64,0x0,0x7fdea1339180,9120,30873,3949568,3527451233280096,3527379298802537,3527379300635820,3527451240423431
10,"void kernel_gemm_xdlops_streamk<GridwiseGemm_bk0mk1_bk0nk1_mn_xdlops_streamk>(GridwiseGemm_bk0mk1_bk0nk1_mn_xdlops_streamk<256, BlockToCTileMap_GemmStreamK, _Float16, float, _Float16, RowMajor, RowMajor, RowMajor, PassThrough, PassThrough, PassThrough, 128, 128, 4, 32, 32, 8, 2, 2, Sequence, Sequence, Sequence, 2, 8, 8, false, 1, Sequence, Sequence, Sequence, 1, 2, 8, false, 1, 1, 1, 8, Sequence",2,0,12,970023,970023,30720,256,16896,0,100,100,96,64,0x0,0x7fdea1339180,9120,31963,4075884,3527451233335000,3527379300635820,3527379302437583,3527451242255011
11,"void kernel_gemm_xdlops_streamk<GridwiseGemm_bk0mk1_bk0nk1_mn_xdlops_streamk>(GridwiseGemm_bk0mk1_bk0nk1_mn_xdlops_streamk<256, BlockToCTileMap_GemmStreamK, _Float16, float, _Float16, RowMajor, RowMajor, RowMajor, PassThrough, PassThrough, PassThrough, 128, 128, 4, 32, 32, 8, 2, 2, Sequence, Sequence, Sequence, 2, 8, 8, false, 1, Sequence, Sequence, Sequence, 1, 2, 8, false, 1, 1, 1, 8, Sequence",2,0,13,970023,970023,30720,256,16896,0,100,100,96,64,0x0,0x7fdea1339180,9120,37793,4821324,3527451233389403,3527379302437583,3527379304258866,3527451244107321
12,"void kernel_gemm_xdlops_streamk<GridwiseGemm_bk0mk1_bk0nk1_mn_xdlops_streamk>(GridwiseGemm_bk0mk1_bk0nk1_mn_xdlops_streamk<256, BlockToCTileMap_GemmStreamK, _Float16, float, _Float16, RowMajor, RowMajor, RowMajor, PassThrough, PassThrough, PassThrough, 128, 128, 4, 32, 32, 8, 2, 2, Sequence, Sequence, Sequence, 2, 8, 8, false, 1, Sequence, Sequence, Sequence, 1, 2, 8, false, 1, 1, 1, 8, Sequence",2,0,14,970023,970023,30720,256,16896,0,100,100,96,64,0x0,0x7fdea1339180,9120,31821,4055936,3527451233446361,3527379304258866,3527379306069268,3527451245948940
13,"void kernel_gemm_xdlops_streamk<GridwiseGemm_bk0mk1_bk0nk1_mn_xdlops_streamk>(GridwiseGemm_bk0mk1_bk0nk1_mn_xdlops_streamk<256, BlockToCTileMap_GemmStreamK, _Float16, float, _Float16, RowMajor, RowMajor, RowMajor, PassThrough, PassThrough, PassThrough, 128, 128, 4, 32, 32, 8, 2, 2, Sequence, Sequence, Sequence, 2, 8, 8, false, 1, Sequence, Sequence, Sequence, 1, 2, 8, false, 1, 1, 1, 8, Sequence",2,0,15,970023,970023,30720,256,16896,0,100,100,96,64,0x0,0x7fdea1339180,9120,31900,4076840,3527451233502667,3527379306069268,3527379307884471,3527451247796901
14,"void kernel_gemm_xdlops_streamk<GridwiseGemm_bk0mk1_bk0nk1_mn_xdlops_streamk>(GridwiseGemm_bk0mk1_bk0nk1_mn_xdlops_streamk<256, BlockToCTileMap_GemmStreamK, _Float16, float, _Float16, RowMajor, RowMajor, RowMajor, PassThrough, PassThrough, PassThrough, 128, 128, 4, 32, 32, 8, 2, 2, Sequence, Sequence, Sequence, 2, 8, 8, false, 1, Sequence, Sequence, Sequence, 1, 2, 8, false, 1, 1, 1, 8, Sequence",2,0,16,970023,970023,30720,256,16896,0,100,100,96,64,0x0,0x7fdea1339180,9120,32060,4095320,3527451233560857,3527379307884471,3527379309712154,3527451249612381
15,"void kernel_gemm_xdlops_streamk<GridwiseGemm_bk0mk1_bk0nk1_mn_xdlops_streamk>(GridwiseGemm_bk0mk1_bk0nk1_mn_xdlops_streamk<256, BlockToCTileMap_GemmStreamK, _Float16, float, _Float16, RowMajor, RowMajor, RowMajor, PassThrough, PassThrough, PassThrough, 128, 128, 4, 32, 32, 8, 2, 2, Sequence, Sequence, Sequence, 2, 8, 8, false, 1, Sequence, Sequence, Sequence, 1, 2, 8, false, 1, 1, 1, 8, Sequence",2,0,17,970023,970023,30720,256,16896,0,100,100,96,64,0x0,0x7fdea1339180,9120,30972,3960540,3527451233616772,3527379309712154,3527379311514717,3527451251467004
16,"void kernel_gemm_xdlops_streamk<GridwiseGemm_bk0mk1_bk0nk1_mn_xdlops_streamk>(GridwiseGemm_bk0mk1_bk0nk1_mn_xdlops_streamk<256, BlockToCTileMap_GemmStreamK, _Float16, float, _Float16, RowMajor, RowMajor, RowMajor, PassThrough, PassThrough, PassThrough, 128, 128, 4, 32, 32, 8, 2, 2, Sequence, Sequence, Sequence, 2, 8, 8, false, 1, Sequence, Sequence, Sequence, 1, 2, 8, false, 1, 1, 1, 8, Sequence",2,0,18,970023,970023,30720,256,16896,0,100,100,96,64,0x0,0x7fdea1339180,9120,31864,4067252,3527451233675053,3527379311514717,3527379313326400,3527451253304646
17,"void kernel_gemm_xdlops_streamk<GridwiseGemm_bk0mk1_bk0nk1_mn_xdlops_streamk>(GridwiseGemm_bk0mk1_bk0nk1_mn_xdlops_streamk<256, BlockToCTileMap_GemmStreamK, _Float16, float, _Float16, RowMajor, RowMajor, RowMajor, PassThrough, PassThrough, PassThrough, 128, 128, 4, 32, 32, 8, 2, 2, Sequence, Sequence, Sequence, 2, 8, 8, false, 1, Sequence, Sequence, Sequence, 1, 2, 8, false, 1, 1, 1, 8, Sequence",2,0,19,970023,970023,30720,256,16896,0,100,100,96,64,0x0,0x7fdea1339180,9120,30364,3877312,3527451233728984,3527379313326400,3527379315138723,3527451255145483
18,"void kernel_gemm_xdlops_streamk<GridwiseGemm_bk0mk1_bk0nk1_mn_xdlops_streamk>(GridwiseGemm_bk0mk1_bk0nk1_mn_xdlops_streamk<256, BlockToCTileMap_GemmStreamK, _Float16, float, _Float16, RowMajor, RowMajor, RowMajor, PassThrough, PassThrough, PassThrough, 128, 128, 4, 32, 32, 8, 2, 2, Sequence, Sequence, Sequence, 2, 8, 8, false, 1, Sequence, Sequence, Sequence, 1, 2, 8, false, 1, 1, 1, 8, Sequence",2,0,20,970023,970023,30720,256,16896,0,100,100,96,64,0x0,0x7fdea1339180,9120,30661,3927592,3527451233785872,3527379315138723,3527379316955686,3527451257009555
19,"void kernel_gemm_xdlops_streamk<GridwiseGemm_bk0mk1_bk0nk1_mn_xdlops_streamk>(GridwiseGemm_bk0mk1_bk0nk1_mn_xdlops_streamk<256, BlockToCTileMap_GemmStreamK, _Float16, float, _Float16, RowMajor, RowMajor, RowMajor, PassThrough, PassThrough, PassThrough, 128, 128, 4, 32, 32, 8, 2, 2, Sequence, Sequence, Sequence, 2, 8, 8, false, 1, Sequence, Sequence, Sequence, 1, 2, 8, false, 1, 1, 1, 8, Sequence",2,0,21,970023,970023,30720,256,16896,0,100,100,96,64,0x0,0x7fdea1339180,9120,31662,4037136,3527451233868187,3527379316955686,3527379318780329,3527451258825095
20,"void kernel_gemm_xdlops_streamk<GridwiseGemm_bk0mk1_bk0nk1_mn_xdlops_streamk>(GridwiseGemm_bk0mk1_bk0nk1_mn_xdlops_streamk<256, BlockToCTileMap_GemmStreamK, _Float16, float, _Float16, RowMajor, RowMajor, RowMajor, PassThrough, PassThrough, PassThrough, 128, 128, 4, 32, 32, 8, 2, 2, Sequence, Sequence, Sequence, 2, 8, 8, false, 1, Sequence, Sequence, Sequence, 1, 2, 8, false, 1, 1, 1, 8, Sequence",2,0,22,970023,970023,30720,256,16896,0,100,100,96,64,0x0,0x7fdea1339180,9120,30842,3942152,3527451233925426,3527379318780329,3527379320589932,3527451260668858
21,"void kernel_gemm_xdlops_streamk<GridwiseGemm_bk0mk1_bk0nk1_mn_xdlops_streamk>(GridwiseGemm_bk0mk1_bk0nk1_mn_xdlops_streamk<256, BlockToCTileMap_GemmStreamK, _Float16, float, _Float16, RowMajor, RowMajor, RowMajor, PassThrough, PassThrough, PassThrough, 128, 128, 4, 32, 32, 8, 2, 2, Sequence, Sequence, Sequence, 2, 8, 8, false, 1, Sequence, Sequence, Sequence, 1, 2, 8, false, 1, 1, 1, 8, Sequence",2,0,23,970023,970023,30720,256,16896,0,100,100,96,64,0x0,0x7fdea1339180,9120,30939,3954664,3527451234001559,3527379320589932,3527379322419855,3527451262516018
22,"void kernel_gemm_xdlops_streamk<GridwiseGemm_bk0mk1_bk0nk1_mn_xdlops_streamk>(GridwiseGemm_bk0mk1_bk0nk1_mn_xdlops_streamk<256, BlockToCTileMap_GemmStreamK, _Float16, float, _Float16, RowMajor, RowMajor, RowMajor, PassThrough, PassThrough, PassThrough, 128, 128, 4, 32, 32, 8, 2, 2, Sequence, Sequence, Sequence, 2, 8, 8, false, 1, Sequence, Sequence, Sequence, 1, 2, 8, false, 1, 1, 1, 8, Sequence",2,0,24,970023,970023,30720,256,16896,0,100,100,96,64,0x0,0x7fdea1339180,9120,32720,4165876,3527451234055722,3527379322419855,3527379324217137,3527451264354291
23,"void kernel_gemm_xdlops_streamk<GridwiseGemm_bk0mk1_bk0nk1_mn_xdlops_streamk>(GridwiseGemm_bk0mk1_bk0nk1_mn_xdlops_streamk<256, BlockToCTileMap_GemmStreamK, _Float16, float, _Float16, RowMajor, RowMajor, RowMajor, PassThrough, PassThrough, PassThrough, 128, 128, 4, 32, 32, 8, 2, 2, Sequence, Sequence, Sequence, 2, 8, 8, false, 1, Sequence, Sequence, Sequence, 1, 2, 8, false, 1, 1, 1, 8, Sequence",2,0,25,970023,970023,30720,256,16896,0,100,100,96,64,0x0,0x7fdea1339180,9120,30083,3849384,3527451234116556,3527379324217137,3527379326031380,3527451266193775
24,"void kernel_gemm_xdlops_streamk<GridwiseGemm_bk0mk1_bk0nk1_mn_xdlops_streamk>(GridwiseGemm_bk0mk1_bk0nk1_mn_xdlops_streamk<256, BlockToCTileMap_GemmStreamK, _Float16, float, _Float16, RowMajor, RowMajor, RowMajor, PassThrough, PassThrough, PassThrough, 128, 128, 4, 32, 32, 8, 2, 2, Sequence, Sequence, Sequence, 2, 8, 8, false, 1, Sequence, Sequence, Sequence, 1, 2, 8, false, 1, 1, 1, 8, Sequence",2,0,26,970023,970023,30720,256,16896,0,100,100,96,64,0x0,0x7fdea1339180,9120,30682,3928516,3527451234174576,3527379326031380,3527379327845943,3527451268023672
25,"void kernel_gemm_xdlops_streamk<GridwiseGemm_bk0mk1_bk0nk1_mn_xdlops_streamk>(GridwiseGemm_bk0mk1_bk0nk1_mn_xdlops_streamk<256, BlockToCTileMap_GemmStreamK, _Float16, float, _Float16, RowMajor, RowMajor, RowMajor, PassThrough, PassThrough, PassThrough, 128, 128, 4, 32, 32, 8, 2, 2, Sequence, Sequence, Sequence, 2, 8, 8, false, 1, Sequence, Sequence, Sequence, 1, 2, 8, false, 1, 1, 1, 8, Sequence",2,0,27,970023,970023,30720,256,16896,0,100,100,96,64,0x0,0x7fdea1339180,9120,30628,3910208,3527451234231945,3527379327845943,3527379329670106,3527451269893825
26,"void kernel_gemm_xdlops_streamk<GridwiseGemm_bk0mk1_bk0nk1_mn_xdlops_streamk>(GridwiseGemm_bk0mk1_bk0nk1_mn_xdlops_streamk<256, BlockToCTileMap_GemmStreamK, _Float16, float, _Float16, RowMajor, RowMajor, RowMajor, PassThrough, PassThrough, PassThrough, 128, 128, 4, 32, 32, 8, 2, 2, Sequence, Sequence, Sequence, 2, 8, 8, false, 1, Sequence, Sequence, Sequence, 1, 2, 8, false, 1, 1, 1, 8, Sequence",2,0,28,970023,970023,30720,256,16896,0,100,100,96,64,0x0,0x7fdea1339180,9120,31801,4039464,3527451234286237,3527379329669920,3527379331485921,3527451271716529
27,"void kernel_gemm_xdlops_streamk<GridwiseGemm_bk0mk1_bk0nk1_mn_xdlops_streamk>(GridwiseGemm_bk0mk1_bk0nk1_mn_xdlops_streamk<256, BlockToCTileMap_GemmStreamK, _Float16, float, _Float16, RowMajor, RowMajor, RowMajor, PassThrough, PassThrough, PassThrough, 128, 128, 4, 32, 32, 8, 2, 2, Sequence, Sequence, Sequence, 2, 8, 8, false, 1, Sequence, Sequence, Sequence, 1, 2, 8, false, 1, 1, 1, 8, Sequence",2,0,29,970023,970023,30720,256,16896,0,100,100,96,64,0x0,0x7fdea1339180,9120,31158,3997704,3527451234339097,3527379331485921,3527379333300802,3527451273571032
28,"void kernel_gemm_xdlops_streamk<GridwiseGemm_bk0mk1_bk0nk1_mn_xdlops_streamk>(GridwiseGemm_bk0mk1_bk0nk1_mn_xdlops_streamk<256, BlockToCTileMap_GemmStreamK, _Float16, float, _Float16, RowMajor, RowMajor, RowMajor, PassThrough, PassThrough, PassThrough, 128, 128, 4, 32, 32, 8, 2, 2, Sequence, Sequence, Sequence, 2, 8, 8, false, 1, Sequence, Sequence, Sequence, 1, 2, 8, false, 1, 1, 1, 8, Sequence",2,0,30,970023,970023,30720,256,16896,0,100,100,96,64,0x0,0x7fdea1339180,9120,31483,4014124,3527451234394532,3527379333300802,3527379335094883,3527451275395209
29,"void kernel_gemm_xdlops_streamk<GridwiseGemm_bk0mk1_bk0nk1_mn_xdlops_streamk>(GridwiseGemm_bk0mk1_bk0nk1_mn_xdlops_streamk<256, BlockToCTileMap_GemmStreamK, _Float16, float, _Float16, RowMajor, RowMajor, RowMajor, PassThrough, PassThrough, PassThrough, 128, 128, 4, 32, 32, 8, 2, 2, Sequence, Sequence, Sequence, 2, 8, 8, false, 1, Sequence, Sequence, Sequence, 1, 2, 8, false, 1, 1, 1, 8, Sequence",2,0,31,970023,970023,30720,256,16896,0,100,100,96,64,0x0,0x7fdea1339180,9120,36834,4707444,3527451234448323,3527379335094883,3527379336938885,3527451277247057
30,"void kernel_gemm_xdlops_streamk<GridwiseGemm_bk0mk1_bk0nk1_mn_xdlops_streamk>(GridwiseGemm_bk0mk1_bk0nk1_mn_xdlops_streamk<256, BlockToCTileMap_GemmStreamK, _Float16, float, _Float16, RowMajor, RowMajor, RowMajor, PassThrough, PassThrough, PassThrough, 128, 128, 4, 32, 32, 8, 2, 2, Sequence, Sequence, Sequence, 2, 8, 8, false, 1, Sequence, Sequence, Sequence, 1, 2, 8, false, 1, 1, 1, 8, Sequence",2,0,32,970023,970023,30720,256,16896,0,100,100,96,64,0x0,0x7fdea1339180,9120,30882,3951100,3527451234503608,3527379336938885,3527379338734406,3527451279071944
31,"void kernel_gemm_xdlops_streamk<GridwiseGemm_bk0mk1_bk0nk1_mn_xdlops_streamk>(GridwiseGemm_bk0mk1_bk0nk1_mn_xdlops_streamk<256, BlockToCTileMap_GemmStreamK, _Float16, float, _Float16, RowMajor, RowMajor, RowMajor, PassThrough, PassThrough, PassThrough, 128, 128, 4, 32, 32, 8, 2, 2, Sequence, Sequence, Sequence, 2, 8, 8, false, 1, Sequence, Sequence, Sequence, 1, 2, 8, false, 1, 1, 1, 8, Sequence",2,0,33,970023,970023,30720,256,16896,0,100,100,96,64,0x0,0x7fdea1339180,9120,32050,4085936,3527451234557810,3527379338734406,3527379340565928,3527451280959180
32,"void kernel_gemm_xdlops_streamk<GridwiseGemm_bk0mk1_bk0nk1_mn_xdlops_streamk>(GridwiseGemm_bk0mk1_bk0nk1_mn_xdlops_streamk<256, BlockToCTileMap_GemmStreamK, _Float16, float, _Float16, RowMajor, RowMajor, RowMajor, PassThrough, PassThrough, PassThrough, 128, 128, 4, 32, 32, 8, 2, 2, Sequence, Sequence, Sequence, 2, 8, 8, false, 1, Sequence, Sequence, Sequence, 1, 2, 8, false, 1, 1, 1, 8, Sequence",2,0,34,970023,970023,30720,256,16896,0,100,100,96,64,0x0,0x7fdea1339180,9120,31159,3980588,3527451234612524,3527379340565928,3527379342374089,3527451282773668
33,"void kernel_gemm_xdlops_streamk<GridwiseGemm_bk0mk1_bk0nk1_mn_xdlops_streamk>(GridwiseGemm_bk0mk1_bk0nk1_mn_xdlops_streamk<256, BlockToCTileMap_GemmStreamK, _Float16, float, _Float16, RowMajor, RowMajor, RowMajor, PassThrough, PassThrough, PassThrough, 128, 128, 4, 32, 32, 8, 2, 2, Sequence, Sequence, Sequence, 2, 8, 8, false, 1, Sequence, Sequence, Sequence, 1, 2, 8, false, 1, 1, 1, 8, Sequence",2,0,35,970023,970023,30720,256,16896,0,100,100,96,64,0x0,0x7fdea1339180,9120,31989,4092328,3527451234667788,3527379342374089,3527379344198730,3527451284628973
34,"void kernel_gemm_xdlops_streamk<GridwiseGemm_bk0mk1_bk0nk1_mn_xdlops_streamk>(GridwiseGemm_bk0mk1_bk0nk1_mn_xdlops_streamk<256, BlockToCTileMap_GemmStreamK, _Float16, float, _Float16, RowMajor, RowMajor, RowMajor, PassThrough, PassThrough, PassThrough, 128, 128, 4, 32, 32, 8, 2, 2, Sequence, Sequence, Sequence, 2, 8, 8, false, 1, Sequence, Sequence, Sequence, 1, 2, 8, false, 1, 1, 1, 8, Sequence",2,0,36,970023,970023,30720,256,16896,0,100,100,96,64,0x0,0x7fdea1339180,9120,32272,4110432,3527451234722161,3527379344198730,3527379346011052,3527451286450193
35,"void kernel_gemm_xdlops_streamk<GridwiseGemm_bk0mk1_bk0nk1_mn_xdlops_streamk>(GridwiseGemm_bk0mk1_bk0nk1_mn_xdlops_streamk<256, BlockToCTileMap_GemmStreamK, _Float16, float, _Float16, RowMajor, RowMajor, RowMajor, PassThrough, PassThrough, PassThrough, 128, 128, 4, 32, 32, 8, 2, 2, Sequence, Sequence, Sequence, 2, 8, 8, false, 1, Sequence, Sequence, Sequence, 1, 2, 8, false, 1, 1, 1, 8, Sequence",2,0,37,970023,970023,30720,256,16896,0,100,100,96,64,0x0,0x7fdea1339180,9120,31031,3978904,3527451234776754,3527379346011052,3527379347821453,3527451288300970
36,"void kernel_gemm_xdlops_streamk<GridwiseGemm_bk0mk1_bk0nk1_mn_xdlops_streamk>(GridwiseGemm_bk0mk1_bk0nk1_mn_xdlops_streamk<256, BlockToCTileMap_GemmStreamK, _Float16, float, _Float16, RowMajor, RowMajor, RowMajor, PassThrough, PassThrough, PassThrough, 128, 128, 4, 32, 32, 8, 2, 2, Sequence, Sequence, Sequence, 2, 8, 8, false, 1, Sequence, Sequence, Sequence, 1, 2, 8, false, 1, 1, 1, 8, Sequence",2,0,38,970023,970023,30720,256,16896,0,100,100,96,64,0x0,0x7fdea1339180,9120,30579,3921892,3527451234838701,3527379347821453,3527379349645295,3527451290125436
37,"void kernel_gemm_xdlops_streamk<GridwiseGemm_bk0mk1_bk0nk1_mn_xdlops_streamk>(GridwiseGemm_bk0mk1_bk0nk1_mn_xdlops_streamk<256, BlockToCTileMap_GemmStreamK, _Float16, float, _Float16, RowMajor, RowMajor, RowMajor, PassThrough, PassThrough, PassThrough, 128, 128, 4, 32, 32, 8, 2, 2, Sequence, Sequence, Sequence, 2, 8, 8, false, 1, Sequence, Sequence, Sequence, 1, 2, 8, false, 1, 1, 1, 8, Sequence",2,0,39,970023,970023,30720,256,16896,0,100,100,96,64,0x0,0x7fdea1339180,9120,30222,3864000,3527451234899887,3527379349645295,3527379351447216,3527451292003424
38,"void kernel_gemm_xdlops_streamk<GridwiseGemm_bk0mk1_bk0nk1_mn_xdlops_streamk>(GridwiseGemm_bk0mk1_bk0nk1_mn_xdlops_streamk<256, BlockToCTileMap_GemmStreamK, _Float16, float, _Float16, RowMajor, RowMajor, RowMajor, PassThrough, PassThrough, PassThrough, 128, 128, 4, 32, 32, 8, 2, 2, Sequence, Sequence, Sequence, 2, 8, 8, false, 1, Sequence, Sequence, Sequence, 1, 2, 8, false, 1, 1, 1, 8, Sequence",2,0,40,970023,970023,30720,256,16896,0,100,100,96,64,0x0,0x7fdea1339180,9120,31984,4080512,3527451234956323,3527379351447216,3527379353283217,3527451293824214
39,"void kernel_gemm_xdlops_streamk<GridwiseGemm_bk0mk1_bk0nk1_mn_xdlops_streamk>(GridwiseGemm_bk0mk1_bk0nk1_mn_xdlops_streamk<256, BlockToCTileMap_GemmStreamK, _Float16, float, _Float16, RowMajor, RowMajor, RowMajor, PassThrough, PassThrough, PassThrough, 128, 128, 4, 32, 32, 8, 2, 2, Sequence, Sequence, Sequence, 2, 8, 8, false, 1, Sequence, Sequence, Sequence, 1, 2, 8, false, 1, 1, 1, 8, Sequence",2,0,41,970023,970023,30720,256,16896,0,100,100,96,64,0x0,0x7fdea1339180,9120,30541,3920616,3527451235094584,3527379353283217,3527379355069619,3527451295683246
40,"void kernel_gemm_xdlops_streamk<GridwiseGemm_bk0mk1_bk0nk1_mn_xdlops_streamk>(GridwiseGemm_bk0mk1_bk0nk1_mn_xdlops_streamk<256, BlockToCTileMap_GemmStreamK, _Float16, float, _Float16, RowMajor, RowMajor, RowMajor, PassThrough, PassThrough, PassThrough, 128, 128, 4, 32, 32, 8, 2, 2, Sequence, Sequence, Sequence, 2, 8, 8, false, 1, Sequence, Sequence, Sequence, 1, 2, 8, false, 1, 1, 1, 8, Sequence",2,0,42,970023,970023,30720,256,16896,0,100,100,96,64,0x0,0x7fdea1339180,9120,31544,4031164,3527451235152494,3527379355069619,3527379356911060,3527451297504737
41,"void kernel_gemm_xdlops_streamk<GridwiseGemm_bk0mk1_bk0nk1_mn_xdlops_streamk>(GridwiseGemm_bk0mk1_bk0nk1_mn_xdlops_streamk<256, BlockToCTileMap_GemmStreamK, _Float16, float, _Float16, RowMajor, RowMajor, RowMajor, PassThrough, PassThrough, PassThrough, 128, 128, 4, 32, 32, 8, 2, 2, Sequence, Sequence, Sequence, 2, 8, 8, false, 1, Sequence, Sequence, Sequence, 1, 2, 8, false, 1, 1, 1, 8, Sequence",2,0,43,970023,970023,30720,256,16896,0,100,100,96,64,0x0,0x7fdea1339180,9120,30037,3843612,3527451235207818,3527379356911060,3527379358705942,3527451299368368
42,"void kernel_gemm_xdlops_streamk<GridwiseGemm_bk0mk1_bk0nk1_mn_xdlops_streamk>(GridwiseGemm_bk0mk1_bk0nk1_mn_xdlops_streamk<256, BlockToCTileMap_GemmStreamK, _Float16, float, _Float16, RowMajor, RowMajor, RowMajor, PassThrough, PassThrough, PassThrough, 128, 128, 4, 32, 32, 8, 2, 2, Sequence, Sequence, Sequence, 2, 8, 8, false, 1, Sequence, Sequence, Sequence, 1, 2, 8, false, 1, 1, 1, 8, Sequence",2,0,44,970023,970023,30720,256,16896,0,100,100,96,64,0x0,0x7fdea1339180,9120,35999,4604524,3527451235262982,3527379358705942,3527379360540983,3527451301210508
43,"void kernel_gemm_xdlops_streamk<GridwiseGemm_bk0mk1_bk0nk1_mn_xdlops_streamk>(GridwiseGemm_bk0mk1_bk0nk1_mn_xdlops_streamk<256, BlockToCTileMap_GemmStreamK, _Float16, float, _Float16, RowMajor, RowMajor, RowMajor, PassThrough, PassThrough, PassThrough, 128, 128, 4, 32, 32, 8, 2, 2, Sequence, Sequence, Sequence, 2, 8, 8, false, 1, Sequence, Sequence, Sequence, 1, 2, 8, false, 1, 1, 1, 8, Sequence",2,0,45,970023,970023,30720,256,16896,0,100,100,96,64,0x0,0x7fdea1339180,9120,29962,3827888,3527451235316874,3527379360540983,3527379362340184,3527451303028943
44,"void kernel_gemm_xdlops_streamk<GridwiseGemm_bk0mk1_bk0nk1_mn_xdlops_streamk>(GridwiseGemm_bk0mk1_bk0nk1_mn_xdlops_streamk<256, BlockToCTileMap_GemmStreamK, _Float16, float, _Float16, RowMajor, RowMajor, RowMajor, PassThrough, PassThrough, PassThrough, 128, 128, 4, 32, 32, 8, 2, 2, Sequence, Sequence, Sequence, 2, 8, 8, false, 1, Sequence, Sequence, Sequence, 1, 2, 8, false, 1, 1, 1, 8, Sequence",2,0,46,970023,970023,30720,256,16896,0,100,100,96,64,0x0,0x7fdea1339180,9120,30270,3870456,3527451235377609,3527379362340184,3527379364171866,3527451304869019
45,"void kernel_gemm_xdlops_streamk<GridwiseGemm_bk0mk1_bk0nk1_mn_xdlops_streamk>(GridwiseGemm_bk0mk1_bk0nk1_mn_xdlops_streamk<256, BlockToCTileMap_GemmStreamK, _Float16, float, _Float16, RowMajor, RowMajor, RowMajor, PassThrough, PassThrough, PassThrough, 128, 128, 4, 32, 32, 8, 2, 2, Sequence, Sequence, Sequence, 2, 8, 8, false, 1, Sequence, Sequence, Sequence, 1, 2, 8, false, 1, 1, 1, 8, Sequence",2,0,47,970023,970023,30720,256,16896,0,100,100,96,64,0x0,0x7fdea1339180,9120,30700,3922816,3527451235450266,3527379364171866,3527379365982907,3527451306713314
46,"void kernel_gemm_xdlops_streamk<GridwiseGemm_bk0mk1_bk0nk1_mn_xdlops_streamk>(GridwiseGemm_bk0mk1_bk0nk1_mn_xdlops_streamk<256, BlockToCTileMap_GemmStreamK, _Float16, float, _Float16, RowMajor, RowMajor, RowMajor, PassThrough, PassThrough, PassThrough, 128, 128, 4, 32, 32, 8, 2, 2, Sequence, Sequence, Sequence, 2, 8, 8, false, 1, Sequence, Sequence, Sequence, 1, 2, 8, false, 1, 1, 1, 8, Sequence",2,0,48,970023,970023,30720,256,16896,0,100,100,96,64,0x0,0x7fdea1339180,9120,31251,3984032,3527451235527733,3527379365982907,3527379367787069,3527451308567296
47,"void kernel_gemm_xdlops_streamk<GridwiseGemm_bk0mk1_bk0nk1_mn_xdlops_streamk>(GridwiseGemm_bk0mk1_bk0nk1_mn_xdlops_streamk<256, BlockToCTileMap_GemmStreamK, _Float16, float, _Float16, RowMajor, RowMajor, RowMajor, PassThrough, PassThrough, PassThrough, 128, 128, 4, 32, 32, 8, 2, 2, Sequence, Sequence, Sequence, 2, 8, 8, false, 1, Sequence, Sequence, Sequence, 1, 2, 8, false, 1, 1, 1, 8, Sequence",2,0,49,970023,970023,30720,256,16896,0,100,100,96,64,0x0,0x7fdea1339180,9120,30338,3869340,3527451235595731,3527379367787069,3527379369607070,3527451310389809
48,"void kernel_gemm_xdlops_streamk<GridwiseGemm_bk0mk1_bk0nk1_mn_xdlops_streamk>(GridwiseGemm_bk0mk1_bk0nk1_mn_xdlops_streamk<256, BlockToCTileMap_GemmStreamK, _Float16, float, _Float16, RowMajor, RowMajor, RowMajor, PassThrough, PassThrough, PassThrough, 128, 128, 4, 32, 32, 8, 2, 2, Sequence, Sequence, Sequence, 2, 8, 8, false, 1, Sequence, Sequence, Sequence, 1, 2, 8, false, 1, 1, 1, 8, Sequence",2,0,50,970023,970023,30720,256,16896,0,100,100,96,64,0x0,0x7fdea1339180,9120,31813,4049652,3527451235660524,3527379369607070,3527379371430432,3527451312244653
49,"void kernel_gemm_xdlops_streamk<GridwiseGemm_bk0mk1_bk0nk1_mn_xdlops_streamk>(GridwiseGemm_bk0mk1_bk0nk1_mn_xdlops_streamk<256, BlockToCTileMap_GemmStreamK, _Float16, float, _Float16, RowMajor, RowMajor, RowMajor, PassThrough, PassThrough, PassThrough, 128, 128, 4, 32, 32, 8, 2, 2, Sequence, Sequence, Sequence, 2, 8, 8, false, 1, Sequence, Sequence, Sequence, 1, 2, 8, false, 1, 1, 1, 8, Sequence",2,0,51,970023,970023,30720,256,16896,0,100,100,96,64,0x0,0x7fdea1339180,9120,30043,3859220,3527451235742879,3527379371430432,3527379373235233,3527451314067447
50,"void kernel_gemm_xdlops_streamk<GridwiseGemm_bk0mk1_bk0nk1_mn_xdlops_streamk>(GridwiseGemm_bk0mk1_bk0nk1_mn_xdlops_streamk<256, BlockToCTileMap_GemmStreamK, _Float16, float, _Float16, RowMajor, RowMajor, RowMajor, PassThrough, PassThrough, PassThrough, 128, 128, 4, 32, 32, 8, 2, 2, Sequence, Sequence, Sequence, 2, 8, 8, false, 1, Sequence, Sequence, Sequence, 1, 2, 8, false, 1, 1, 1, 8, Sequence",2,0,52,970023,970023,30720,256,16896,0,100,100,96,64,0x0,0x7fdea1339180,9120,29509,3744380,3527451235820406,3527379373235233,3527379375075714,3527451315941998
51,"void kernel_gemm_xdlops_streamk<GridwiseGemm_bk0mk1_bk0nk1_mn_xdlops_streamk>(GridwiseGemm_bk0mk1_bk0nk1_mn_xdlops_streamk<256, BlockToCTileMap_GemmStreamK, _Float16, float, _Float16, RowMajor, RowMajor, RowMajor, PassThrough, PassThrough, PassThrough, 128, 128, 4, 32, 32, 8, 2, 2, Sequence, Sequence, Sequence, 2, 8, 8, false, 1, Sequence, Sequence, Sequence, 1, 2, 8, false, 1, 1, 1, 8, Sequence",2,0,53,970023,970023,30720,256,16896,0,100,100,96,64,0x0,0x7fdea1339180,9120,32203,4100408,3527451235911728,3527379375075714,3527379376860996,3527451317757628
52,"void kernel_gemm_xdlops_streamk<GridwiseGemm_bk0mk1_bk0nk1_mn_xdlops_streamk>(GridwiseGemm_bk0mk1_bk0nk1_mn_xdlops_streamk<256, BlockToCTileMap_GemmStreamK, _Float16, float, _Float16, RowMajor, RowMajor, RowMajor, PassThrough, PassThrough, PassThrough, 128, 128, 4, 32, 32, 8, 2, 2, Sequence, Sequence, Sequence, 2, 8, 8, false, 1, Sequence, Sequence, Sequence, 1, 2, 8, false, 1, 1, 1, 8, Sequence",2,0,54,970023,970023,30720,256,16896,0,100,100,96,64,0x0,0x7fdea1339180,9120,31086,3960332,3527451235979536,3527379376860996,3527379378698277,3527451319609987
53,"void kernel_gemm_xdlops_streamk<GridwiseGemm_bk0mk1_bk0nk1_mn_xdlops_streamk>(GridwiseGemm_bk0mk1_bk0nk1_mn_xdlops_streamk<256, BlockToCTileMap_GemmStreamK, _Float16, float, _Float16, RowMajor, RowMajor, RowMajor, PassThrough, PassThrough, PassThrough, 128, 128, 4, 32, 32, 8, 2, 2, Sequence, Sequence, Sequence, 2, 8, 8, false, 1, Sequence, Sequence, Sequence, 1, 2, 8, false, 1, 1, 1, 8, Sequence",2,0,55,970023,970023,30720,256,16896,0,100,100,96,64,0x0,0x7fdea1339180,9120,30754,3925044,3527451236046012,3527379378698277,3527379380498439,3527451321461135
54,"void kernel_gemm_xdlops_streamk<GridwiseGemm_bk0mk1_bk0nk1_mn_xdlops_streamk>(GridwiseGemm_bk0mk1_bk0nk1_mn_xdlops_streamk<256, BlockToCTileMap_GemmStreamK, _Float16, float, _Float16, RowMajor, RowMajor, RowMajor, PassThrough, PassThrough, PassThrough, 128, 128, 4, 32, 32, 8, 2, 2, Sequence, Sequence, Sequence, 2, 8, 8, false, 1, Sequence, Sequence, Sequence, 1, 2, 8, false, 1, 1, 1, 8, Sequence",2,0,56,970023,970023,30720,256,16896,0,100,100,96,64,0x0,0x7fdea1339180,9120,30503,3906560,3527451236114000,3527379380498439,3527379382328040,3527451323297734
55,"void kernel_gemm_xdlops_streamk<GridwiseGemm_bk0mk1_bk0nk1_mn_xdlops_streamk>(GridwiseGemm_bk0mk1_bk0nk1_mn_xdlops_streamk<256, BlockToCTileMap_GemmStreamK, _Float16, float, _Float16, RowMajor, RowMajor, RowMajor, PassThrough, PassThrough, PassThrough, 128, 128, 4, 32, 32, 8, 2, 2, Sequence, Sequence, Sequence, 2, 8, 8, false, 1, Sequence, Sequence, Sequence, 1, 2, 8, false, 1, 1, 1, 8, Sequence",2,0,57,970023,970023,30720,256,16896,0,100,100,96,64,0x0,0x7fdea1339180,9120,31046,3957416,3527451236179825,3527379382328040,3527379384138281,3527451325132680
