Index,KernelName,gpu-id,queue-id,queue-index,pid,tid,grd,wgr,lds,scr,arch_vgpr,accum_vgpr,sgpr,wave_size,sig,obj,SQ_INSTS_VMEM,SQ_INST_LEVEL_VMEM,SQ_ACCUM_PREV_HIRES,DispatchNs,BeginNs,EndNs,CompleteNs
0,__amd_rocclr_fillBufferAligned.kd,2,0,0,540682,540682,3932160,256,0,0,8,8,32,64,0x0,0x7f1af002d900,61440,544410,69694744,3329578018674420,3329707487454584,3329707487494264,3329578026458846
1,"void kernel_gemm_xdlops_streamk<GridwiseGemm_bk0mk1_bk0nk1_mn_xdlops_streamk>(GridwiseGemm_bk0mk1_bk0nk1_mn_xdlops_streamk<256, BlockToCTileMap_GemmStreamK, _Float16, float, _Float16, RowMajor, RowMajor, RowMajor, PassThrough, PassThrough, PassThrough, 128, 128, 4, 32, 32, 8, 2, 2, Sequence, Sequence, Sequence, 2, 8, 8, false, 1, Sequence, Sequence, Sequence, 1, 2, 8, false, 1, 1, 1, 8, Sequence",2,0,1,540682,540682,30720,256,16896,0,68,68,96,64,0x0,0x7f1af0009180,4957440,26255630,3359998188,3329578026325044,3329707487494264,3329707489116986,3329578028151935
2,"void kernel_gemm_xdlops_streamk<GridwiseGemm_bk0mk1_bk0nk1_mn_xdlops_streamk>(GridwiseGemm_bk0mk1_bk0nk1_mn_xdlops_streamk<256, BlockToCTileMap_GemmStreamK, _Float16, float, _Float16, RowMajor, RowMajor, RowMajor, PassThrough, PassThrough, PassThrough, 128, 128, 4, 32, 32, 8, 2, 2, Sequence, Sequence, Sequence, 2, 8, 8, false, 1, Sequence, Sequence, Sequence, 1, 2, 8, false, 1, 1, 1, 8, Sequence",2,0,2,540682,540682,30720,256,16896,0,68,68,96,64,0x0,0x7f1af0009180,4957440,26728400,3421411508,3329578026394284,3329707489116986,3329707490667228,3329578029761095
3,"void kernel_gemm_xdlops_streamk<GridwiseGemm_bk0mk1_bk0nk1_mn_xdlops_streamk>(GridwiseGemm_bk0mk1_bk0nk1_mn_xdlops_streamk<256, BlockToCTileMap_GemmStreamK, _Float16, float, _Float16, RowMajor, RowMajor, RowMajor, PassThrough, PassThrough, PassThrough, 128, 128, 4, 32, 32, 8, 2, 2, Sequence, Sequence, Sequence, 2, 8, 8, false, 1, Sequence, Sequence, Sequence, 1, 2, 8, false, 1, 1, 1, 8, Sequence",2,0,3,540682,540682,30720,256,16896,0,68,68,96,64,0x0,0x7f1af0009180,4957440,27067729,3464683032,3329578026455150,3329707490667228,3329707492191390,3329578031319248
4,"void kernel_gemm_xdlops_streamk<GridwiseGemm_bk0mk1_bk0nk1_mn_xdlops_streamk>(GridwiseGemm_bk0mk1_bk0nk1_mn_xdlops_streamk<256, BlockToCTileMap_GemmStreamK, _Float16, float, _Float16, RowMajor, RowMajor, RowMajor, PassThrough, PassThrough, PassThrough, 128, 128, 4, 32, 32, 8, 2, 2, Sequence, Sequence, Sequence, 2, 8, 8, false, 1, Sequence, Sequence, Sequence, 1, 2, 8, false, 1, 1, 1, 8, Sequence",2,0,4,540682,540682,30720,256,16896,0,68,68,96,64,0x0,0x7f1af0009180,4957440,27245026,3487357196,3329578026521976,3329707492191390,3329707493729632,3329578032877623
5,"void kernel_gemm_xdlops_streamk<GridwiseGemm_bk0mk1_bk0nk1_mn_xdlops_streamk>(GridwiseGemm_bk0mk1_bk0nk1_mn_xdlops_streamk<256, BlockToCTileMap_GemmStreamK, _Float16, float, _Float16, RowMajor, RowMajor, RowMajor, PassThrough, PassThrough, PassThrough, 128, 128, 4, 32, 32, 8, 2, 2, Sequence, Sequence, Sequence, 2, 8, 8, false, 1, Sequence, Sequence, Sequence, 1, 2, 8, false, 1, 1, 1, 8, Sequence",2,0,5,540682,540682,30720,256,16896,0,68,68,96,64,0x0,0x7f1af0009180,4957440,27022645,3458965756,3329578026792387,3329707493729632,3329707495296034,3329578034487444
6,"void kernel_gemm_xdlops_streamk<GridwiseGemm_bk0mk1_bk0nk1_mn_xdlops_streamk>(GridwiseGemm_bk0mk1_bk0nk1_mn_xdlops_streamk<256, BlockToCTileMap_GemmStreamK, _Float16, float, _Float16, RowMajor, RowMajor, RowMajor, PassThrough, PassThrough, PassThrough, 128, 128, 4, 32, 32, 8, 2, 2, Sequence, Sequence, Sequence, 2, 8, 8, false, 1, Sequence, Sequence, Sequence, 1, 2, 8, false, 1, 1, 1, 8, Sequence",2,0,8,540682,540682,30720,256,16896,0,68,68,96,64,0x0,0x7f1af0009180,4957440,26899554,3443326268,3329578034488977,3329707495327554,3329707496931396,3329578036240636
7,"void kernel_gemm_xdlops_streamk<GridwiseGemm_bk0mk1_bk0nk1_mn_xdlops_streamk>(GridwiseGemm_bk0mk1_bk0nk1_mn_xdlops_streamk<256, BlockToCTileMap_GemmStreamK, _Float16, float, _Float16, RowMajor, RowMajor, RowMajor, PassThrough, PassThrough, PassThrough, 128, 128, 4, 32, 32, 8, 2, 2, Sequence, Sequence, Sequence, 2, 8, 8, false, 1, Sequence, Sequence, Sequence, 1, 2, 8, false, 1, 1, 1, 8, Sequence",2,0,9,540682,540682,30720,256,16896,0,68,68,96,64,0x0,0x7f1af0009180,4957440,26565268,3399786996,3329578034652385,3329707496931396,3329707498537959,3329578037908857
8,"void kernel_gemm_xdlops_streamk<GridwiseGemm_bk0mk1_bk0nk1_mn_xdlops_streamk>(GridwiseGemm_bk0mk1_bk0nk1_mn_xdlops_streamk<256, BlockToCTileMap_GemmStreamK, _Float16, float, _Float16, RowMajor, RowMajor, RowMajor, PassThrough, PassThrough, PassThrough, 128, 128, 4, 32, 32, 8, 2, 2, Sequence, Sequence, Sequence, 2, 8, 8, false, 1, Sequence, Sequence, Sequence, 1, 2, 8, false, 1, 1, 1, 8, Sequence",2,0,10,540682,540682,30720,256,16896,0,68,68,96,64,0x0,0x7f1af0009180,4957440,26455755,3385563512,3329578034708812,3329707498537959,3329707500145641,3329578039551691
9,"void kernel_gemm_xdlops_streamk<GridwiseGemm_bk0mk1_bk0nk1_mn_xdlops_streamk>(GridwiseGemm_bk0mk1_bk0nk1_mn_xdlops_streamk<256, BlockToCTileMap_GemmStreamK, _Float16, float, _Float16, RowMajor, RowMajor, RowMajor, PassThrough, PassThrough, PassThrough, 128, 128, 4, 32, 32, 8, 2, 2, Sequence, Sequence, Sequence, 2, 8, 8, false, 1, Sequence, Sequence, Sequence, 1, 2, 8, false, 1, 1, 1, 8, Sequence",2,0,11,540682,540682,30720,256,16896,0,68,68,96,64,0x0,0x7f1af0009180,4957440,26708647,3417858976,3329578034767994,3329707500145641,3329707501781803,3329578041191098
10,"void kernel_gemm_xdlops_streamk<GridwiseGemm_bk0mk1_bk0nk1_mn_xdlops_streamk>(GridwiseGemm_bk0mk1_bk0nk1_mn_xdlops_streamk<256, BlockToCTileMap_GemmStreamK, _Float16, float, _Float16, RowMajor, RowMajor, RowMajor, PassThrough, PassThrough, PassThrough, 128, 128, 4, 32, 32, 8, 2, 2, Sequence, Sequence, Sequence, 2, 8, 8, false, 1, Sequence, Sequence, Sequence, 1, 2, 8, false, 1, 1, 1, 8, Sequence",2,0,12,540682,540682,30720,256,16896,0,68,68,96,64,0x0,0x7f1af0009180,4957440,26489689,3389602900,3329578034820413,3329707501781803,3329707503428045,3329578042858799
11,"void kernel_gemm_xdlops_streamk<GridwiseGemm_bk0mk1_bk0nk1_mn_xdlops_streamk>(GridwiseGemm_bk0mk1_bk0nk1_mn_xdlops_streamk<256, BlockToCTileMap_GemmStreamK, _Float16, float, _Float16, RowMajor, RowMajor, RowMajor, PassThrough, PassThrough, PassThrough, 128, 128, 4, 32, 32, 8, 2, 2, Sequence, Sequence, Sequence, 2, 8, 8, false, 1, Sequence, Sequence, Sequence, 1, 2, 8, false, 1, 1, 1, 8, Sequence",2,0,13,540682,540682,30720,256,16896,0,68,68,96,64,0x0,0x7f1af0009180,4957440,26352268,3373246864,3329578034886638,3329707503428045,3329707505063247,3329578044535547
12,"void kernel_gemm_xdlops_streamk<GridwiseGemm_bk0mk1_bk0nk1_mn_xdlops_streamk>(GridwiseGemm_bk0mk1_bk0nk1_mn_xdlops_streamk<256, BlockToCTileMap_GemmStreamK, _Float16, float, _Float16, RowMajor, RowMajor, RowMajor, PassThrough, PassThrough, PassThrough, 128, 128, 4, 32, 32, 8, 2, 2, Sequence, Sequence, Sequence, 2, 8, 8, false, 1, Sequence, Sequence, Sequence, 1, 2, 8, false, 1, 1, 1, 8, Sequence",2,0,14,540682,540682,30720,256,16896,0,68,68,96,64,0x0,0x7f1af0009180,4957440,26590514,3403644168,3329578034947132,3329707505063247,3329707506693650,3329578046219488
13,"void kernel_gemm_xdlops_streamk<GridwiseGemm_bk0mk1_bk0nk1_mn_xdlops_streamk>(GridwiseGemm_bk0mk1_bk0nk1_mn_xdlops_streamk<256, BlockToCTileMap_GemmStreamK, _Float16, float, _Float16, RowMajor, RowMajor, RowMajor, PassThrough, PassThrough, PassThrough, 128, 128, 4, 32, 32, 8, 2, 2, Sequence, Sequence, Sequence, 2, 8, 8, false, 1, Sequence, Sequence, Sequence, 1, 2, 8, false, 1, 1, 1, 8, Sequence",2,0,15,540682,540682,30720,256,16896,0,68,68,96,64,0x0,0x7f1af0009180,4957440,26775105,3427158856,3329578035001455,3329707506693650,3329707508333332,3329578047869335
14,"void kernel_gemm_xdlops_streamk<GridwiseGemm_bk0mk1_bk0nk1_mn_xdlops_streamk>(GridwiseGemm_bk0mk1_bk0nk1_mn_xdlops_streamk<256, BlockToCTileMap_GemmStreamK, _Float16, float, _Float16, RowMajor, RowMajor, RowMajor, PassThrough, PassThrough, PassThrough, 128, 128, 4, 32, 32, 8, 2, 2, Sequence, Sequence, Sequence, 2, 8, 8, false, 1, Sequence, Sequence, Sequence, 1, 2, 8, false, 1, 1, 1, 8, Sequence",2,0,16,540682,540682,30720,256,16896,0,68,68,96,64,0x0,0x7f1af0009180,4957440,26312867,3367278780,3329578035057401,3329707508333332,3329707509978614,3329578049551513
15,"void kernel_gemm_xdlops_streamk<GridwiseGemm_bk0mk1_bk0nk1_mn_xdlops_streamk>(GridwiseGemm_bk0mk1_bk0nk1_mn_xdlops_streamk<256, BlockToCTileMap_GemmStreamK, _Float16, float, _Float16, RowMajor, RowMajor, RowMajor, PassThrough, PassThrough, PassThrough, 128, 128, 4, 32, 32, 8, 2, 2, Sequence, Sequence, Sequence, 2, 8, 8, false, 1, Sequence, Sequence, Sequence, 1, 2, 8, false, 1, 1, 1, 8, Sequence",2,0,17,540682,540682,30720,256,16896,0,68,68,96,64,0x0,0x7f1af0009180,4957440,26532718,3396037152,3329578035110391,3329707509978614,3329707511616856,3329578051227859
16,"void kernel_gemm_xdlops_streamk<GridwiseGemm_bk0mk1_bk0nk1_mn_xdlops_streamk>(GridwiseGemm_bk0mk1_bk0nk1_mn_xdlops_streamk<256, BlockToCTileMap_GemmStreamK, _Float16, float, _Float16, RowMajor, RowMajor, RowMajor, PassThrough, PassThrough, PassThrough, 128, 128, 4, 32, 32, 8, 2, 2, Sequence, Sequence, Sequence, 2, 8, 8, false, 1, Sequence, Sequence, Sequence, 1, 2, 8, false, 1, 1, 1, 8, Sequence",2,0,18,540682,540682,30720,256,16896,0,68,68,96,64,0x0,0x7f1af0009180,4957440,26561364,3400005484,3329578035162780,3329707511616856,3329707513243099,3329578052874681
17,"void kernel_gemm_xdlops_streamk<GridwiseGemm_bk0mk1_bk0nk1_mn_xdlops_streamk>(GridwiseGemm_bk0mk1_bk0nk1_mn_xdlops_streamk<256, BlockToCTileMap_GemmStreamK, _Float16, float, _Float16, RowMajor, RowMajor, RowMajor, PassThrough, PassThrough, PassThrough, 128, 128, 4, 32, 32, 8, 2, 2, Sequence, Sequence, Sequence, 2, 8, 8, false, 1, Sequence, Sequence, Sequence, 1, 2, 8, false, 1, 1, 1, 8, Sequence",2,0,19,540682,540682,30720,256,16896,0,68,68,96,64,0x0,0x7f1af0009180,4957440,26409489,3379560196,3329578035216421,3329707513243099,3329707514887101,3329578054553402
18,"void kernel_gemm_xdlops_streamk<GridwiseGemm_bk0mk1_bk0nk1_mn_xdlops_streamk>(GridwiseGemm_bk0mk1_bk0nk1_mn_xdlops_streamk<256, BlockToCTileMap_GemmStreamK, _Float16, float, _Float16, RowMajor, RowMajor, RowMajor, PassThrough, PassThrough, PassThrough, 128, 128, 4, 32, 32, 8, 2, 2, Sequence, Sequence, Sequence, 2, 8, 8, false, 1, Sequence, Sequence, Sequence, 1, 2, 8, false, 1, 1, 1, 8, Sequence",2,0,20,540682,540682,30720,256,16896,0,68,68,96,64,0x0,0x7f1af0009180,4957440,26570638,3401213200,3329578035269822,3329707514887101,3329707516508703,3329578056233125
19,"void kernel_gemm_xdlops_streamk<GridwiseGemm_bk0mk1_bk0nk1_mn_xdlops_streamk>(GridwiseGemm_bk0mk1_bk0nk1_mn_xdlops_streamk<256, BlockToCTileMap_GemmStreamK, _Float16, float, _Float16, RowMajor, RowMajor, RowMajor, PassThrough, PassThrough, PassThrough, 128, 128, 4, 32, 32, 8, 2, 2, Sequence, Sequence, Sequence, 2, 8, 8, false, 1, Sequence, Sequence, Sequence, 1, 2, 8, false, 1, 1, 1, 8, Sequence",2,0,21,540682,540682,30720,256,16896,0,68,68,96,64,0x0,0x7f1af0009180,4957440,26855866,3437194796,3329578035323814,3329707516508703,3329707518150945,3329578057911847
20,"void kernel_gemm_xdlops_streamk<GridwiseGemm_bk0mk1_bk0nk1_mn_xdlops_streamk>(GridwiseGemm_bk0mk1_bk0nk1_mn_xdlops_streamk<256, BlockToCTileMap_GemmStreamK, _Float16, float, _Float16, RowMajor, RowMajor, RowMajor, PassThrough, PassThrough, PassThrough, 128, 128, 4, 32, 32, 8, 2, 2, Sequence, Sequence, Sequence, 2, 8, 8, false, 1, Sequence, Sequence, Sequence, 1, 2, 8, false, 1, 1, 1, 8, Sequence",2,0,22,540682,540682,30720,256,16896,0,68,68,96,64,0x0,0x7f1af0009180,4957440,26645684,3410801228,3329578035378287,3329707518150945,3329707519793028,3329578059582453
21,"void kernel_gemm_xdlops_streamk<GridwiseGemm_bk0mk1_bk0nk1_mn_xdlops_streamk>(GridwiseGemm_bk0mk1_bk0nk1_mn_xdlops_streamk<256, BlockToCTileMap_GemmStreamK, _Float16, float, _Float16, RowMajor, RowMajor, RowMajor, PassThrough, PassThrough, PassThrough, 128, 128, 4, 32, 32, 8, 2, 2, Sequence, Sequence, Sequence, 2, 8, 8, false, 1, Sequence, Sequence, Sequence, 1, 2, 8, false, 1, 1, 1, 8, Sequence",2,0,23,540682,540682,30720,256,16896,0,68,68,96,64,0x0,0x7f1af0009180,4957440,26678835,3414277928,3329578035458749,3329707519793028,3329707521415430,3329578061238852
22,"void kernel_gemm_xdlops_streamk<GridwiseGemm_bk0mk1_bk0nk1_mn_xdlops_streamk>(GridwiseGemm_bk0mk1_bk0nk1_mn_xdlops_streamk<256, BlockToCTileMap_GemmStreamK, _Float16, float, _Float16, RowMajor, RowMajor, RowMajor, PassThrough, PassThrough, PassThrough, 128, 128, 4, 32, 32, 8, 2, 2, Sequence, Sequence, Sequence, 2, 8, 8, false, 1, Sequence, Sequence, Sequence, 1, 2, 8, false, 1, 1, 1, 8, Sequence",2,0,24,540682,540682,30720,256,16896,0,68,68,96,64,0x0,0x7f1af0009180,4957440,26573156,3401598896,3329578035512370,3329707521415430,3329707523053832,3329578062926440
23,"void kernel_gemm_xdlops_streamk<GridwiseGemm_bk0mk1_bk0nk1_mn_xdlops_streamk>(GridwiseGemm_bk0mk1_bk0nk1_mn_xdlops_streamk<256, BlockToCTileMap_GemmStreamK, _Float16, float, _Float16, RowMajor, RowMajor, RowMajor, PassThrough, PassThrough, PassThrough, 128, 128, 4, 32, 32, 8, 2, 2, Sequence, Sequence, Sequence, 2, 8, 8, false, 1, Sequence, Sequence, Sequence, 1, 2, 8, false, 1, 1, 1, 8, Sequence",2,0,25,540682,540682,30720,256,16896,0,68,68,96,64,0x0,0x7f1af0009180,4957440,26548332,3398332284,3329578035565851,3329707523053832,3329707524694794,3329578064592427
24,"void kernel_gemm_xdlops_streamk<GridwiseGemm_bk0mk1_bk0nk1_mn_xdlops_streamk>(GridwiseGemm_bk0mk1_bk0nk1_mn_xdlops_streamk<256, BlockToCTileMap_GemmStreamK, _Float16, float, _Float16, RowMajor, RowMajor, RowMajor, PassThrough, PassThrough, PassThrough, 128, 128, 4, 32, 32, 8, 2, 2, Sequence, Sequence, Sequence, 2, 8, 8, false, 1, Sequence, Sequence, Sequence, 1, 2, 8, false, 1, 1, 1, 8, Sequence",2,0,26,540682,540682,30720,256,16896,0,68,68,96,64,0x0,0x7f1af0009180,4957440,26660647,3412725004,3329578035620364,3329707524694794,3329707526320556,3329578066253576
25,"void kernel_gemm_xdlops_streamk<GridwiseGemm_bk0mk1_bk0nk1_mn_xdlops_streamk>(GridwiseGemm_bk0mk1_bk0nk1_mn_xdlops_streamk<256, BlockToCTileMap_GemmStreamK, _Float16, float, _Float16, RowMajor, RowMajor, RowMajor, PassThrough, PassThrough, PassThrough, 128, 128, 4, 32, 32, 8, 2, 2, Sequence, Sequence, Sequence, 2, 8, 8, false, 1, Sequence, Sequence, Sequence, 1, 2, 8, false, 1, 1, 1, 8, Sequence",2,0,27,540682,540682,30720,256,16896,0,68,68,96,64,0x0,0x7f1af0009180,4957440,26646477,3410738176,3329578035671992,3329707526320556,3329707527965679,3329578067937026
26,"void kernel_gemm_xdlops_streamk<GridwiseGemm_bk0mk1_bk0nk1_mn_xdlops_streamk>(GridwiseGemm_bk0mk1_bk0nk1_mn_xdlops_streamk<256, BlockToCTileMap_GemmStreamK, _Float16, float, _Float16, RowMajor, RowMajor, RowMajor, PassThrough, PassThrough, PassThrough, 128, 128, 4, 32, 32, 8, 2, 2, Sequence, Sequence, Sequence, 2, 8, 8, false, 1, Sequence, Sequence, Sequence, 1, 2, 8, false, 1, 1, 1, 8, Sequence",2,0,28,540682,540682,30720,256,16896,0,68,68,96,64,0x0,0x7f1af0009180,4957440,26714581,3419506596,3329578035723860,3329707527965679,3329707529608401,3329578069611770
27,"void kernel_gemm_xdlops_streamk<GridwiseGemm_bk0mk1_bk0nk1_mn_xdlops_streamk>(GridwiseGemm_bk0mk1_bk0nk1_mn_xdlops_streamk<256, BlockToCTileMap_GemmStreamK, _Float16, float, _Float16, RowMajor, RowMajor, RowMajor, PassThrough, PassThrough, PassThrough, 128, 128, 4, 32, 32, 8, 2, 2, Sequence, Sequence, Sequence, 2, 8, 8, false, 1, Sequence, Sequence, Sequence, 1, 2, 8, false, 1, 1, 1, 8, Sequence",2,0,29,540682,540682,30720,256,16896,0,68,68,96,64,0x0,0x7f1af0009180,4957440,26626708,3408226796,3329578035781318,3329707529608401,3329707531231603,3329578071290281
28,"void kernel_gemm_xdlops_streamk<GridwiseGemm_bk0mk1_bk0nk1_mn_xdlops_streamk>(GridwiseGemm_bk0mk1_bk0nk1_mn_xdlops_streamk<256, BlockToCTileMap_GemmStreamK, _Float16, float, _Float16, RowMajor, RowMajor, RowMajor, PassThrough, PassThrough, PassThrough, 128, 128, 4, 32, 32, 8, 2, 2, Sequence, Sequence, Sequence, 2, 8, 8, false, 1, Sequence, Sequence, Sequence, 1, 2, 8, false, 1, 1, 1, 8, Sequence",2,0,30,540682,540682,30720,256,16896,0,68,68,96,64,0x0,0x7f1af0009180,4957440,26768669,3425329240,3329578035846411,3329707531231603,3329707532874645,3329578072953433
29,"void kernel_gemm_xdlops_streamk<GridwiseGemm_bk0mk1_bk0nk1_mn_xdlops_streamk>(GridwiseGemm_bk0mk1_bk0nk1_mn_xdlops_streamk<256, BlockToCTileMap_GemmStreamK, _Float16, float, _Float16, RowMajor, RowMajor, RowMajor, PassThrough, PassThrough, PassThrough, 128, 128, 4, 32, 32, 8, 2, 2, Sequence, Sequence, Sequence, 2, 8, 8, false, 1, Sequence, Sequence, Sequence, 1, 2, 8, false, 1, 1, 1, 8, Sequence",2,0,31,540682,540682,30720,256,16896,0,68,68,96,64,0x0,0x7f1af0009180,4957440,26713944,3419581684,3329578035904932,3329707532874572,3329707534519053,3329578074630000
30,"void kernel_gemm_xdlops_streamk<GridwiseGemm_bk0mk1_bk0nk1_mn_xdlops_streamk>(GridwiseGemm_bk0mk1_bk0nk1_mn_xdlops_streamk<256, BlockToCTileMap_GemmStreamK, _Float16, float, _Float16, RowMajor, RowMajor, RowMajor, PassThrough, PassThrough, PassThrough, 128, 128, 4, 32, 32, 8, 2, 2, Sequence, Sequence, Sequence, 2, 8, 8, false, 1, Sequence, Sequence, Sequence, 1, 2, 8, false, 1, 1, 1, 8, Sequence",2,0,32,540682,540682,30720,256,16896,0,68,68,96,64,0x0,0x7f1af0009180,4957440,26573255,3401446068,3329578035963753,3329707534519053,3329707536143374,3329578076316396
31,"void kernel_gemm_xdlops_streamk<GridwiseGemm_bk0mk1_bk0nk1_mn_xdlops_streamk>(GridwiseGemm_bk0mk1_bk0nk1_mn_xdlops_streamk<256, BlockToCTileMap_GemmStreamK, _Float16, float, _Float16, RowMajor, RowMajor, RowMajor, PassThrough, PassThrough, PassThrough, 128, 128, 4, 32, 32, 8, 2, 2, Sequence, Sequence, Sequence, 2, 8, 8, false, 1, Sequence, Sequence, Sequence, 1, 2, 8, false, 1, 1, 1, 8, Sequence",2,0,33,540682,540682,30720,256,16896,0,68,68,96,64,0x0,0x7f1af0009180,4957440,26915414,3445026288,3329578036016893,3329707536143374,3329707537777616,3329578077984438
32,"void kernel_gemm_xdlops_streamk<GridwiseGemm_bk0mk1_bk0nk1_mn_xdlops_streamk>(GridwiseGemm_bk0mk1_bk0nk1_mn_xdlops_streamk<256, BlockToCTileMap_GemmStreamK, _Float16, float, _Float16, RowMajor, RowMajor, RowMajor, PassThrough, PassThrough, PassThrough, 128, 128, 4, 32, 32, 8, 2, 2, Sequence, Sequence, Sequence, 2, 8, 8, false, 1, Sequence, Sequence, Sequence, 1, 2, 8, false, 1, 1, 1, 8, Sequence",2,0,34,540682,540682,30720,256,16896,0,68,68,96,64,0x0,0x7f1af0009180,4957440,26398341,3379136572,3329578036069743,3329707537777616,3329707539425458,3329578079662377
33,"void kernel_gemm_xdlops_streamk<GridwiseGemm_bk0mk1_bk0nk1_mn_xdlops_streamk>(GridwiseGemm_bk0mk1_bk0nk1_mn_xdlops_streamk<256, BlockToCTileMap_GemmStreamK, _Float16, float, _Float16, RowMajor, RowMajor, RowMajor, PassThrough, PassThrough, PassThrough, 128, 128, 4, 32, 32, 8, 2, 2, Sequence, Sequence, Sequence, 2, 8, 8, false, 1, Sequence, Sequence, Sequence, 1, 2, 8, false, 1, 1, 1, 8, Sequence",2,0,35,540682,540682,30720,256,16896,0,68,68,96,64,0x0,0x7f1af0009180,4957440,26910968,3444458696,3329578036122503,3329707539425458,3329707541054579,3329578081342712
34,"void kernel_gemm_xdlops_streamk<GridwiseGemm_bk0mk1_bk0nk1_mn_xdlops_streamk>(GridwiseGemm_bk0mk1_bk0nk1_mn_xdlops_streamk<256, BlockToCTileMap_GemmStreamK, _Float16, float, _Float16, RowMajor, RowMajor, RowMajor, PassThrough, PassThrough, PassThrough, 128, 128, 4, 32, 32, 8, 2, 2, Sequence, Sequence, Sequence, 2, 8, 8, false, 1, Sequence, Sequence, Sequence, 1, 2, 8, false, 1, 1, 1, 8, Sequence",2,0,36,540682,540682,30720,256,16896,0,68,68,96,64,0x0,0x7f1af0009180,4957440,26611418,3406309716,3329578036174251,3329707541054579,3329707542691221,3329578083001385
35,"void kernel_gemm_xdlops_streamk<GridwiseGemm_bk0mk1_bk0nk1_mn_xdlops_streamk>(GridwiseGemm_bk0mk1_bk0nk1_mn_xdlops_streamk<256, BlockToCTileMap_GemmStreamK, _Float16, float, _Float16, RowMajor, RowMajor, RowMajor, PassThrough, PassThrough, PassThrough, 128, 128, 4, 32, 32, 8, 2, 2, Sequence, Sequence, Sequence, 2, 8, 8, false, 1, Sequence, Sequence, Sequence, 1, 2, 8, false, 1, 1, 1, 8, Sequence",2,0,37,540682,540682,30720,256,16896,0,68,68,96,64,0x0,0x7f1af0009180,4957440,26685542,3415179004,3329578036227952,3329707542691221,3329707544330903,3329578084690877
36,"void kernel_gemm_xdlops_streamk<GridwiseGemm_bk0mk1_bk0nk1_mn_xdlops_streamk>(GridwiseGemm_bk0mk1_bk0nk1_mn_xdlops_streamk<256, BlockToCTileMap_GemmStreamK, _Float16, float, _Float16, RowMajor, RowMajor, RowMajor, PassThrough, PassThrough, PassThrough, 128, 128, 4, 32, 32, 8, 2, 2, Sequence, Sequence, Sequence, 2, 8, 8, false, 1, Sequence, Sequence, Sequence, 1, 2, 8, false, 1, 1, 1, 8, Sequence",2,0,38,540682,540682,30720,256,16896,0,68,68,96,64,0x0,0x7f1af0009180,4957440,26717593,3419827428,3329578036286933,3329707544330903,3329707545976184,3329578086370500
37,"void kernel_gemm_xdlops_streamk<GridwiseGemm_bk0mk1_bk0nk1_mn_xdlops_streamk>(GridwiseGemm_bk0mk1_bk0nk1_mn_xdlops_streamk<256, BlockToCTileMap_GemmStreamK, _Float16, float, _Float16, RowMajor, RowMajor, RowMajor, PassThrough, PassThrough, PassThrough, 128, 128, 4, 32, 32, 8, 2, 2, Sequence, Sequence, Sequence, 2, 8, 8, false, 1, Sequence, Sequence, Sequence, 1, 2, 8, false, 1, 1, 1, 8, Sequence",2,0,39,540682,540682,30720,256,16896,0,68,68,96,64,0x0,0x7f1af0009180,4957440,26874377,3438878272,3329578036399827,3329707545976184,3329707547597306,3329578088025387
38,"void kernel_gemm_xdlops_streamk<GridwiseGemm_bk0mk1_bk0nk1_mn_xdlops_streamk>(GridwiseGemm_bk0mk1_bk0nk1_mn_xdlops_streamk<256, BlockToCTileMap_GemmStreamK, _Float16, float, _Float16, RowMajor, RowMajor, RowMajor, PassThrough, PassThrough, PassThrough, 128, 128, 4, 32, 32, 8, 2, 2, Sequence, Sequence, Sequence, 2, 8, 8, false, 1, Sequence, Sequence, Sequence, 1, 2, 8, false, 1, 1, 1, 8, Sequence",2,0,40,540682,540682,30720,256,16896,0,68,68,96,64,0x0,0x7f1af0009180,4957440,26745208,3422670480,3329578036461082,3329707547597306,3329707549239228,3329578089717674
39,"void kernel_gemm_xdlops_streamk<GridwiseGemm_bk0mk1_bk0nk1_mn_xdlops_streamk>(GridwiseGemm_bk0mk1_bk0nk1_mn_xdlops_streamk<256, BlockToCTileMap_GemmStreamK, _Float16, float, _Float16, RowMajor, RowMajor, RowMajor, PassThrough, PassThrough, PassThrough, 128, 128, 4, 32, 32, 8, 2, 2, Sequence, Sequence, Sequence, 2, 8, 8, false, 1, Sequence, Sequence, Sequence, 1, 2, 8, false, 1, 1, 1, 8, Sequence",2,0,41,540682,540682,30720,256,16896,0,68,68,96,64,0x0,0x7f1af0009180,4957440,26775300,3427368608,3329578036515345,3329707549239228,3329707550884350,3329578091398579
40,"void kernel_gemm_xdlops_streamk<GridwiseGemm_bk0mk1_bk0nk1_mn_xdlops_streamk>(GridwiseGemm_bk0mk1_bk0nk1_mn_xdlops_streamk<256, BlockToCTileMap_GemmStreamK, _Float16, float, _Float16, RowMajor, RowMajor, RowMajor, PassThrough, PassThrough, PassThrough, 128, 128, 4, 32, 32, 8, 2, 2, Sequence, Sequence, Sequence, 2, 8, 8, false, 1, Sequence, Sequence, Sequence, 1, 2, 8, false, 1, 1, 1, 8, Sequence",2,0,42,540682,540682,30720,256,16896,0,68,68,96,64,0x0,0x7f1af0009180,4957440,26693008,3416795156,3329578036569257,3329707550884350,3329707552524671,3329578093075958
41,"void kernel_gemm_xdlops_streamk<GridwiseGemm_bk0mk1_bk0nk1_mn_xdlops_streamk>(GridwiseGemm_bk0mk1_bk0nk1_mn_xdlops_streamk<256, BlockToCTileMap_GemmStreamK, _Float16, float, _Float16, RowMajor, RowMajor, RowMajor, PassThrough, PassThrough, PassThrough, 128, 128, 4, 32, 32, 8, 2, 2, Sequence, Sequence, Sequence, 2, 8, 8, false, 1, Sequence, Sequence, Sequence, 1, 2, 8, false, 1, 1, 1, 8, Sequence",2,0,43,540682,540682,30720,256,16896,0,68,68,96,64,0x0,0x7f1af0009180,4957440,26915362,3444182300,3329578036623028,3329707552524671,3329707554144033,3329578094752565
42,"void kernel_gemm_xdlops_streamk<GridwiseGemm_bk0mk1_bk0nk1_mn_xdlops_streamk>(GridwiseGemm_bk0mk1_bk0nk1_mn_xdlops_streamk<256, BlockToCTileMap_GemmStreamK, _Float16, float, _Float16, RowMajor, RowMajor, RowMajor, PassThrough, PassThrough, PassThrough, 128, 128, 4, 32, 32, 8, 2, 2, Sequence, Sequence, Sequence, 2, 8, 8, false, 1, Sequence, Sequence, Sequence, 1, 2, 8, false, 1, 1, 1, 8, Sequence",2,0,44,540682,540682,30720,256,16896,0,68,68,96,64,0x0,0x7f1af0009180,4957440,26596021,3403558424,3329578036676560,3329707554144033,3329707555780515,3329578096423813
43,"void kernel_gemm_xdlops_streamk<GridwiseGemm_bk0mk1_bk0nk1_mn_xdlops_streamk>(GridwiseGemm_bk0mk1_bk0nk1_mn_xdlops_streamk<256, BlockToCTileMap_GemmStreamK, _Float16, float, _Float16, RowMajor, RowMajor, RowMajor, PassThrough, PassThrough, PassThrough, 128, 128, 4, 32, 32, 8, 2, 2, Sequence, Sequence, Sequence, 2, 8, 8, false, 1, Sequence, Sequence, Sequence, 1, 2, 8, false, 1, 1, 1, 8, Sequence",2,0,45,540682,540682,30720,256,16896,0,68,68,96,64,0x0,0x7f1af0009180,4957440,26933703,3447560056,3329578036732275,3329707555780515,3329707557417476,3329578098094839
44,"void kernel_gemm_xdlops_streamk<GridwiseGemm_bk0mk1_bk0nk1_mn_xdlops_streamk>(GridwiseGemm_bk0mk1_bk0nk1_mn_xdlops_streamk<256, BlockToCTileMap_GemmStreamK, _Float16, float, _Float16, RowMajor, RowMajor, RowMajor, PassThrough, PassThrough, PassThrough, 128, 128, 4, 32, 32, 8, 2, 2, Sequence, Sequence, Sequence, 2, 8, 8, false, 1, Sequence, Sequence, Sequence, 1, 2, 8, false, 1, 1, 1, 8, Sequence",2,0,46,540682,540682,30720,256,16896,0,68,68,96,64,0x0,0x7f1af0009180,4957440,26850745,3436811820,3329578036786888,3329707557417476,3329707559059238,3329578099769734
45,"void kernel_gemm_xdlops_streamk<GridwiseGemm_bk0mk1_bk0nk1_mn_xdlops_streamk>(GridwiseGemm_bk0mk1_bk0nk1_mn_xdlops_streamk<256, BlockToCTileMap_GemmStreamK, _Float16, float, _Float16, RowMajor, RowMajor, RowMajor, PassThrough, PassThrough, PassThrough, 128, 128, 4, 32, 32, 8, 2, 2, Sequence, Sequence, Sequence, 2, 8, 8, false, 1, Sequence, Sequence, Sequence, 1, 2, 8, false, 1, 1, 1, 8, Sequence",2,0,47,540682,540682,30720,256,16896,0,68,68,96,64,0x0,0x7f1af0009180,4957440,26593227,3404036512,3329578036850658,3329707559059238,3329707560693800,3329578101456170
46,"void kernel_gemm_xdlops_streamk<GridwiseGemm_bk0mk1_bk0nk1_mn_xdlops_streamk>(GridwiseGemm_bk0mk1_bk0nk1_mn_xdlops_streamk<256, BlockToCTileMap_GemmStreamK, _Float16, float, _Float16, RowMajor, RowMajor, RowMajor, PassThrough, PassThrough, PassThrough, 128, 128, 4, 32, 32, 8, 2, 2, Sequence, Sequence, Sequence, 2, 8, 8, false, 1, Sequence, Sequence, Sequence, 1, 2, 8, false, 1, 1, 1, 8, Sequence",2,0,48,540682,540682,30720,256,16896,0,68,68,96,64,0x0,0x7f1af0009180,4957440,26613839,3405834924,3329578036909530,3329707560693800,3329707562318761,3329578103118069
47,"void kernel_gemm_xdlops_streamk<GridwiseGemm_bk0mk1_bk0nk1_mn_xdlops_streamk>(GridwiseGemm_bk0mk1_bk0nk1_mn_xdlops_streamk<256, BlockToCTileMap_GemmStreamK, _Float16, float, _Float16, RowMajor, RowMajor, RowMajor, PassThrough, PassThrough, PassThrough, 128, 128, 4, 32, 32, 8, 2, 2, Sequence, Sequence, Sequence, 2, 8, 8, false, 1, Sequence, Sequence, Sequence, 1, 2, 8, false, 1, 1, 1, 8, Sequence",2,0,49,540682,540682,30720,256,16896,0,68,68,96,64,0x0,0x7f1af0009180,4957440,26528142,3395512228,3329578036966307,3329707562318761,3329707563961643,3329578104798804
48,"void kernel_gemm_xdlops_streamk<GridwiseGemm_bk0mk1_bk0nk1_mn_xdlops_streamk>(GridwiseGemm_bk0mk1_bk0nk1_mn_xdlops_streamk<256, BlockToCTileMap_GemmStreamK, _Float16, float, _Float16, RowMajor, RowMajor, RowMajor, PassThrough, PassThrough, PassThrough, 128, 128, 4, 32, 32, 8, 2, 2, Sequence, Sequence, Sequence, 2, 8, 8, false, 1, Sequence, Sequence, Sequence, 1, 2, 8, false, 1, 1, 1, 8, Sequence",2,0,50,540682,540682,30720,256,16896,0,68,68,96,64,0x0,0x7f1af0009180,4957440,26667524,3413654696,3329578037020950,3329707563961643,3329707565607085,3329578106477025
49,"void kernel_gemm_xdlops_streamk<GridwiseGemm_bk0mk1_bk0nk1_mn_xdlops_streamk>(GridwiseGemm_bk0mk1_bk0nk1_mn_xdlops_streamk<256, BlockToCTileMap_GemmStreamK, _Float16, float, _Float16, RowMajor, RowMajor, RowMajor, PassThrough, PassThrough, PassThrough, 128, 128, 4, 32, 32, 8, 2, 2, Sequence, Sequence, Sequence, 2, 8, 8, false, 1, Sequence, Sequence, Sequence, 1, 2, 8, false, 1, 1, 1, 8, Sequence",2,0,51,540682,540682,30720,256,16896,0,68,68,96,64,0x0,0x7f1af0009180,4957440,27096177,3468328212,3329578037076485,3329707565607085,3329707567246607,3329578108143303
50,"void kernel_gemm_xdlops_streamk<GridwiseGemm_bk0mk1_bk0nk1_mn_xdlops_streamk>(GridwiseGemm_bk0mk1_bk0nk1_mn_xdlops_streamk<256, BlockToCTileMap_GemmStreamK, _Float16, float, _Float16, RowMajor, RowMajor, RowMajor, PassThrough, PassThrough, PassThrough, 128, 128, 4, 32, 32, 8, 2, 2, Sequence, Sequence, Sequence, 2, 8, 8, false, 1, Sequence, Sequence, Sequence, 1, 2, 8, false, 1, 1, 1, 8, Sequence",2,0,52,540682,540682,30720,256,16896,0,68,68,96,64,0x0,0x7f1af0009180,4957440,26678649,3415019596,3329578037129986,3329707567246607,3329707568882928,3329578109833747
51,"void kernel_gemm_xdlops_streamk<GridwiseGemm_bk0mk1_bk0nk1_mn_xdlops_streamk>(GridwiseGemm_bk0mk1_bk0nk1_mn_xdlops_streamk<256, BlockToCTileMap_GemmStreamK, _Float16, float, _Float16, RowMajor, RowMajor, RowMajor, PassThrough, PassThrough, PassThrough, 128, 128, 4, 32, 32, 8, 2, 2, Sequence, Sequence, Sequence, 2, 8, 8, false, 1, Sequence, Sequence, Sequence, 1, 2, 8, false, 1, 1, 1, 8, Sequence",2,0,53,540682,540682,30720,256,16896,0,68,68,96,64,0x0,0x7f1af0009180,4957440,26839834,3434926276,3329578037183407,3329707568882928,3329707570517010,3329578111508971
52,"void kernel_gemm_xdlops_streamk<GridwiseGemm_bk0mk1_bk0nk1_mn_xdlops_streamk>(GridwiseGemm_bk0mk1_bk0nk1_mn_xdlops_streamk<256, BlockToCTileMap_GemmStreamK, _Float16, float, _Float16, RowMajor, RowMajor, RowMajor, PassThrough, PassThrough, PassThrough, 128, 128, 4, 32, 32, 8, 2, 2, Sequence, Sequence, Sequence, 2, 8, 8, false, 1, Sequence, Sequence, Sequence, 1, 2, 8, false, 1, 1, 1, 8, Sequence",2,0,54,540682,540682,30720,256,16896,0,68,68,96,64,0x0,0x7f1af0009180,4957440,26673350,3413694056,3329578037238190,3329707570517010,3329707572156532,3329578113191610
53,"void kernel_gemm_xdlops_streamk<GridwiseGemm_bk0mk1_bk0nk1_mn_xdlops_streamk>(GridwiseGemm_bk0mk1_bk0nk1_mn_xdlops_streamk<256, BlockToCTileMap_GemmStreamK, _Float16, float, _Float16, RowMajor, RowMajor, RowMajor, PassThrough, PassThrough, PassThrough, 128, 128, 4, 32, 32, 8, 2, 2, Sequence, Sequence, Sequence, 2, 8, 8, false, 1, Sequence, Sequence, Sequence, 1, 2, 8, false, 1, 1, 1, 8, Sequence",2,0,55,540682,540682,30720,256,16896,0,68,68,96,64,0x0,0x7f1af0009180,4957440,26927736,3446925244,3329578037292143,3329707572156532,3329707573804373,3329578114856946
54,"void kernel_gemm_xdlops_streamk<GridwiseGemm_bk0mk1_bk0nk1_mn_xdlops_streamk>(GridwiseGemm_bk0mk1_bk0nk1_mn_xdlops_streamk<256, BlockToCTileMap_GemmStreamK, _Float16, float, _Float16, RowMajor, RowMajor, RowMajor, PassThrough, PassThrough, PassThrough, 128, 128, 4, 32, 32, 8, 2, 2, Sequence, Sequence, Sequence, 2, 8, 8, false, 1, Sequence, Sequence, Sequence, 1, 2, 8, false, 1, 1, 1, 8, Sequence",2,0,56,540682,540682,30720,256,16896,0,68,68,96,64,0x0,0x7f1af0009180,4957440,26709237,3418732296,3329578037346174,3329707573804373,3329707575430775,3329578116533573
55,"void kernel_gemm_xdlops_streamk<GridwiseGemm_bk0mk1_bk0nk1_mn_xdlops_streamk>(GridwiseGemm_bk0mk1_bk0nk1_mn_xdlops_streamk<256, BlockToCTileMap_GemmStreamK, _Float16, float, _Float16, RowMajor, RowMajor, RowMajor, PassThrough, PassThrough, PassThrough, 128, 128, 4, 32, 32, 8, 2, 2, Sequence, Sequence, Sequence, 2, 8, 8, false, 1, Sequence, Sequence, Sequence, 1, 2, 8, false, 1, 1, 1, 8, Sequence",2,0,57,540682,540682,30720,256,16896,0,68,68,96,64,0x0,0x7f1af0009180,4957440,26759889,3425164224,3329578037401319,3329707575430775,3329707577063417,3329578118214599
