Index,KernelName,gpu-id,queue-id,queue-index,pid,tid,grd,wgr,lds,scr,arch_vgpr,accum_vgpr,sgpr,wave_size,sig,obj,SQ_INSTS_LDS,SQ_INST_LEVEL_LDS,SQ_ACCUM_PREV_HIRES,DispatchNs,BeginNs,EndNs,CompleteNs
0,__amd_rocclr_fillBufferAligned.kd,2,0,0,306694,306694,3932160,256,0,0,8,8,32,64,0x0,0x7f9fe5d45900,0,0,0,7315809255730397,7315767033361579,7315767033399659,7315809264326958
1,"void kernel_gemm_xdlops_streamk<GridwiseGemm_bk0mk1_bk0nk1_mn_xdlops_streamk>(GridwiseGemm_bk0mk1_bk0nk1_mn_xdlops_streamk<256, BlockToCTileMap_GemmStreamK, _Float16, float, _Float16, RowMajor, RowMajor, RowMajor, PassThrough, PassThrough, PassThrough, 128, 128, 4, 32, 32, 8, 2, 2, Sequence, Sequence, Sequence, 2, 8, 8, false, 1, Sequence, Sequence, Sequence, 1, 2, 8, false, 1, 1, 1, 8, Sequence",2,0,1,306694,306694,30720,256,16896,0,128,128,96,64,0x0,0x7f9fe5d21180,6082560,5113363,654515168,7315809264193855,7315767033399659,7315767043357099,7315809274401184
2,"void kernel_gemm_xdlops_streamk<GridwiseGemm_bk0mk1_bk0nk1_mn_xdlops_streamk>(GridwiseGemm_bk0mk1_bk0nk1_mn_xdlops_streamk<256, BlockToCTileMap_GemmStreamK, _Float16, float, _Float16, RowMajor, RowMajor, RowMajor, PassThrough, PassThrough, PassThrough, 128, 128, 4, 32, 32, 8, 2, 2, Sequence, Sequence, Sequence, 2, 8, 8, false, 1, Sequence, Sequence, Sequence, 1, 2, 8, false, 1, 1, 1, 8, Sequence",2,0,2,306694,306694,30720,256,16896,0,128,128,96,64,0x0,0x7f9fe5d21180,6082560,5101960,653134990,7315809264268617,7315767043357099,7315767053288939,7315809284362073
3,"void kernel_gemm_xdlops_streamk<GridwiseGemm_bk0mk1_bk0nk1_mn_xdlops_streamk>(GridwiseGemm_bk0mk1_bk0nk1_mn_xdlops_streamk<256, BlockToCTileMap_GemmStreamK, _Float16, float, _Float16, RowMajor, RowMajor, RowMajor, PassThrough, PassThrough, PassThrough, 128, 128, 4, 32, 32, 8, 2, 2, Sequence, Sequence, Sequence, 2, 8, 8, false, 1, Sequence, Sequence, Sequence, 1, 2, 8, false, 1, 1, 1, 8, Sequence",2,0,3,306694,306694,30720,256,16896,0,128,128,96,64,0x0,0x7f9fe5d21180,6082560,5109163,654418100,7315809264330024,7315767053288939,7315767063205899,7315809294333313
4,"void kernel_gemm_xdlops_streamk<GridwiseGemm_bk0mk1_bk0nk1_mn_xdlops_streamk>(GridwiseGemm_bk0mk1_bk0nk1_mn_xdlops_streamk<256, BlockToCTileMap_GemmStreamK, _Float16, float, _Float16, RowMajor, RowMajor, RowMajor, PassThrough, PassThrough, PassThrough, 128, 128, 4, 32, 32, 8, 2, 2, Sequence, Sequence, Sequence, 2, 8, 8, false, 1, Sequence, Sequence, Sequence, 1, 2, 8, false, 1, 1, 1, 8, Sequence",2,0,4,306694,306694,30720,256,16896,0,128,128,96,64,0x0,0x7f9fe5d21180,6082560,5109097,653599506,7315809264675261,7315767063205899,7315767073123500,7315809304287038
5,"void kernel_gemm_xdlops_streamk<GridwiseGemm_bk0mk1_bk0nk1_mn_xdlops_streamk>(GridwiseGemm_bk0mk1_bk0nk1_mn_xdlops_streamk<256, BlockToCTileMap_GemmStreamK, _Float16, float, _Float16, RowMajor, RowMajor, RowMajor, PassThrough, PassThrough, PassThrough, 128, 128, 4, 32, 32, 8, 2, 2, Sequence, Sequence, Sequence, 2, 8, 8, false, 1, Sequence, Sequence, Sequence, 1, 2, 8, false, 1, 1, 1, 8, Sequence",2,0,5,306694,306694,30720,256,16896,0,128,128,96,64,0x0,0x7f9fe5d21180,6082560,5111542,654682620,7315809264736348,7315767073123516,7315767083060156,7315809314243089
6,"void kernel_gemm_xdlops_streamk<GridwiseGemm_bk0mk1_bk0nk1_mn_xdlops_streamk>(GridwiseGemm_bk0mk1_bk0nk1_mn_xdlops_streamk<256, BlockToCTileMap_GemmStreamK, _Float16, float, _Float16, RowMajor, RowMajor, RowMajor, PassThrough, PassThrough, PassThrough, 128, 128, 4, 32, 32, 8, 2, 2, Sequence, Sequence, Sequence, 2, 8, 8, false, 1, Sequence, Sequence, Sequence, 1, 2, 8, false, 1, 1, 1, 8, Sequence",2,0,8,306694,306694,30720,256,16896,0,128,128,96,64,0x0,0x7f9fe5d21180,6082560,5100835,653135858,7315809314208844,7315767083091516,7315767093003356,7315809324354495
7,"void kernel_gemm_xdlops_streamk<GridwiseGemm_bk0mk1_bk0nk1_mn_xdlops_streamk>(GridwiseGemm_bk0mk1_bk0nk1_mn_xdlops_streamk<256, BlockToCTileMap_GemmStreamK, _Float16, float, _Float16, RowMajor, RowMajor, RowMajor, PassThrough, PassThrough, PassThrough, 128, 128, 4, 32, 32, 8, 2, 2, Sequence, Sequence, Sequence, 2, 8, 8, false, 1, Sequence, Sequence, Sequence, 1, 2, 8, false, 1, 1, 1, 8, Sequence",2,0,9,306694,306694,30720,256,16896,0,128,128,96,64,0x0,0x7f9fe5d21180,6082560,5119464,654416446,7315809314319544,7315767093003356,7315767102922557,7315809334319212
8,"void kernel_gemm_xdlops_streamk<GridwiseGemm_bk0mk1_bk0nk1_mn_xdlops_streamk>(GridwiseGemm_bk0mk1_bk0nk1_mn_xdlops_streamk<256, BlockToCTileMap_GemmStreamK, _Float16, float, _Float16, RowMajor, RowMajor, RowMajor, PassThrough, PassThrough, PassThrough, 128, 128, 4, 32, 32, 8, 2, 2, Sequence, Sequence, Sequence, 2, 8, 8, false, 1, Sequence, Sequence, Sequence, 1, 2, 8, false, 1, 1, 1, 8, Sequence",2,0,10,306694,306694,30720,256,16896,0,128,128,96,64,0x0,0x7f9fe5d21180,6082560,5096795,653602066,7315809314465041,7315767102922557,7315767112854398,7315809344274070
9,"void kernel_gemm_xdlops_streamk<GridwiseGemm_bk0mk1_bk0nk1_mn_xdlops_streamk>(GridwiseGemm_bk0mk1_bk0nk1_mn_xdlops_streamk<256, BlockToCTileMap_GemmStreamK, _Float16, float, _Float16, RowMajor, RowMajor, RowMajor, PassThrough, PassThrough, PassThrough, 128, 128, 4, 32, 32, 8, 2, 2, Sequence, Sequence, Sequence, 2, 8, 8, false, 1, Sequence, Sequence, Sequence, 1, 2, 8, false, 1, 1, 1, 8, Sequence",2,0,11,306694,306694,30720,256,16896,0,128,128,96,64,0x0,0x7f9fe5d21180,6082560,5107349,654683584,7315809314533823,7315767112854398,7315767122781919,7315809354220251
10,"void kernel_gemm_xdlops_streamk<GridwiseGemm_bk0mk1_bk0nk1_mn_xdlops_streamk>(GridwiseGemm_bk0mk1_bk0nk1_mn_xdlops_streamk<256, BlockToCTileMap_GemmStreamK, _Float16, float, _Float16, RowMajor, RowMajor, RowMajor, PassThrough, PassThrough, PassThrough, 128, 128, 4, 32, 32, 8, 2, 2, Sequence, Sequence, Sequence, 2, 8, 8, false, 1, Sequence, Sequence, Sequence, 1, 2, 8, false, 1, 1, 1, 8, Sequence",2,0,12,306694,306694,30720,256,16896,0,128,128,96,64,0x0,0x7f9fe5d21180,6082560,5097567,653134736,7315809314589248,7315767122781919,7315767132722400,7315809364204045
11,"void kernel_gemm_xdlops_streamk<GridwiseGemm_bk0mk1_bk0nk1_mn_xdlops_streamk>(GridwiseGemm_bk0mk1_bk0nk1_mn_xdlops_streamk<256, BlockToCTileMap_GemmStreamK, _Float16, float, _Float16, RowMajor, RowMajor, RowMajor, PassThrough, PassThrough, PassThrough, 128, 128, 4, 32, 32, 8, 2, 2, Sequence, Sequence, Sequence, 2, 8, 8, false, 1, Sequence, Sequence, Sequence, 1, 2, 8, false, 1, 1, 1, 8, Sequence",2,0,13,306694,306694,30720,256,16896,0,128,128,96,64,0x0,0x7f9fe5d21180,6082560,5110333,654415402,7315809314644473,7315767132722341,7315767142628580,7315809374161939
12,"void kernel_gemm_xdlops_streamk<GridwiseGemm_bk0mk1_bk0nk1_mn_xdlops_streamk>(GridwiseGemm_bk0mk1_bk0nk1_mn_xdlops_streamk<256, BlockToCTileMap_GemmStreamK, _Float16, float, _Float16, RowMajor, RowMajor, RowMajor, PassThrough, PassThrough, PassThrough, 128, 128, 4, 32, 32, 8, 2, 2, Sequence, Sequence, Sequence, 2, 8, 8, false, 1, Sequence, Sequence, Sequence, 1, 2, 8, false, 1, 1, 1, 8, Sequence",2,0,14,306694,306694,30720,256,16896,0,128,128,96,64,0x0,0x7f9fe5d21180,6082560,5100695,653599000,7315809314704848,7315767142628580,7315767152553697,7315809384115584
13,"void kernel_gemm_xdlops_streamk<GridwiseGemm_bk0mk1_bk0nk1_mn_xdlops_streamk>(GridwiseGemm_bk0mk1_bk0nk1_mn_xdlops_streamk<256, BlockToCTileMap_GemmStreamK, _Float16, float, _Float16, RowMajor, RowMajor, RowMajor, PassThrough, PassThrough, PassThrough, 128, 128, 4, 32, 32, 8, 2, 2, Sequence, Sequence, Sequence, 2, 8, 8, false, 1, Sequence, Sequence, Sequence, 1, 2, 8, false, 1, 1, 1, 8, Sequence",2,0,15,306694,306694,30720,256,16896,0,128,128,96,64,0x0,0x7f9fe5d21180,6082560,5116882,654683830,7315809314762759,7315767152553697,7315767162492256,7315809394088026
14,"void kernel_gemm_xdlops_streamk<GridwiseGemm_bk0mk1_bk0nk1_mn_xdlops_streamk>(GridwiseGemm_bk0mk1_bk0nk1_mn_xdlops_streamk<256, BlockToCTileMap_GemmStreamK, _Float16, float, _Float16, RowMajor, RowMajor, RowMajor, PassThrough, PassThrough, PassThrough, 128, 128, 4, 32, 32, 8, 2, 2, Sequence, Sequence, Sequence, 2, 8, 8, false, 1, Sequence, Sequence, Sequence, 1, 2, 8, false, 1, 1, 1, 8, Sequence",2,0,16,306694,306694,30720,256,16896,0,128,128,96,64,0x0,0x7f9fe5d21180,6082560,5101327,653131792,7315809314830007,7315767162492256,7315767172410975,7315809404056109
15,"void kernel_gemm_xdlops_streamk<GridwiseGemm_bk0mk1_bk0nk1_mn_xdlops_streamk>(GridwiseGemm_bk0mk1_bk0nk1_mn_xdlops_streamk<256, BlockToCTileMap_GemmStreamK, _Float16, float, _Float16, RowMajor, RowMajor, RowMajor, PassThrough, PassThrough, PassThrough, 128, 128, 4, 32, 32, 8, 2, 2, Sequence, Sequence, Sequence, 2, 8, 8, false, 1, Sequence, Sequence, Sequence, 1, 2, 8, false, 1, 1, 1, 8, Sequence",2,0,17,306694,306694,30720,256,16896,0,128,128,96,64,0x0,0x7f9fe5d21180,6082560,5118399,654414726,7315809314891003,7315767172410975,7315767182337534,7315809414010787
16,"void kernel_gemm_xdlops_streamk<GridwiseGemm_bk0mk1_bk0nk1_mn_xdlops_streamk>(GridwiseGemm_bk0mk1_bk0nk1_mn_xdlops_streamk<256, BlockToCTileMap_GemmStreamK, _Float16, float, _Float16, RowMajor, RowMajor, RowMajor, PassThrough, PassThrough, PassThrough, 128, 128, 4, 32, 32, 8, 2, 2, Sequence, Sequence, Sequence, 2, 8, 8, false, 1, Sequence, Sequence, Sequence, 1, 2, 8, false, 1, 1, 1, 8, Sequence",2,0,18,306694,306694,30720,256,16896,0,128,128,96,64,0x0,0x7f9fe5d21180,6082560,5097336,653600232,7315809314950225,7315767182337534,7315767192263293,7315809423959203
17,"void kernel_gemm_xdlops_streamk<GridwiseGemm_bk0mk1_bk0nk1_mn_xdlops_streamk>(GridwiseGemm_bk0mk1_bk0nk1_mn_xdlops_streamk<256, BlockToCTileMap_GemmStreamK, _Float16, float, _Float16, RowMajor, RowMajor, RowMajor, PassThrough, PassThrough, PassThrough, 128, 128, 4, 32, 32, 8, 2, 2, Sequence, Sequence, Sequence, 2, 8, 8, false, 1, Sequence, Sequence, Sequence, 1, 2, 8, false, 1, 1, 1, 8, Sequence",2,0,19,306694,306694,30720,256,16896,0,128,128,96,64,0x0,0x7f9fe5d21180,6082560,5113797,654678240,7315809315006873,7315767192263293,7315767202211612,7315809433934981
18,"void kernel_gemm_xdlops_streamk<GridwiseGemm_bk0mk1_bk0nk1_mn_xdlops_streamk>(GridwiseGemm_bk0mk1_bk0nk1_mn_xdlops_streamk<256, BlockToCTileMap_GemmStreamK, _Float16, float, _Float16, RowMajor, RowMajor, RowMajor, PassThrough, PassThrough, PassThrough, 128, 128, 4, 32, 32, 8, 2, 2, Sequence, Sequence, Sequence, 2, 8, 8, false, 1, Sequence, Sequence, Sequence, 1, 2, 8, false, 1, 1, 1, 8, Sequence",2,0,20,306694,306694,30720,256,16896,0,128,128,96,64,0x0,0x7f9fe5d21180,6082560,5100979,653134746,7315809315065645,7315767202211635,7315767212135955,7315809443902493
19,"void kernel_gemm_xdlops_streamk<GridwiseGemm_bk0mk1_bk0nk1_mn_xdlops_streamk>(GridwiseGemm_bk0mk1_bk0nk1_mn_xdlops_streamk<256, BlockToCTileMap_GemmStreamK, _Float16, float, _Float16, RowMajor, RowMajor, RowMajor, PassThrough, PassThrough, PassThrough, 128, 128, 4, 32, 32, 8, 2, 2, Sequence, Sequence, Sequence, 2, 8, 8, false, 1, Sequence, Sequence, Sequence, 1, 2, 8, false, 1, 1, 1, 8, Sequence",2,0,21,306694,306694,30720,256,16896,0,128,128,96,64,0x0,0x7f9fe5d21180,6082560,5108394,654414674,7315809315121462,7315767212135955,7315767222057713,7315809453868653
20,"void kernel_gemm_xdlops_streamk<GridwiseGemm_bk0mk1_bk0nk1_mn_xdlops_streamk>(GridwiseGemm_bk0mk1_bk0nk1_mn_xdlops_streamk<256, BlockToCTileMap_GemmStreamK, _Float16, float, _Float16, RowMajor, RowMajor, RowMajor, PassThrough, PassThrough, PassThrough, 128, 128, 4, 32, 32, 8, 2, 2, Sequence, Sequence, Sequence, 2, 8, 8, false, 1, Sequence, Sequence, Sequence, 1, 2, 8, false, 1, 1, 1, 8, Sequence",2,0,22,306694,306694,30720,256,16896,0,128,128,96,64,0x0,0x7f9fe5d21180,6082560,5107427,653599038,7315809315179161,7315767222057713,7315767231992912,7315809463822509
21,"void kernel_gemm_xdlops_streamk<GridwiseGemm_bk0mk1_bk0nk1_mn_xdlops_streamk>(GridwiseGemm_bk0mk1_bk0nk1_mn_xdlops_streamk<256, BlockToCTileMap_GemmStreamK, _Float16, float, _Float16, RowMajor, RowMajor, RowMajor, PassThrough, PassThrough, PassThrough, 128, 128, 4, 32, 32, 8, 2, 2, Sequence, Sequence, Sequence, 2, 8, 8, false, 1, Sequence, Sequence, Sequence, 1, 2, 8, false, 1, 1, 1, 8, Sequence",2,0,23,306694,306694,30720,256,16896,0,128,128,96,64,0x0,0x7f9fe5d21180,6082560,5104740,654680600,7315809315261989,7315767231992912,7315767241923952,7315809473778349
22,"void kernel_gemm_xdlops_streamk<GridwiseGemm_bk0mk1_bk0nk1_mn_xdlops_streamk>(GridwiseGemm_bk0mk1_bk0nk1_mn_xdlops_streamk<256, BlockToCTileMap_GemmStreamK, _Float16, float, _Float16, RowMajor, RowMajor, RowMajor, PassThrough, PassThrough, PassThrough, 128, 128, 4, 32, 32, 8, 2, 2, Sequence, Sequence, Sequence, 2, 8, 8, false, 1, Sequence, Sequence, Sequence, 1, 2, 8, false, 1, 1, 1, 8, Sequence",2,0,24,306694,306694,30720,256,16896,0,128,128,96,64,0x0,0x7f9fe5d21180,6082560,5107780,653134326,7315809315322084,7315767241923952,7315767251855311,7315809483755399
23,"void kernel_gemm_xdlops_streamk<GridwiseGemm_bk0mk1_bk0nk1_mn_xdlops_streamk>(GridwiseGemm_bk0mk1_bk0nk1_mn_xdlops_streamk<256, BlockToCTileMap_GemmStreamK, _Float16, float, _Float16, RowMajor, RowMajor, RowMajor, PassThrough, PassThrough, PassThrough, 128, 128, 4, 32, 32, 8, 2, 2, Sequence, Sequence, Sequence, 2, 8, 8, false, 1, Sequence, Sequence, Sequence, 1, 2, 8, false, 1, 1, 1, 8, Sequence",2,0,25,306694,306694,30720,256,16896,0,128,128,96,64,0x0,0x7f9fe5d21180,6082560,5116284,654414944,7315809315378391,7315767251855311,7315767261773071,7315809493719164
24,"void kernel_gemm_xdlops_streamk<GridwiseGemm_bk0mk1_bk0nk1_mn_xdlops_streamk>(GridwiseGemm_bk0mk1_bk0nk1_mn_xdlops_streamk<256, BlockToCTileMap_GemmStreamK, _Float16, float, _Float16, RowMajor, RowMajor, RowMajor, PassThrough, PassThrough, PassThrough, 128, 128, 4, 32, 32, 8, 2, 2, Sequence, Sequence, Sequence, 2, 8, 8, false, 1, Sequence, Sequence, Sequence, 1, 2, 8, false, 1, 1, 1, 8, Sequence",2,0,26,306694,306694,30720,256,16896,0,128,128,96,64,0x0,0x7f9fe5d21180,6082560,5102152,653598596,7315809315436551,7315767261773071,7315767271706190,7315809503665566
25,"void kernel_gemm_xdlops_streamk<GridwiseGemm_bk0mk1_bk0nk1_mn_xdlops_streamk>(GridwiseGemm_bk0mk1_bk0nk1_mn_xdlops_streamk<256, BlockToCTileMap_GemmStreamK, _Float16, float, _Float16, RowMajor, RowMajor, RowMajor, PassThrough, PassThrough, PassThrough, 128, 128, 4, 32, 32, 8, 2, 2, Sequence, Sequence, Sequence, 2, 8, 8, false, 1, Sequence, Sequence, Sequence, 1, 2, 8, false, 1, 1, 1, 8, Sequence",2,0,27,306694,306694,30720,256,16896,0,128,128,96,64,0x0,0x7f9fe5d21180,6082560,5113473,654681338,7315809315491877,7315767271706317,7315767281636719,7315809513637006
26,"void kernel_gemm_xdlops_streamk<GridwiseGemm_bk0mk1_bk0nk1_mn_xdlops_streamk>(GridwiseGemm_bk0mk1_bk0nk1_mn_xdlops_streamk<256, BlockToCTileMap_GemmStreamK, _Float16, float, _Float16, RowMajor, RowMajor, RowMajor, PassThrough, PassThrough, PassThrough, 128, 128, 4, 32, 32, 8, 2, 2, Sequence, Sequence, Sequence, 2, 8, 8, false, 1, Sequence, Sequence, Sequence, 1, 2, 8, false, 1, 1, 1, 8, Sequence",2,0,28,306694,306694,30720,256,16896,0,128,128,96,64,0x0,0x7f9fe5d21180,6082560,5099029,653134768,7315809315546010,7315767281636719,7315767291558321,7315809523611331
27,"void kernel_gemm_xdlops_streamk<GridwiseGemm_bk0mk1_bk0nk1_mn_xdlops_streamk>(GridwiseGemm_bk0mk1_bk0nk1_mn_xdlops_streamk<256, BlockToCTileMap_GemmStreamK, _Float16, float, _Float16, RowMajor, RowMajor, RowMajor, PassThrough, PassThrough, PassThrough, 128, 128, 4, 32, 32, 8, 2, 2, Sequence, Sequence, Sequence, 2, 8, 8, false, 1, Sequence, Sequence, Sequence, 1, 2, 8, false, 1, 1, 1, 8, Sequence",2,0,29,306694,306694,30720,256,16896,0,128,128,96,64,0x0,0x7f9fe5d21180,6082560,5113277,654412742,7315809315602888,7315767291558321,7315767301476403,7315809533579815
28,"void kernel_gemm_xdlops_streamk<GridwiseGemm_bk0mk1_bk0nk1_mn_xdlops_streamk>(GridwiseGemm_bk0mk1_bk0nk1_mn_xdlops_streamk<256, BlockToCTileMap_GemmStreamK, _Float16, float, _Float16, RowMajor, RowMajor, RowMajor, PassThrough, PassThrough, PassThrough, 128, 128, 4, 32, 32, 8, 2, 2, Sequence, Sequence, Sequence, 2, 8, 8, false, 1, Sequence, Sequence, Sequence, 1, 2, 8, false, 1, 1, 1, 8, Sequence",2,0,30,306694,306694,30720,256,16896,0,128,128,96,64,0x0,0x7f9fe5d21180,6082560,5109819,653602916,7315809315659135,7315767301476403,7315767311399926,7315809543530956
29,"void kernel_gemm_xdlops_streamk<GridwiseGemm_bk0mk1_bk0nk1_mn_xdlops_streamk>(GridwiseGemm_bk0mk1_bk0nk1_mn_xdlops_streamk<256, BlockToCTileMap_GemmStreamK, _Float16, float, _Float16, RowMajor, RowMajor, RowMajor, PassThrough, PassThrough, PassThrough, 128, 128, 4, 32, 32, 8, 2, 2, Sequence, Sequence, Sequence, 2, 8, 8, false, 1, Sequence, Sequence, Sequence, 1, 2, 8, false, 1, 1, 1, 8, Sequence",2,0,31,306694,306694,30720,256,16896,0,128,128,96,64,0x0,0x7f9fe5d21180,6082560,5110565,654680726,7315809315715883,7315767311399926,7315767321332408,7315809553508106
30,"void kernel_gemm_xdlops_streamk<GridwiseGemm_bk0mk1_bk0nk1_mn_xdlops_streamk>(GridwiseGemm_bk0mk1_bk0nk1_mn_xdlops_streamk<256, BlockToCTileMap_GemmStreamK, _Float16, float, _Float16, RowMajor, RowMajor, RowMajor, PassThrough, PassThrough, PassThrough, 128, 128, 4, 32, 32, 8, 2, 2, Sequence, Sequence, Sequence, 2, 8, 8, false, 1, Sequence, Sequence, Sequence, 1, 2, 8, false, 1, 1, 1, 8, Sequence",2,0,32,306694,306694,30720,256,16896,0,128,128,96,64,0x0,0x7f9fe5d21180,6082560,5102159,653132970,7315809315770538,7315767321332408,7315767331249851,7315809563479897
31,"void kernel_gemm_xdlops_streamk<GridwiseGemm_bk0mk1_bk0nk1_mn_xdlops_streamk>(GridwiseGemm_bk0mk1_bk0nk1_mn_xdlops_streamk<256, BlockToCTileMap_GemmStreamK, _Float16, float, _Float16, RowMajor, RowMajor, RowMajor, PassThrough, PassThrough, PassThrough, 128, 128, 4, 32, 32, 8, 2, 2, Sequence, Sequence, Sequence, 2, 8, 8, false, 1, Sequence, Sequence, Sequence, 1, 2, 8, false, 1, 1, 1, 8, Sequence",2,0,33,306694,306694,30720,256,16896,0,128,128,96,64,0x0,0x7f9fe5d21180,6082560,5117422,654414564,7315809315835111,7315767331249851,7315767341177373,7315809573466535
32,"void kernel_gemm_xdlops_streamk<GridwiseGemm_bk0mk1_bk0nk1_mn_xdlops_streamk>(GridwiseGemm_bk0mk1_bk0nk1_mn_xdlops_streamk<256, BlockToCTileMap_GemmStreamK, _Float16, float, _Float16, RowMajor, RowMajor, RowMajor, PassThrough, PassThrough, PassThrough, 128, 128, 4, 32, 32, 8, 2, 2, Sequence, Sequence, Sequence, 2, 8, 8, false, 1, Sequence, Sequence, Sequence, 1, 2, 8, false, 1, 1, 1, 8, Sequence",2,0,34,306694,306694,30720,256,16896,0,128,128,96,64,0x0,0x7f9fe5d21180,6082560,5103579,653599114,7315809315894003,7315767341177307,7315767351092668,7315809583423688
33,"void kernel_gemm_xdlops_streamk<GridwiseGemm_bk0mk1_bk0nk1_mn_xdlops_streamk>(GridwiseGemm_bk0mk1_bk0nk1_mn_xdlops_streamk<256, BlockToCTileMap_GemmStreamK, _Float16, float, _Float16, RowMajor, RowMajor, RowMajor, PassThrough, PassThrough, PassThrough, 128, 128, 4, 32, 32, 8, 2, 2, Sequence, Sequence, Sequence, 2, 8, 8, false, 1, Sequence, Sequence, Sequence, 1, 2, 8, false, 1, 1, 1, 8, Sequence",2,0,35,306694,306694,30720,256,16896,0,128,128,96,64,0x0,0x7f9fe5d21180,6082560,5112528,654683488,7315809315950500,7315767351092668,7315767361034909,7315809593391320
34,"void kernel_gemm_xdlops_streamk<GridwiseGemm_bk0mk1_bk0nk1_mn_xdlops_streamk>(GridwiseGemm_bk0mk1_bk0nk1_mn_xdlops_streamk<256, BlockToCTileMap_GemmStreamK, _Float16, float, _Float16, RowMajor, RowMajor, RowMajor, PassThrough, PassThrough, PassThrough, 128, 128, 4, 32, 32, 8, 2, 2, Sequence, Sequence, Sequence, 2, 8, 8, false, 1, Sequence, Sequence, Sequence, 1, 2, 8, false, 1, 1, 1, 8, Sequence",2,0,36,306694,306694,30720,256,16896,0,128,128,96,64,0x0,0x7f9fe5d21180,6082560,5099087,653134116,7315809316005345,7315767361034909,7315767370975070,7315809603359664
35,"void kernel_gemm_xdlops_streamk<GridwiseGemm_bk0mk1_bk0nk1_mn_xdlops_streamk>(GridwiseGemm_bk0mk1_bk0nk1_mn_xdlops_streamk<256, BlockToCTileMap_GemmStreamK, _Float16, float, _Float16, RowMajor, RowMajor, RowMajor, PassThrough, PassThrough, PassThrough, 128, 128, 4, 32, 32, 8, 2, 2, Sequence, Sequence, Sequence, 2, 8, 8, false, 1, Sequence, Sequence, Sequence, 1, 2, 8, false, 1, 1, 1, 8, Sequence",2,0,37,306694,306694,30720,256,16896,0,128,128,96,64,0x0,0x7f9fe5d21180,6082560,5117683,654414734,7315809316062103,7315767370975070,7315767380895711,7315809613323689
36,"void kernel_gemm_xdlops_streamk<GridwiseGemm_bk0mk1_bk0nk1_mn_xdlops_streamk>(GridwiseGemm_bk0mk1_bk0nk1_mn_xdlops_streamk<256, BlockToCTileMap_GemmStreamK, _Float16, float, _Float16, RowMajor, RowMajor, RowMajor, PassThrough, PassThrough, PassThrough, 128, 128, 4, 32, 32, 8, 2, 2, Sequence, Sequence, Sequence, 2, 8, 8, false, 1, Sequence, Sequence, Sequence, 1, 2, 8, false, 1, 1, 1, 8, Sequence",2,0,38,306694,306694,30720,256,16896,0,128,128,96,64,0x0,0x7f9fe5d21180,6082560,5102093,653599670,7315809316119793,7315767380895711,7315767390818912,7315809623278057
37,"void kernel_gemm_xdlops_streamk<GridwiseGemm_bk0mk1_bk0nk1_mn_xdlops_streamk>(GridwiseGemm_bk0mk1_bk0nk1_mn_xdlops_streamk<256, BlockToCTileMap_GemmStreamK, _Float16, float, _Float16, RowMajor, RowMajor, RowMajor, PassThrough, PassThrough, PassThrough, 128, 128, 4, 32, 32, 8, 2, 2, Sequence, Sequence, Sequence, 2, 8, 8, false, 1, Sequence, Sequence, Sequence, 1, 2, 8, false, 1, 1, 1, 8, Sequence",2,0,39,306694,306694,30720,256,16896,0,128,128,96,64,0x0,0x7f9fe5d21180,6082560,5115392,654682014,7315809316185969,7315767390818912,7315767400756033,7315809633241621
38,"void kernel_gemm_xdlops_streamk<GridwiseGemm_bk0mk1_bk0nk1_mn_xdlops_streamk>(GridwiseGemm_bk0mk1_bk0nk1_mn_xdlops_streamk<256, BlockToCTileMap_GemmStreamK, _Float16, float, _Float16, RowMajor, RowMajor, RowMajor, PassThrough, PassThrough, PassThrough, 128, 128, 4, 32, 32, 8, 2, 2, Sequence, Sequence, Sequence, 2, 8, 8, false, 1, Sequence, Sequence, Sequence, 1, 2, 8, false, 1, 1, 1, 8, Sequence",2,0,40,306694,306694,30720,256,16896,0,128,128,96,64,0x0,0x7f9fe5d21180,6082560,5102700,653134172,7315809316253317,7315767400756033,7315767410697474,7315809643217199
39,"void kernel_gemm_xdlops_streamk<GridwiseGemm_bk0mk1_bk0nk1_mn_xdlops_streamk>(GridwiseGemm_bk0mk1_bk0nk1_mn_xdlops_streamk<256, BlockToCTileMap_GemmStreamK, _Float16, float, _Float16, RowMajor, RowMajor, RowMajor, PassThrough, PassThrough, PassThrough, 128, 128, 4, 32, 32, 8, 2, 2, Sequence, Sequence, Sequence, 2, 8, 8, false, 1, Sequence, Sequence, Sequence, 1, 2, 8, false, 1, 1, 1, 8, Sequence",2,0,41,306694,306694,30720,256,16896,0,128,128,96,64,0x0,0x7f9fe5d21180,6082560,5112001,654416300,7315809316311317,7315767410697486,7315767420614767,7315809653181134
40,"void kernel_gemm_xdlops_streamk<GridwiseGemm_bk0mk1_bk0nk1_mn_xdlops_streamk>(GridwiseGemm_bk0mk1_bk0nk1_mn_xdlops_streamk<256, BlockToCTileMap_GemmStreamK, _Float16, float, _Float16, RowMajor, RowMajor, RowMajor, PassThrough, PassThrough, PassThrough, 128, 128, 4, 32, 32, 8, 2, 2, Sequence, Sequence, Sequence, 2, 8, 8, false, 1, Sequence, Sequence, Sequence, 1, 2, 8, false, 1, 1, 1, 8, Sequence",2,0,42,306694,306694,30720,256,16896,0,128,128,96,64,0x0,0x7f9fe5d21180,6082560,5108062,653600710,7315809316367815,7315767420614767,7315767430536688,7315809663130482
41,"void kernel_gemm_xdlops_streamk<GridwiseGemm_bk0mk1_bk0nk1_mn_xdlops_streamk>(GridwiseGemm_bk0mk1_bk0nk1_mn_xdlops_streamk<256, BlockToCTileMap_GemmStreamK, _Float16, float, _Float16, RowMajor, RowMajor, RowMajor, PassThrough, PassThrough, PassThrough, 128, 128, 4, 32, 32, 8, 2, 2, Sequence, Sequence, Sequence, 2, 8, 8, false, 1, Sequence, Sequence, Sequence, 1, 2, 8, false, 1, 1, 1, 8, Sequence",2,0,43,306694,306694,30720,256,16896,0,128,128,96,64,0x0,0x7f9fe5d21180,6082560,5111079,654682594,7315809316424753,7315767430536688,7315767440479569,7315809673134484
42,"void kernel_gemm_xdlops_streamk<GridwiseGemm_bk0mk1_bk0nk1_mn_xdlops_streamk>(GridwiseGemm_bk0mk1_bk0nk1_mn_xdlops_streamk<256, BlockToCTileMap_GemmStreamK, _Float16, float, _Float16, RowMajor, RowMajor, RowMajor, PassThrough, PassThrough, PassThrough, 128, 128, 4, 32, 32, 8, 2, 2, Sequence, Sequence, Sequence, 2, 8, 8, false, 1, Sequence, Sequence, Sequence, 1, 2, 8, false, 1, 1, 1, 8, Sequence",2,0,44,306694,306694,30720,256,16896,0,128,128,96,64,0x0,0x7f9fe5d21180,6082560,5092876,653131734,7315809316480720,7315767440479569,7315767450411890,7315809683074403
43,"void kernel_gemm_xdlops_streamk<GridwiseGemm_bk0mk1_bk0nk1_mn_xdlops_streamk>(GridwiseGemm_bk0mk1_bk0nk1_mn_xdlops_streamk<256, BlockToCTileMap_GemmStreamK, _Float16, float, _Float16, RowMajor, RowMajor, RowMajor, PassThrough, PassThrough, PassThrough, 128, 128, 4, 32, 32, 8, 2, 2, Sequence, Sequence, Sequence, 2, 8, 8, false, 1, Sequence, Sequence, Sequence, 1, 2, 8, false, 1, 1, 1, 8, Sequence",2,0,45,306694,306694,30720,256,16896,0,128,128,96,64,0x0,0x7f9fe5d21180,6082560,5115907,654414244,7315809316536096,7315767450411890,7315767460337652,7315809693045142
44,"void kernel_gemm_xdlops_streamk<GridwiseGemm_bk0mk1_bk0nk1_mn_xdlops_streamk>(GridwiseGemm_bk0mk1_bk0nk1_mn_xdlops_streamk<256, BlockToCTileMap_GemmStreamK, _Float16, float, _Float16, RowMajor, RowMajor, RowMajor, PassThrough, PassThrough, PassThrough, 128, 128, 4, 32, 32, 8, 2, 2, Sequence, Sequence, Sequence, 2, 8, 8, false, 1, Sequence, Sequence, Sequence, 1, 2, 8, false, 1, 1, 1, 8, Sequence",2,0,46,306694,306694,30720,256,16896,0,128,128,96,64,0x0,0x7f9fe5d21180,6082560,5106323,653603738,7315809316592413,7315767460337652,7315767470277333,7315809703004789
45,"void kernel_gemm_xdlops_streamk<GridwiseGemm_bk0mk1_bk0nk1_mn_xdlops_streamk>(GridwiseGemm_bk0mk1_bk0nk1_mn_xdlops_streamk<256, BlockToCTileMap_GemmStreamK, _Float16, float, _Float16, RowMajor, RowMajor, RowMajor, PassThrough, PassThrough, PassThrough, 128, 128, 4, 32, 32, 8, 2, 2, Sequence, Sequence, Sequence, 2, 8, 8, false, 1, Sequence, Sequence, Sequence, 1, 2, 8, false, 1, 1, 1, 8, Sequence",2,0,47,306694,306694,30720,256,16896,0,128,128,96,64,0x0,0x7f9fe5d21180,6082560,5111317,654681292,7315809316649311,7315767470277333,7315767480208374,7315809712964075
46,"void kernel_gemm_xdlops_streamk<GridwiseGemm_bk0mk1_bk0nk1_mn_xdlops_streamk>(GridwiseGemm_bk0mk1_bk0nk1_mn_xdlops_streamk<256, BlockToCTileMap_GemmStreamK, _Float16, float, _Float16, RowMajor, RowMajor, RowMajor, PassThrough, PassThrough, PassThrough, 128, 128, 4, 32, 32, 8, 2, 2, Sequence, Sequence, Sequence, 2, 8, 8, false, 1, Sequence, Sequence, Sequence, 1, 2, 8, false, 1, 1, 1, 8, Sequence",2,0,48,306694,306694,30720,256,16896,0,128,128,96,64,0x0,0x7f9fe5d21180,6082560,5104094,653133072,7315809316707402,7315767480208333,7315767490132013,7315809722933962
47,"void kernel_gemm_xdlops_streamk<GridwiseGemm_bk0mk1_bk0nk1_mn_xdlops_streamk>(GridwiseGemm_bk0mk1_bk0nk1_mn_xdlops_streamk<256, BlockToCTileMap_GemmStreamK, _Float16, float, _Float16, RowMajor, RowMajor, RowMajor, PassThrough, PassThrough, PassThrough, 128, 128, 4, 32, 32, 8, 2, 2, Sequence, Sequence, Sequence, 2, 8, 8, false, 1, Sequence, Sequence, Sequence, 1, 2, 8, false, 1, 1, 1, 8, Sequence",2,0,49,306694,306694,30720,256,16896,0,128,128,96,64,0x0,0x7f9fe5d21180,6082560,5115092,654415886,7315809316765412,7315767490132013,7315767500055053,7315809732906644
48,"void kernel_gemm_xdlops_streamk<GridwiseGemm_bk0mk1_bk0nk1_mn_xdlops_streamk>(GridwiseGemm_bk0mk1_bk0nk1_mn_xdlops_streamk<256, BlockToCTileMap_GemmStreamK, _Float16, float, _Float16, RowMajor, RowMajor, RowMajor, PassThrough, PassThrough, PassThrough, 128, 128, 4, 32, 32, 8, 2, 2, Sequence, Sequence, Sequence, 2, 8, 8, false, 1, Sequence, Sequence, Sequence, 1, 2, 8, false, 1, 1, 1, 8, Sequence",2,0,50,306694,306694,30720,256,16896,0,128,128,96,64,0x0,0x7f9fe5d21180,6082560,5102377,653599228,7315809316832280,7315767500055053,7315767509981134,7315809742878975
49,"void kernel_gemm_xdlops_streamk<GridwiseGemm_bk0mk1_bk0nk1_mn_xdlops_streamk>(GridwiseGemm_bk0mk1_bk0nk1_mn_xdlops_streamk<256, BlockToCTileMap_GemmStreamK, _Float16, float, _Float16, RowMajor, RowMajor, RowMajor, PassThrough, PassThrough, PassThrough, 128, 128, 4, 32, 32, 8, 2, 2, Sequence, Sequence, Sequence, 2, 8, 8, false, 1, Sequence, Sequence, Sequence, 1, 2, 8, false, 1, 1, 1, 8, Sequence",2,0,51,306694,306694,30720,256,16896,0,128,128,96,64,0x0,0x7f9fe5d21180,6082560,5109370,654680386,7315809316890761,7315767509981134,7315767519929294,7315809752842400
50,"void kernel_gemm_xdlops_streamk<GridwiseGemm_bk0mk1_bk0nk1_mn_xdlops_streamk>(GridwiseGemm_bk0mk1_bk0nk1_mn_xdlops_streamk<256, BlockToCTileMap_GemmStreamK, _Float16, float, _Float16, RowMajor, RowMajor, RowMajor, PassThrough, PassThrough, PassThrough, 128, 128, 4, 32, 32, 8, 2, 2, Sequence, Sequence, Sequence, 2, 8, 8, false, 1, Sequence, Sequence, Sequence, 1, 2, 8, false, 1, 1, 1, 8, Sequence",2,0,52,306694,306694,30720,256,16896,0,128,128,96,64,0x0,0x7f9fe5d21180,6082560,5098175,653132882,7315809316947669,7315767519929294,7315767529860175,7315809762813939
51,"void kernel_gemm_xdlops_streamk<GridwiseGemm_bk0mk1_bk0nk1_mn_xdlops_streamk>(GridwiseGemm_bk0mk1_bk0nk1_mn_xdlops_streamk<256, BlockToCTileMap_GemmStreamK, _Float16, float, _Float16, RowMajor, RowMajor, RowMajor, PassThrough, PassThrough, PassThrough, 128, 128, 4, 32, 32, 8, 2, 2, Sequence, Sequence, Sequence, 2, 8, 8, false, 1, Sequence, Sequence, Sequence, 1, 2, 8, false, 1, 1, 1, 8, Sequence",2,0,53,306694,306694,30720,256,16896,0,128,128,96,64,0x0,0x7f9fe5d21180,6082560,5114957,654415128,7315809317004788,7315767529860175,7315767539783696,7315809772773627
52,"void kernel_gemm_xdlops_streamk<GridwiseGemm_bk0mk1_bk0nk1_mn_xdlops_streamk>(GridwiseGemm_bk0mk1_bk0nk1_mn_xdlops_streamk<256, BlockToCTileMap_GemmStreamK, _Float16, float, _Float16, RowMajor, RowMajor, RowMajor, PassThrough, PassThrough, PassThrough, 128, 128, 4, 32, 32, 8, 2, 2, Sequence, Sequence, Sequence, 2, 8, 8, false, 1, Sequence, Sequence, Sequence, 1, 2, 8, false, 1, 1, 1, 8, Sequence",2,0,54,306694,306694,30720,256,16896,0,128,128,96,64,0x0,0x7f9fe5d21180,6082560,5105159,653601146,7315809317064001,7315767539783696,7315767549721616,7315809782724938
53,"void kernel_gemm_xdlops_streamk<GridwiseGemm_bk0mk1_bk0nk1_mn_xdlops_streamk>(GridwiseGemm_bk0mk1_bk0nk1_mn_xdlops_streamk<256, BlockToCTileMap_GemmStreamK, _Float16, float, _Float16, RowMajor, RowMajor, RowMajor, PassThrough, PassThrough, PassThrough, 128, 128, 4, 32, 32, 8, 2, 2, Sequence, Sequence, Sequence, 2, 8, 8, false, 1, Sequence, Sequence, Sequence, 1, 2, 8, false, 1, 1, 1, 8, Sequence",2,0,55,306694,306694,30720,256,16896,0,128,128,96,64,0x0,0x7f9fe5d21180,6082560,5118235,654681376,7315809317124727,7315767549721529,7315767559662169,7315809792685447
54,"void kernel_gemm_xdlops_streamk<GridwiseGemm_bk0mk1_bk0nk1_mn_xdlops_streamk>(GridwiseGemm_bk0mk1_bk0nk1_mn_xdlops_streamk<256, BlockToCTileMap_GemmStreamK, _Float16, float, _Float16, RowMajor, RowMajor, RowMajor, PassThrough, PassThrough, PassThrough, 128, 128, 4, 32, 32, 8, 2, 2, Sequence, Sequence, Sequence, 2, 8, 8, false, 1, Sequence, Sequence, Sequence, 1, 2, 8, false, 1, 1, 1, 8, Sequence",2,0,56,306694,306694,30720,256,16896,0,128,128,96,64,0x0,0x7f9fe5d21180,6082560,5104644,653134724,7315809317184250,7315767559662169,7315767569592087,7315809802656045
55,"void kernel_gemm_xdlops_streamk<GridwiseGemm_bk0mk1_bk0nk1_mn_xdlops_streamk>(GridwiseGemm_bk0mk1_bk0nk1_mn_xdlops_streamk<256, BlockToCTileMap_GemmStreamK, _Float16, float, _Float16, RowMajor, RowMajor, RowMajor, PassThrough, PassThrough, PassThrough, 128, 128, 4, 32, 32, 8, 2, 2, Sequence, Sequence, Sequence, 2, 8, 8, false, 1, Sequence, Sequence, Sequence, 1, 2, 8, false, 1, 1, 1, 8, Sequence",2,0,57,306694,306694,30720,256,16896,0,128,128,96,64,0x0,0x7f9fe5d21180,6082560,5120666,654415378,7315809317240918,7315767569592087,7315767579506166,7315809812642904
