Index,KernelName,gpu-id,queue-id,queue-index,pid,tid,grd,wgr,lds,scr,arch_vgpr,accum_vgpr,sgpr,wave_size,sig,obj,SQ_INSTS_VMEM,SQ_INST_LEVEL_VMEM,SQ_ACCUM_PREV_HIRES,DispatchNs,BeginNs,EndNs,CompleteNs
0,__amd_rocclr_fillBufferAligned.kd,2,0,0,3527238,3527238,3932160,256,0,0,8,8,32,64,0x0,0x7fe36fc45900,61440,541149,69266256,7193454712441098,7193517758330120,7193517758417640,7193454720040503
1,"void kernel_gemm_xdlops_streamk<GridwiseGemm_bk0mk1_bk0nk1_mn_xdlops_streamk>(GridwiseGemm_bk0mk1_bk0nk1_mn_xdlops_streamk<256, BlockToCTileMap_GemmStreamK, _Float16, float, _Float16, RowMajor, RowMajor, RowMajor, PassThrough, PassThrough, PassThrough, 256, 128, 4, 32, 32, 8, 4, 2, Sequence, Sequence, Sequence, 2, 8, 8, false, 1, Sequence, Sequence, Sequence, 1, 2, 2, false, 1, 1, 1, 8, Sequence",2,0,1,3527238,3527238,30720,256,25088,0,128,128,96,64,0x0,0x7fe36fc1d180,3002880,17324564,2217492524,7193454719900027,7193517758417640,7193517759667884,7193454721363972
2,"void kernel_gemm_xdlops_streamk<GridwiseGemm_bk0mk1_bk0nk1_mn_xdlops_streamk>(GridwiseGemm_bk0mk1_bk0nk1_mn_xdlops_streamk<256, BlockToCTileMap_GemmStreamK, _Float16, float, _Float16, RowMajor, RowMajor, RowMajor, PassThrough, PassThrough, PassThrough, 256, 128, 4, 32, 32, 8, 4, 2, Sequence, Sequence, Sequence, 2, 8, 8, false, 1, Sequence, Sequence, Sequence, 1, 2, 2, false, 1, 1, 1, 8, Sequence",2,0,2,3527238,3527238,30720,256,25088,0,128,128,96,64,0x0,0x7fe36fc1d180,3002880,17033687,2179895584,7193454719982393,7193517759667884,7193517760923568,7193454722642618
3,"void kernel_gemm_xdlops_streamk<GridwiseGemm_bk0mk1_bk0nk1_mn_xdlops_streamk>(GridwiseGemm_bk0mk1_bk0nk1_mn_xdlops_streamk<256, BlockToCTileMap_GemmStreamK, _Float16, float, _Float16, RowMajor, RowMajor, RowMajor, PassThrough, PassThrough, PassThrough, 256, 128, 4, 32, 32, 8, 4, 2, Sequence, Sequence, Sequence, 2, 8, 8, false, 1, Sequence, Sequence, Sequence, 1, 2, 2, false, 1, 1, 1, 8, Sequence",2,0,3,3527238,3527238,30720,256,25088,0,128,128,96,64,0x0,0x7fe36fc1d180,3002880,17550727,2246069636,7193454720044480,7193517760923568,7193517762226132,7193454723965857
4,"void kernel_gemm_xdlops_streamk<GridwiseGemm_bk0mk1_bk0nk1_mn_xdlops_streamk>(GridwiseGemm_bk0mk1_bk0nk1_mn_xdlops_streamk<256, BlockToCTileMap_GemmStreamK, _Float16, float, _Float16, RowMajor, RowMajor, RowMajor, PassThrough, PassThrough, PassThrough, 256, 128, 4, 32, 32, 8, 4, 2, Sequence, Sequence, Sequence, 2, 8, 8, false, 1, Sequence, Sequence, Sequence, 1, 2, 2, false, 1, 1, 1, 8, Sequence",2,0,4,3527238,3527238,30720,256,25088,0,128,128,96,64,0x0,0x7fe36fc1d180,3002880,17500744,2239772064,7193454720113140,7193517762226132,7193517763469816,7193454725258669
5,"void kernel_gemm_xdlops_streamk<GridwiseGemm_bk0mk1_bk0nk1_mn_xdlops_streamk>(GridwiseGemm_bk0mk1_bk0nk1_mn_xdlops_streamk<256, BlockToCTileMap_GemmStreamK, _Float16, float, _Float16, RowMajor, RowMajor, RowMajor, PassThrough, PassThrough, PassThrough, 256, 128, 4, 32, 32, 8, 4, 2, Sequence, Sequence, Sequence, 2, 8, 8, false, 1, Sequence, Sequence, Sequence, 1, 2, 2, false, 1, 1, 1, 8, Sequence",2,0,5,3527238,3527238,30720,256,25088,0,128,128,96,64,0x0,0x7fe36fc1d180,3002880,17395359,2226520252,7193454720387167,7193517763469816,7193517764728060,7193454726538706
6,"void kernel_gemm_xdlops_streamk<GridwiseGemm_bk0mk1_bk0nk1_mn_xdlops_streamk>(GridwiseGemm_bk0mk1_bk0nk1_mn_xdlops_streamk<256, BlockToCTileMap_GemmStreamK, _Float16, float, _Float16, RowMajor, RowMajor, RowMajor, PassThrough, PassThrough, PassThrough, 256, 128, 4, 32, 32, 8, 4, 2, Sequence, Sequence, Sequence, 2, 8, 8, false, 1, Sequence, Sequence, Sequence, 1, 2, 2, false, 1, 1, 1, 8, Sequence",2,0,8,3527238,3527238,30720,256,25088,0,128,128,96,64,0x0,0x7fe36fc1d180,3002880,16906441,2163734668,7193454726540009,7193517764758300,7193517766035904,7193454727952076
7,"void kernel_gemm_xdlops_streamk<GridwiseGemm_bk0mk1_bk0nk1_mn_xdlops_streamk>(GridwiseGemm_bk0mk1_bk0nk1_mn_xdlops_streamk<256, BlockToCTileMap_GemmStreamK, _Float16, float, _Float16, RowMajor, RowMajor, RowMajor, PassThrough, PassThrough, PassThrough, 256, 128, 4, 32, 32, 8, 4, 2, Sequence, Sequence, Sequence, 2, 8, 8, false, 1, Sequence, Sequence, Sequence, 1, 2, 2, false, 1, 1, 1, 8, Sequence",2,0,9,3527238,3527238,30720,256,25088,0,128,128,96,64,0x0,0x7fe36fc1d180,3002880,17422024,2229519060,7193454726682649,7193517766035904,7193517767318948,7193454729332394
8,"void kernel_gemm_xdlops_streamk<GridwiseGemm_bk0mk1_bk0nk1_mn_xdlops_streamk>(GridwiseGemm_bk0mk1_bk0nk1_mn_xdlops_streamk<256, BlockToCTileMap_GemmStreamK, _Float16, float, _Float16, RowMajor, RowMajor, RowMajor, PassThrough, PassThrough, PassThrough, 256, 128, 4, 32, 32, 8, 4, 2, Sequence, Sequence, Sequence, 2, 8, 8, false, 1, Sequence, Sequence, Sequence, 1, 2, 2, false, 1, 1, 1, 8, Sequence",2,0,10,3527238,3527238,30720,256,25088,0,128,128,96,64,0x0,0x7fe36fc1d180,3002880,17103841,2189241788,7193454726741259,7193517767318948,7193517768631273,7193454730723812
9,"void kernel_gemm_xdlops_streamk<GridwiseGemm_bk0mk1_bk0nk1_mn_xdlops_streamk>(GridwiseGemm_bk0mk1_bk0nk1_mn_xdlops_streamk<256, BlockToCTileMap_GemmStreamK, _Float16, float, _Float16, RowMajor, RowMajor, RowMajor, PassThrough, PassThrough, PassThrough, 256, 128, 4, 32, 32, 8, 4, 2, Sequence, Sequence, Sequence, 2, 8, 8, false, 1, Sequence, Sequence, Sequence, 1, 2, 2, false, 1, 1, 1, 8, Sequence",2,0,11,3527238,3527238,30720,256,25088,0,128,128,96,64,0x0,0x7fe36fc1d180,3002880,17040844,2181422632,7193454726798928,7193517768631273,7193517769984077,7193454732055387
10,"void kernel_gemm_xdlops_streamk<GridwiseGemm_bk0mk1_bk0nk1_mn_xdlops_streamk>(GridwiseGemm_bk0mk1_bk0nk1_mn_xdlops_streamk<256, BlockToCTileMap_GemmStreamK, _Float16, float, _Float16, RowMajor, RowMajor, RowMajor, PassThrough, PassThrough, PassThrough, 256, 128, 4, 32, 32, 8, 4, 2, Sequence, Sequence, Sequence, 2, 8, 8, false, 1, Sequence, Sequence, Sequence, 1, 2, 2, false, 1, 1, 1, 8, Sequence",2,0,12,3527238,3527238,30720,256,25088,0,128,128,96,64,0x0,0x7fe36fc1d180,3002880,16807337,2150880012,7193454726857208,7193517769984077,7193517771322161,7193454733418361
11,"void kernel_gemm_xdlops_streamk<GridwiseGemm_bk0mk1_bk0nk1_mn_xdlops_streamk>(GridwiseGemm_bk0mk1_bk0nk1_mn_xdlops_streamk<256, BlockToCTileMap_GemmStreamK, _Float16, float, _Float16, RowMajor, RowMajor, RowMajor, PassThrough, PassThrough, PassThrough, 256, 128, 4, 32, 32, 8, 4, 2, Sequence, Sequence, Sequence, 2, 8, 8, false, 1, Sequence, Sequence, Sequence, 1, 2, 2, false, 1, 1, 1, 8, Sequence",2,0,13,3527238,3527238,30720,256,25088,0,128,128,96,64,0x0,0x7fe36fc1d180,3002880,17071047,2184791532,7193454726921500,7193517771322161,7193517772646806,7193454734805100
12,"void kernel_gemm_xdlops_streamk<GridwiseGemm_bk0mk1_bk0nk1_mn_xdlops_streamk>(GridwiseGemm_bk0mk1_bk0nk1_mn_xdlops_streamk<256, BlockToCTileMap_GemmStreamK, _Float16, float, _Float16, RowMajor, RowMajor, RowMajor, PassThrough, PassThrough, PassThrough, 256, 128, 4, 32, 32, 8, 4, 2, Sequence, Sequence, Sequence, 2, 8, 8, false, 1, Sequence, Sequence, Sequence, 1, 2, 2, false, 1, 1, 1, 8, Sequence",2,0,14,3527238,3527238,30720,256,25088,0,128,128,96,64,0x0,0x7fe36fc1d180,3002880,16931528,2167132400,7193454726985040,7193517772646806,7193517773993050,7193454736172243
13,"void kernel_gemm_xdlops_streamk<GridwiseGemm_bk0mk1_bk0nk1_mn_xdlops_streamk>(GridwiseGemm_bk0mk1_bk0nk1_mn_xdlops_streamk<256, BlockToCTileMap_GemmStreamK, _Float16, float, _Float16, RowMajor, RowMajor, RowMajor, PassThrough, PassThrough, PassThrough, 256, 128, 4, 32, 32, 8, 4, 2, Sequence, Sequence, Sequence, 2, 8, 8, false, 1, Sequence, Sequence, Sequence, 1, 2, 2, false, 1, 1, 1, 8, Sequence",2,0,15,3527238,3527238,30720,256,25088,0,128,128,96,64,0x0,0x7fe36fc1d180,3002880,16984255,2174309308,7193454727043620,7193517773993050,7193517775321054,7193454737529126
14,"void kernel_gemm_xdlops_streamk<GridwiseGemm_bk0mk1_bk0nk1_mn_xdlops_streamk>(GridwiseGemm_bk0mk1_bk0nk1_mn_xdlops_streamk<256, BlockToCTileMap_GemmStreamK, _Float16, float, _Float16, RowMajor, RowMajor, RowMajor, PassThrough, PassThrough, PassThrough, 256, 128, 4, 32, 32, 8, 4, 2, Sequence, Sequence, Sequence, 2, 8, 8, false, 1, Sequence, Sequence, Sequence, 1, 2, 2, false, 1, 1, 1, 8, Sequence",2,0,16,3527238,3527238,30720,256,25088,0,128,128,96,64,0x0,0x7fe36fc1d180,3002880,16836111,2155425104,7193454727100858,7193517775321054,7193517776646659,7193454738862254
15,"void kernel_gemm_xdlops_streamk<GridwiseGemm_bk0mk1_bk0nk1_mn_xdlops_streamk>(GridwiseGemm_bk0mk1_bk0nk1_mn_xdlops_streamk<256, BlockToCTileMap_GemmStreamK, _Float16, float, _Float16, RowMajor, RowMajor, RowMajor, PassThrough, PassThrough, PassThrough, 256, 128, 4, 32, 32, 8, 4, 2, Sequence, Sequence, Sequence, 2, 8, 8, false, 1, Sequence, Sequence, Sequence, 1, 2, 2, false, 1, 1, 1, 8, Sequence",2,0,17,3527238,3527238,30720,256,25088,0,128,128,96,64,0x0,0x7fe36fc1d180,3002880,16881050,2160368856,7193454727155642,7193517776646659,7193517777982823,7193454740239916
16,"void kernel_gemm_xdlops_streamk<GridwiseGemm_bk0mk1_bk0nk1_mn_xdlops_streamk>(GridwiseGemm_bk0mk1_bk0nk1_mn_xdlops_streamk<256, BlockToCTileMap_GemmStreamK, _Float16, float, _Float16, RowMajor, RowMajor, RowMajor, PassThrough, PassThrough, PassThrough, 256, 128, 4, 32, 32, 8, 4, 2, Sequence, Sequence, Sequence, 2, 8, 8, false, 1, Sequence, Sequence, Sequence, 1, 2, 2, false, 1, 1, 1, 8, Sequence",2,0,18,3527238,3527238,30720,256,25088,0,128,128,96,64,0x0,0x7fe36fc1d180,3002880,16887286,2161213020,7193454727213180,7193517777982823,7193517779326027,7193454741596388
17,"void kernel_gemm_xdlops_streamk<GridwiseGemm_bk0mk1_bk0nk1_mn_xdlops_streamk>(GridwiseGemm_bk0mk1_bk0nk1_mn_xdlops_streamk<256, BlockToCTileMap_GemmStreamK, _Float16, float, _Float16, RowMajor, RowMajor, RowMajor, PassThrough, PassThrough, PassThrough, 256, 128, 4, 32, 32, 8, 4, 2, Sequence, Sequence, Sequence, 2, 8, 8, false, 1, Sequence, Sequence, Sequence, 1, 2, 2, false, 1, 1, 1, 8, Sequence",2,0,19,3527238,3527238,30720,256,25088,0,128,128,96,64,0x0,0x7fe36fc1d180,3002880,17008840,2177173928,7193454727267543,7193517779326027,7193517780701712,7193454742946599
18,"void kernel_gemm_xdlops_streamk<GridwiseGemm_bk0mk1_bk0nk1_mn_xdlops_streamk>(GridwiseGemm_bk0mk1_bk0nk1_mn_xdlops_streamk<256, BlockToCTileMap_GemmStreamK, _Float16, float, _Float16, RowMajor, RowMajor, RowMajor, PassThrough, PassThrough, PassThrough, 256, 128, 4, 32, 32, 8, 4, 2, Sequence, Sequence, Sequence, 2, 8, 8, false, 1, Sequence, Sequence, Sequence, 1, 2, 2, false, 1, 1, 1, 8, Sequence",2,0,20,3527238,3527238,30720,256,25088,0,128,128,96,64,0x0,0x7fe36fc1d180,3002880,16563802,2119927476,7193454727325132,7193517780701712,7193517782045556,7193454744330853
19,"void kernel_gemm_xdlops_streamk<GridwiseGemm_bk0mk1_bk0nk1_mn_xdlops_streamk>(GridwiseGemm_bk0mk1_bk0nk1_mn_xdlops_streamk<256, BlockToCTileMap_GemmStreamK, _Float16, float, _Float16, RowMajor, RowMajor, RowMajor, PassThrough, PassThrough, PassThrough, 256, 128, 4, 32, 32, 8, 4, 2, Sequence, Sequence, Sequence, 2, 8, 8, false, 1, Sequence, Sequence, Sequence, 1, 2, 2, false, 1, 1, 1, 8, Sequence",2,0,21,3527238,3527238,30720,256,25088,0,128,128,96,64,0x0,0x7fe36fc1d180,3002880,17074864,2185621048,7193454727400334,7193517782045556,7193517783355800,7193454745754753
20,"void kernel_gemm_xdlops_streamk<GridwiseGemm_bk0mk1_bk0nk1_mn_xdlops_streamk>(GridwiseGemm_bk0mk1_bk0nk1_mn_xdlops_streamk<256, BlockToCTileMap_GemmStreamK, _Float16, float, _Float16, RowMajor, RowMajor, RowMajor, PassThrough, PassThrough, PassThrough, 256, 128, 4, 32, 32, 8, 4, 2, Sequence, Sequence, Sequence, 2, 8, 8, false, 1, Sequence, Sequence, Sequence, 1, 2, 2, false, 1, 1, 1, 8, Sequence",2,0,22,3527238,3527238,30720,256,25088,0,128,128,96,64,0x0,0x7fe36fc1d180,3002880,16950729,2169725032,7193454727455168,7193517783355800,7193517784688925,7193454747093171
21,"void kernel_gemm_xdlops_streamk<GridwiseGemm_bk0mk1_bk0nk1_mn_xdlops_streamk>(GridwiseGemm_bk0mk1_bk0nk1_mn_xdlops_streamk<256, BlockToCTileMap_GemmStreamK, _Float16, float, _Float16, RowMajor, RowMajor, RowMajor, PassThrough, PassThrough, PassThrough, 256, 128, 4, 32, 32, 8, 4, 2, Sequence, Sequence, Sequence, 2, 8, 8, false, 1, Sequence, Sequence, Sequence, 1, 2, 2, false, 1, 1, 1, 8, Sequence",2,0,23,3527238,3527238,30720,256,25088,0,128,128,96,64,0x0,0x7fe36fc1d180,3002880,16806427,2150636312,7193454727540148,7193517784688925,7193517786084929,7193454748462257
22,"void kernel_gemm_xdlops_streamk<GridwiseGemm_bk0mk1_bk0nk1_mn_xdlops_streamk>(GridwiseGemm_bk0mk1_bk0nk1_mn_xdlops_streamk<256, BlockToCTileMap_GemmStreamK, _Float16, float, _Float16, RowMajor, RowMajor, RowMajor, PassThrough, PassThrough, PassThrough, 256, 128, 4, 32, 32, 8, 4, 2, Sequence, Sequence, Sequence, 2, 8, 8, false, 1, Sequence, Sequence, Sequence, 1, 2, 2, false, 1, 1, 1, 8, Sequence",2,0,24,3527238,3527238,30720,256,25088,0,128,128,96,64,0x0,0x7fe36fc1d180,3002880,17204194,2201540224,7193454727596004,7193517786084929,7193517787421573,7193454749851381
23,"void kernel_gemm_xdlops_streamk<GridwiseGemm_bk0mk1_bk0nk1_mn_xdlops_streamk>(GridwiseGemm_bk0mk1_bk0nk1_mn_xdlops_streamk<256, BlockToCTileMap_GemmStreamK, _Float16, float, _Float16, RowMajor, RowMajor, RowMajor, PassThrough, PassThrough, PassThrough, 256, 128, 4, 32, 32, 8, 4, 2, Sequence, Sequence, Sequence, 2, 8, 8, false, 1, Sequence, Sequence, Sequence, 1, 2, 2, false, 1, 1, 1, 8, Sequence",2,0,25,3527238,3527238,30720,256,25088,0,128,128,96,64,0x0,0x7fe36fc1d180,3002880,16856575,2157220300,7193454727653252,7193517787421573,7193517788745098,7193454751209356
24,"void kernel_gemm_xdlops_streamk<GridwiseGemm_bk0mk1_bk0nk1_mn_xdlops_streamk>(GridwiseGemm_bk0mk1_bk0nk1_mn_xdlops_streamk<256, BlockToCTileMap_GemmStreamK, _Float16, float, _Float16, RowMajor, RowMajor, RowMajor, PassThrough, PassThrough, PassThrough, 256, 128, 4, 32, 32, 8, 4, 2, Sequence, Sequence, Sequence, 2, 8, 8, false, 1, Sequence, Sequence, Sequence, 1, 2, 2, false, 1, 1, 1, 8, Sequence",2,0,26,3527238,3527238,30720,256,25088,0,128,128,96,64,0x0,0x7fe36fc1d180,3002880,16934721,2167204828,7193454727707925,7193517788745098,7193517790091182,7193454752568753
25,"void kernel_gemm_xdlops_streamk<GridwiseGemm_bk0mk1_bk0nk1_mn_xdlops_streamk>(GridwiseGemm_bk0mk1_bk0nk1_mn_xdlops_streamk<256, BlockToCTileMap_GemmStreamK, _Float16, float, _Float16, RowMajor, RowMajor, RowMajor, PassThrough, PassThrough, PassThrough, 256, 128, 4, 32, 32, 8, 4, 2, Sequence, Sequence, Sequence, 2, 8, 8, false, 1, Sequence, Sequence, Sequence, 1, 2, 2, false, 1, 1, 1, 8, Sequence",2,0,27,3527238,3527238,30720,256,25088,0,128,128,96,64,0x0,0x7fe36fc1d180,3002880,17178973,2199256564,7193454727764552,7193517790091182,7193517791415346,7193454753936948
26,"void kernel_gemm_xdlops_streamk<GridwiseGemm_bk0mk1_bk0nk1_mn_xdlops_streamk>(GridwiseGemm_bk0mk1_bk0nk1_mn_xdlops_streamk<256, BlockToCTileMap_GemmStreamK, _Float16, float, _Float16, RowMajor, RowMajor, RowMajor, PassThrough, PassThrough, PassThrough, 256, 128, 4, 32, 32, 8, 4, 2, Sequence, Sequence, Sequence, 2, 8, 8, false, 1, Sequence, Sequence, Sequence, 1, 2, 2, false, 1, 1, 1, 8, Sequence",2,0,28,3527238,3527238,30720,256,25088,0,128,128,96,64,0x0,0x7fe36fc1d180,3002880,16427185,2103027600,7193454727820728,7193517791415346,7193517792760791,7193454755299151
27,"void kernel_gemm_xdlops_streamk<GridwiseGemm_bk0mk1_bk0nk1_mn_xdlops_streamk>(GridwiseGemm_bk0mk1_bk0nk1_mn_xdlops_streamk<256, BlockToCTileMap_GemmStreamK, _Float16, float, _Float16, RowMajor, RowMajor, RowMajor, PassThrough, PassThrough, PassThrough, 256, 128, 4, 32, 32, 8, 4, 2, Sequence, Sequence, Sequence, 2, 8, 8, false, 1, Sequence, Sequence, Sequence, 1, 2, 2, false, 1, 1, 1, 8, Sequence",2,0,29,3527238,3527238,30720,256,25088,0,128,128,96,64,0x0,0x7fe36fc1d180,3002880,16736865,2141911608,7193454727877546,7193517792760791,7193517794105755,7193454756665351
28,"void kernel_gemm_xdlops_streamk<GridwiseGemm_bk0mk1_bk0nk1_mn_xdlops_streamk>(GridwiseGemm_bk0mk1_bk0nk1_mn_xdlops_streamk<256, BlockToCTileMap_GemmStreamK, _Float16, float, _Float16, RowMajor, RowMajor, RowMajor, PassThrough, PassThrough, PassThrough, 256, 128, 4, 32, 32, 8, 4, 2, Sequence, Sequence, Sequence, 2, 8, 8, false, 1, Sequence, Sequence, Sequence, 1, 2, 2, false, 1, 1, 1, 8, Sequence",2,0,30,3527238,3527238,30720,256,25088,0,128,128,96,64,0x0,0x7fe36fc1d180,3002880,16852941,2157277828,7193454727943891,7193517794105755,7193517795489280,7193454758007156
29,"void kernel_gemm_xdlops_streamk<GridwiseGemm_bk0mk1_bk0nk1_mn_xdlops_streamk>(GridwiseGemm_bk0mk1_bk0nk1_mn_xdlops_streamk<256, BlockToCTileMap_GemmStreamK, _Float16, float, _Float16, RowMajor, RowMajor, RowMajor, PassThrough, PassThrough, PassThrough, 256, 128, 4, 32, 32, 8, 4, 2, Sequence, Sequence, Sequence, 2, 8, 8, false, 1, Sequence, Sequence, Sequence, 1, 2, 2, false, 1, 1, 1, 8, Sequence",2,0,31,3527238,3527238,30720,256,25088,0,128,128,96,64,0x0,0x7fe36fc1d180,3002880,16794665,2149510588,7193454728008954,7193517795489280,7193517796845604,7193454759378767
30,"void kernel_gemm_xdlops_streamk<GridwiseGemm_bk0mk1_bk0nk1_mn_xdlops_streamk>(GridwiseGemm_bk0mk1_bk0nk1_mn_xdlops_streamk<256, BlockToCTileMap_GemmStreamK, _Float16, float, _Float16, RowMajor, RowMajor, RowMajor, PassThrough, PassThrough, PassThrough, 256, 128, 4, 32, 32, 8, 4, 2, Sequence, Sequence, Sequence, 2, 8, 8, false, 1, Sequence, Sequence, Sequence, 1, 2, 2, false, 1, 1, 1, 8, Sequence",2,0,32,3527238,3527238,30720,256,25088,0,128,128,96,64,0x0,0x7fe36fc1d180,3002880,16664654,2133256572,7193454728119112,7193517796845604,7193517798182408,7193454760743835
31,"void kernel_gemm_xdlops_streamk<GridwiseGemm_bk0mk1_bk0nk1_mn_xdlops_streamk>(GridwiseGemm_bk0mk1_bk0nk1_mn_xdlops_streamk<256, BlockToCTileMap_GemmStreamK, _Float16, float, _Float16, RowMajor, RowMajor, RowMajor, PassThrough, PassThrough, PassThrough, 256, 128, 4, 32, 32, 8, 4, 2, Sequence, Sequence, Sequence, 2, 8, 8, false, 1, Sequence, Sequence, Sequence, 1, 2, 2, false, 1, 1, 1, 8, Sequence",2,0,33,3527238,3527238,30720,256,25088,0,128,128,96,64,0x0,0x7fe36fc1d180,3002880,16815578,2152327640,7193454728179967,7193517798182408,7193517799509613,7193454762084307
32,"void kernel_gemm_xdlops_streamk<GridwiseGemm_bk0mk1_bk0nk1_mn_xdlops_streamk>(GridwiseGemm_bk0mk1_bk0nk1_mn_xdlops_streamk<256, BlockToCTileMap_GemmStreamK, _Float16, float, _Float16, RowMajor, RowMajor, RowMajor, PassThrough, PassThrough, PassThrough, 256, 128, 4, 32, 32, 8, 4, 2, Sequence, Sequence, Sequence, 2, 8, 8, false, 1, Sequence, Sequence, Sequence, 1, 2, 2, false, 1, 1, 1, 8, Sequence",2,0,34,3527238,3527238,30720,256,25088,0,128,128,96,64,0x0,0x7fe36fc1d180,3002880,16640831,2130641316,7193454728238387,7193517799509613,7193517800848817,7193454763457110
33,"void kernel_gemm_xdlops_streamk<GridwiseGemm_bk0mk1_bk0nk1_mn_xdlops_streamk>(GridwiseGemm_bk0mk1_bk0nk1_mn_xdlops_streamk<256, BlockToCTileMap_GemmStreamK, _Float16, float, _Float16, RowMajor, RowMajor, RowMajor, PassThrough, PassThrough, PassThrough, 256, 128, 4, 32, 32, 8, 4, 2, Sequence, Sequence, Sequence, 2, 8, 8, false, 1, Sequence, Sequence, Sequence, 1, 2, 2, false, 1, 1, 1, 8, Sequence",2,0,35,3527238,3527238,30720,256,25088,0,128,128,96,64,0x0,0x7fe36fc1d180,3002880,16828518,2153645896,7193454728299763,7193517800848817,7193517802178421,7193454764807360
34,"void kernel_gemm_xdlops_streamk<GridwiseGemm_bk0mk1_bk0nk1_mn_xdlops_streamk>(GridwiseGemm_bk0mk1_bk0nk1_mn_xdlops_streamk<256, BlockToCTileMap_GemmStreamK, _Float16, float, _Float16, RowMajor, RowMajor, RowMajor, PassThrough, PassThrough, PassThrough, 256, 128, 4, 32, 32, 8, 4, 2, Sequence, Sequence, Sequence, 2, 8, 8, false, 1, Sequence, Sequence, Sequence, 1, 2, 2, false, 1, 1, 1, 8, Sequence",2,0,36,3527238,3527238,30720,256,25088,0,128,128,96,64,0x0,0x7fe36fc1d180,3002880,16881691,2160560844,7193454728358634,7193517802178421,7193517803502586,7193454766152241
35,"void kernel_gemm_xdlops_streamk<GridwiseGemm_bk0mk1_bk0nk1_mn_xdlops_streamk>(GridwiseGemm_bk0mk1_bk0nk1_mn_xdlops_streamk<256, BlockToCTileMap_GemmStreamK, _Float16, float, _Float16, RowMajor, RowMajor, RowMajor, PassThrough, PassThrough, PassThrough, 256, 128, 4, 32, 32, 8, 4, 2, Sequence, Sequence, Sequence, 2, 8, 8, false, 1, Sequence, Sequence, Sequence, 1, 2, 2, false, 1, 1, 1, 8, Sequence",2,0,37,3527238,3527238,30720,256,25088,0,128,128,96,64,0x0,0x7fe36fc1d180,3002880,16768068,2145732640,7193454728415562,7193517803502586,7193517804832510,7193454767521837
36,"void kernel_gemm_xdlops_streamk<GridwiseGemm_bk0mk1_bk0nk1_mn_xdlops_streamk>(GridwiseGemm_bk0mk1_bk0nk1_mn_xdlops_streamk<256, BlockToCTileMap_GemmStreamK, _Float16, float, _Float16, RowMajor, RowMajor, RowMajor, PassThrough, PassThrough, PassThrough, 256, 128, 4, 32, 32, 8, 4, 2, Sequence, Sequence, Sequence, 2, 8, 8, false, 1, Sequence, Sequence, Sequence, 1, 2, 2, false, 1, 1, 1, 8, Sequence",2,0,38,3527238,3527238,30720,256,25088,0,128,128,96,64,0x0,0x7fe36fc1d180,3002880,16798557,2150369156,7193454728472710,7193517804832510,7193517806234914,7193454768888439
37,"void kernel_gemm_xdlops_streamk<GridwiseGemm_bk0mk1_bk0nk1_mn_xdlops_streamk>(GridwiseGemm_bk0mk1_bk0nk1_mn_xdlops_streamk<256, BlockToCTileMap_GemmStreamK, _Float16, float, _Float16, RowMajor, RowMajor, RowMajor, PassThrough, PassThrough, PassThrough, 256, 128, 4, 32, 32, 8, 4, 2, Sequence, Sequence, Sequence, 2, 8, 8, false, 1, Sequence, Sequence, Sequence, 1, 2, 2, false, 1, 1, 1, 8, Sequence",2,0,39,3527238,3527238,30720,256,25088,0,128,128,96,64,0x0,0x7fe36fc1d180,3002880,16820617,2153384132,7193454728528545,7193517806234411,7193517807555372,7193454770246354
38,"void kernel_gemm_xdlops_streamk<GridwiseGemm_bk0mk1_bk0nk1_mn_xdlops_streamk>(GridwiseGemm_bk0mk1_bk0nk1_mn_xdlops_streamk<256, BlockToCTileMap_GemmStreamK, _Float16, float, _Float16, RowMajor, RowMajor, RowMajor, PassThrough, PassThrough, PassThrough, 256, 128, 4, 32, 32, 8, 4, 2, Sequence, Sequence, Sequence, 2, 8, 8, false, 1, Sequence, Sequence, Sequence, 1, 2, 2, false, 1, 1, 1, 8, Sequence",2,0,40,3527238,3527238,30720,256,25088,0,128,128,96,64,0x0,0x7fe36fc1d180,3002880,16954979,2169779756,7193454728583709,7193517807555372,7193517808895053,7193454771646018
39,"void kernel_gemm_xdlops_streamk<GridwiseGemm_bk0mk1_bk0nk1_mn_xdlops_streamk>(GridwiseGemm_bk0mk1_bk0nk1_mn_xdlops_streamk<256, BlockToCTileMap_GemmStreamK, _Float16, float, _Float16, RowMajor, RowMajor, RowMajor, PassThrough, PassThrough, PassThrough, 256, 128, 4, 32, 32, 8, 4, 2, Sequence, Sequence, Sequence, 2, 8, 8, false, 1, Sequence, Sequence, Sequence, 1, 2, 2, false, 1, 1, 1, 8, Sequence",2,0,41,3527238,3527238,30720,256,25088,0,128,128,96,64,0x0,0x7fe36fc1d180,3002880,16879738,2160887532,7193454728639284,7193517808895053,7193517810224015,7193454772991840
40,"void kernel_gemm_xdlops_streamk<GridwiseGemm_bk0mk1_bk0nk1_mn_xdlops_streamk>(GridwiseGemm_bk0mk1_bk0nk1_mn_xdlops_streamk<256, BlockToCTileMap_GemmStreamK, _Float16, float, _Float16, RowMajor, RowMajor, RowMajor, PassThrough, PassThrough, PassThrough, 256, 128, 4, 32, 32, 8, 4, 2, Sequence, Sequence, Sequence, 2, 8, 8, false, 1, Sequence, Sequence, Sequence, 1, 2, 2, false, 1, 1, 1, 8, Sequence",2,0,42,3527238,3527238,30720,256,25088,0,128,128,96,64,0x0,0x7fe36fc1d180,3002880,16819160,2152654556,7193454728692555,7193517810224015,7193517811553776,7193454774373890
41,"void kernel_gemm_xdlops_streamk<GridwiseGemm_bk0mk1_bk0nk1_mn_xdlops_streamk>(GridwiseGemm_bk0mk1_bk0nk1_mn_xdlops_streamk<256, BlockToCTileMap_GemmStreamK, _Float16, float, _Float16, RowMajor, RowMajor, RowMajor, PassThrough, PassThrough, PassThrough, 256, 128, 4, 32, 32, 8, 4, 2, Sequence, Sequence, Sequence, 2, 8, 8, false, 1, Sequence, Sequence, Sequence, 1, 2, 2, false, 1, 1, 1, 8, Sequence",2,0,43,3527238,3527238,30720,256,25088,0,128,128,96,64,0x0,0x7fe36fc1d180,3002880,16882540,2160901888,7193454728748030,7193517811553776,7193517812895378,7193454775742325
42,"void kernel_gemm_xdlops_streamk<GridwiseGemm_bk0mk1_bk0nk1_mn_xdlops_streamk>(GridwiseGemm_bk0mk1_bk0nk1_mn_xdlops_streamk<256, BlockToCTileMap_GemmStreamK, _Float16, float, _Float16, RowMajor, RowMajor, RowMajor, PassThrough, PassThrough, PassThrough, 256, 128, 4, 32, 32, 8, 4, 2, Sequence, Sequence, Sequence, 2, 8, 8, false, 1, Sequence, Sequence, Sequence, 1, 2, 2, false, 1, 1, 1, 8, Sequence",2,0,44,3527238,3527238,30720,256,25088,0,128,128,96,64,0x0,0x7fe36fc1d180,3002880,16672585,2134281472,7193454728806280,7193517812895378,7193517814233139,7193454777083669
43,"void kernel_gemm_xdlops_streamk<GridwiseGemm_bk0mk1_bk0nk1_mn_xdlops_streamk>(GridwiseGemm_bk0mk1_bk0nk1_mn_xdlops_streamk<256, BlockToCTileMap_GemmStreamK, _Float16, float, _Float16, RowMajor, RowMajor, RowMajor, PassThrough, PassThrough, PassThrough, 256, 128, 4, 32, 32, 8, 4, 2, Sequence, Sequence, Sequence, 2, 8, 8, false, 1, Sequence, Sequence, Sequence, 1, 2, 2, false, 1, 1, 1, 8, Sequence",2,0,45,3527238,3527238,30720,256,25088,0,128,128,96,64,0x0,0x7fe36fc1d180,3002880,17221438,2203748992,7193454728864349,7193517814233139,7193517815541141,7193454778519581
44,"void kernel_gemm_xdlops_streamk<GridwiseGemm_bk0mk1_bk0nk1_mn_xdlops_streamk>(GridwiseGemm_bk0mk1_bk0nk1_mn_xdlops_streamk<256, BlockToCTileMap_GemmStreamK, _Float16, float, _Float16, RowMajor, RowMajor, RowMajor, PassThrough, PassThrough, PassThrough, 256, 128, 4, 32, 32, 8, 4, 2, Sequence, Sequence, Sequence, 2, 8, 8, false, 1, Sequence, Sequence, Sequence, 1, 2, 2, false, 1, 1, 1, 8, Sequence",2,0,46,3527238,3527238,30720,256,25088,0,128,128,96,64,0x0,0x7fe36fc1d180,3002880,16728701,2141211216,7193454728939031,7193517815541141,7193517816892662,7193454779883196
45,"void kernel_gemm_xdlops_streamk<GridwiseGemm_bk0mk1_bk0nk1_mn_xdlops_streamk>(GridwiseGemm_bk0mk1_bk0nk1_mn_xdlops_streamk<256, BlockToCTileMap_GemmStreamK, _Float16, float, _Float16, RowMajor, RowMajor, RowMajor, PassThrough, PassThrough, PassThrough, 256, 128, 4, 32, 32, 8, 4, 2, Sequence, Sequence, Sequence, 2, 8, 8, false, 1, Sequence, Sequence, Sequence, 1, 2, 2, false, 1, 1, 1, 8, Sequence",2,0,47,3527238,3527238,30720,256,25088,0,128,128,96,64,0x0,0x7fe36fc1d180,3002880,17088029,2187244164,7193454729004234,7193517816892662,7193517818293784,7193454781236493
46,"void kernel_gemm_xdlops_streamk<GridwiseGemm_bk0mk1_bk0nk1_mn_xdlops_streamk>(GridwiseGemm_bk0mk1_bk0nk1_mn_xdlops_streamk<256, BlockToCTileMap_GemmStreamK, _Float16, float, _Float16, RowMajor, RowMajor, RowMajor, PassThrough, PassThrough, PassThrough, 256, 128, 4, 32, 32, 8, 4, 2, Sequence, Sequence, Sequence, 2, 8, 8, false, 1, Sequence, Sequence, Sequence, 1, 2, 2, false, 1, 1, 1, 8, Sequence",2,0,48,3527238,3527238,30720,256,25088,0,128,128,96,64,0x0,0x7fe36fc1d180,3002880,16742883,2143258192,7193454729061872,7193517818293784,7193517819620985,7193454782602262
47,"void kernel_gemm_xdlops_streamk<GridwiseGemm_bk0mk1_bk0nk1_mn_xdlops_streamk>(GridwiseGemm_bk0mk1_bk0nk1_mn_xdlops_streamk<256, BlockToCTileMap_GemmStreamK, _Float16, float, _Float16, RowMajor, RowMajor, RowMajor, PassThrough, PassThrough, PassThrough, 256, 128, 4, 32, 32, 8, 4, 2, Sequence, Sequence, Sequence, 2, 8, 8, false, 1, Sequence, Sequence, Sequence, 1, 2, 2, false, 1, 1, 1, 8, Sequence",2,0,49,3527238,3527238,30720,256,25088,0,128,128,96,64,0x0,0x7fe36fc1d180,3002880,16991238,2175008316,7193454729119702,7193517819620985,7193517820944347,7193454783964575
48,"void kernel_gemm_xdlops_streamk<GridwiseGemm_bk0mk1_bk0nk1_mn_xdlops_streamk>(GridwiseGemm_bk0mk1_bk0nk1_mn_xdlops_streamk<256, BlockToCTileMap_GemmStreamK, _Float16, float, _Float16, RowMajor, RowMajor, RowMajor, PassThrough, PassThrough, PassThrough, 256, 128, 4, 32, 32, 8, 4, 2, Sequence, Sequence, Sequence, 2, 8, 8, false, 1, Sequence, Sequence, Sequence, 1, 2, 2, false, 1, 1, 1, 8, Sequence",2,0,50,3527238,3527238,30720,256,25088,0,128,128,96,64,0x0,0x7fe36fc1d180,3002880,16857499,2157930852,7193454729194613,7193517820944347,7193517822312669,7193454785336366
49,"void kernel_gemm_xdlops_streamk<GridwiseGemm_bk0mk1_bk0nk1_mn_xdlops_streamk>(GridwiseGemm_bk0mk1_bk0nk1_mn_xdlops_streamk<256, BlockToCTileMap_GemmStreamK, _Float16, float, _Float16, RowMajor, RowMajor, RowMajor, PassThrough, PassThrough, PassThrough, 256, 128, 4, 32, 32, 8, 4, 2, Sequence, Sequence, Sequence, 2, 8, 8, false, 1, Sequence, Sequence, Sequence, 1, 2, 2, false, 1, 1, 1, 8, Sequence",2,0,51,3527238,3527238,30720,256,25088,0,128,128,96,64,0x0,0x7fe36fc1d180,3002880,17073499,2185091280,7193454729250990,7193517822312669,7193517823639230,7193454786681377
50,"void kernel_gemm_xdlops_streamk<GridwiseGemm_bk0mk1_bk0nk1_mn_xdlops_streamk>(GridwiseGemm_bk0mk1_bk0nk1_mn_xdlops_streamk<256, BlockToCTileMap_GemmStreamK, _Float16, float, _Float16, RowMajor, RowMajor, RowMajor, PassThrough, PassThrough, PassThrough, 256, 128, 4, 32, 32, 8, 4, 2, Sequence, Sequence, Sequence, 2, 8, 8, false, 1, Sequence, Sequence, Sequence, 1, 2, 2, false, 1, 1, 1, 8, Sequence",2,0,52,3527238,3527238,30720,256,25088,0,128,128,96,64,0x0,0x7fe36fc1d180,3002880,16938631,2168313260,7193454729308148,7193517823639230,7193517824978912,7193454788080570
51,"void kernel_gemm_xdlops_streamk<GridwiseGemm_bk0mk1_bk0nk1_mn_xdlops_streamk>(GridwiseGemm_bk0mk1_bk0nk1_mn_xdlops_streamk<256, BlockToCTileMap_GemmStreamK, _Float16, float, _Float16, RowMajor, RowMajor, RowMajor, PassThrough, PassThrough, PassThrough, 256, 128, 4, 32, 32, 8, 4, 2, Sequence, Sequence, Sequence, 2, 8, 8, false, 1, Sequence, Sequence, Sequence, 1, 2, 2, false, 1, 1, 1, 8, Sequence",2,0,53,3527238,3527238,30720,256,25088,0,128,128,96,64,0x0,0x7fe36fc1d180,3002880,17051033,2182753936,7193454729367380,7193517824978912,7193517826307233,7193454789508517
52,"void kernel_gemm_xdlops_streamk<GridwiseGemm_bk0mk1_bk0nk1_mn_xdlops_streamk>(GridwiseGemm_bk0mk1_bk0nk1_mn_xdlops_streamk<256, BlockToCTileMap_GemmStreamK, _Float16, float, _Float16, RowMajor, RowMajor, RowMajor, PassThrough, PassThrough, PassThrough, 256, 128, 4, 32, 32, 8, 4, 2, Sequence, Sequence, Sequence, 2, 8, 8, false, 1, Sequence, Sequence, Sequence, 1, 2, 2, false, 1, 1, 1, 8, Sequence",2,0,54,3527238,3527238,30720,256,25088,0,128,128,96,64,0x0,0x7fe36fc1d180,3002880,17013817,2177915808,7193454729487146,7193517826307233,7193517827620675,7193454790859790
53,"void kernel_gemm_xdlops_streamk<GridwiseGemm_bk0mk1_bk0nk1_mn_xdlops_streamk>(GridwiseGemm_bk0mk1_bk0nk1_mn_xdlops_streamk<256, BlockToCTileMap_GemmStreamK, _Float16, float, _Float16, RowMajor, RowMajor, RowMajor, PassThrough, PassThrough, PassThrough, 256, 128, 4, 32, 32, 8, 4, 2, Sequence, Sequence, Sequence, 2, 8, 8, false, 1, Sequence, Sequence, Sequence, 1, 2, 2, false, 1, 1, 1, 8, Sequence",2,0,55,3527238,3527238,30720,256,25088,0,128,128,96,64,0x0,0x7fe36fc1d180,3002880,17146517,2194794136,7193454729546799,7193517827620675,7193517828953796,7193454792217323
54,"void kernel_gemm_xdlops_streamk<GridwiseGemm_bk0mk1_bk0nk1_mn_xdlops_streamk>(GridwiseGemm_bk0mk1_bk0nk1_mn_xdlops_streamk<256, BlockToCTileMap_GemmStreamK, _Float16, float, _Float16, RowMajor, RowMajor, RowMajor, PassThrough, PassThrough, PassThrough, 256, 128, 4, 32, 32, 8, 4, 2, Sequence, Sequence, Sequence, 2, 8, 8, false, 1, Sequence, Sequence, Sequence, 1, 2, 2, false, 1, 1, 1, 8, Sequence",2,0,56,3527238,3527238,30720,256,25088,0,128,128,96,64,0x0,0x7fe36fc1d180,3002880,16543303,2117202812,7193454729602013,7193517828953796,7193517830291398,7193454793602340
55,"void kernel_gemm_xdlops_streamk<GridwiseGemm_bk0mk1_bk0nk1_mn_xdlops_streamk>(GridwiseGemm_bk0mk1_bk0nk1_mn_xdlops_streamk<256, BlockToCTileMap_GemmStreamK, _Float16, float, _Float16, RowMajor, RowMajor, RowMajor, PassThrough, PassThrough, PassThrough, 256, 128, 4, 32, 32, 8, 4, 2, Sequence, Sequence, Sequence, 2, 8, 8, false, 1, Sequence, Sequence, Sequence, 1, 2, 2, false, 1, 1, 1, 8, Sequence",2,0,57,3527238,3527238,30720,256,25088,0,128,128,96,64,0x0,0x7fe36fc1d180,3002880,17118771,2191274924,7193454729659201,7193517830291398,7193517831625159,7193454795016822
