Index,KernelName,gpu-id,queue-id,queue-index,pid,tid,grd,wgr,lds,scr,arch_vgpr,accum_vgpr,sgpr,wave_size,sig,obj,SQ_INSTS_SMEM,SQ_INST_LEVEL_SMEM,SQ_ACCUM_PREV_HIRES,DispatchNs,BeginNs,EndNs,CompleteNs
0,__amd_rocclr_fillBufferAligned.kd,2,0,0,3526894,3526894,3932160,256,0,0,8,8,32,64,0x0,0x7f0c4389d900,430080,504238,64473816,7193446870001520,7193517758330120,7193517758417640,7193446877604050
1,"void kernel_gemm_xdlops_streamk<GridwiseGemm_bk0mk1_bk0nk1_mn_xdlops_streamk>(GridwiseGemm_bk0mk1_bk0nk1_mn_xdlops_streamk<256, BlockToCTileMap_GemmStreamK, _Float16, float, _Float16, RowMajor, RowMajor, RowMajor, PassThrough, PassThrough, PassThrough, 256, 128, 4, 32, 32, 8, 4, 2, Sequence, Sequence, Sequence, 2, 8, 8, false, 1, Sequence, Sequence, Sequence, 1, 2, 2, false, 1, 1, 1, 8, Sequence",2,0,1,3526894,3526894,30720,256,25088,0,128,128,96,64,0x0,0x7f0c43879180,5280,39887,5060888,7193446877469125,7193517758417640,7193517759667884,7193446878902032
2,"void kernel_gemm_xdlops_streamk<GridwiseGemm_bk0mk1_bk0nk1_mn_xdlops_streamk>(GridwiseGemm_bk0mk1_bk0nk1_mn_xdlops_streamk<256, BlockToCTileMap_GemmStreamK, _Float16, float, _Float16, RowMajor, RowMajor, RowMajor, PassThrough, PassThrough, PassThrough, 256, 128, 4, 32, 32, 8, 4, 2, Sequence, Sequence, Sequence, 2, 8, 8, false, 1, Sequence, Sequence, Sequence, 1, 2, 2, false, 1, 1, 1, 8, Sequence",2,0,2,3526894,3526894,30720,256,25088,0,128,128,96,64,0x0,0x7f0c43879180,5280,32215,4107040,7193446877539568,7193517759667884,7193517760923568,7193446880203009
3,"void kernel_gemm_xdlops_streamk<GridwiseGemm_bk0mk1_bk0nk1_mn_xdlops_streamk>(GridwiseGemm_bk0mk1_bk0nk1_mn_xdlops_streamk<256, BlockToCTileMap_GemmStreamK, _Float16, float, _Float16, RowMajor, RowMajor, RowMajor, PassThrough, PassThrough, PassThrough, 256, 128, 4, 32, 32, 8, 4, 2, Sequence, Sequence, Sequence, 2, 8, 8, false, 1, Sequence, Sequence, Sequence, 1, 2, 2, false, 1, 1, 1, 8, Sequence",2,0,3,3526894,3526894,30720,256,25088,0,128,128,96,64,0x0,0x7f0c43879180,5280,33260,4232520,7193446877598740,7193517760923568,7193517762226132,7193446881461576
4,"void kernel_gemm_xdlops_streamk<GridwiseGemm_bk0mk1_bk0nk1_mn_xdlops_streamk>(GridwiseGemm_bk0mk1_bk0nk1_mn_xdlops_streamk<256, BlockToCTileMap_GemmStreamK, _Float16, float, _Float16, RowMajor, RowMajor, RowMajor, PassThrough, PassThrough, PassThrough, 256, 128, 4, 32, 32, 8, 4, 2, Sequence, Sequence, Sequence, 2, 8, 8, false, 1, Sequence, Sequence, Sequence, 1, 2, 2, false, 1, 1, 1, 8, Sequence",2,0,4,3526894,3526894,30720,256,25088,0,128,128,96,64,0x0,0x7f0c43879180,5280,32387,4117724,7193446877661959,7193517762226132,7193517763469816,7193446882738388
5,"void kernel_gemm_xdlops_streamk<GridwiseGemm_bk0mk1_bk0nk1_mn_xdlops_streamk>(GridwiseGemm_bk0mk1_bk0nk1_mn_xdlops_streamk<256, BlockToCTileMap_GemmStreamK, _Float16, float, _Float16, RowMajor, RowMajor, RowMajor, PassThrough, PassThrough, PassThrough, 256, 128, 4, 32, 32, 8, 4, 2, Sequence, Sequence, Sequence, 2, 8, 8, false, 1, Sequence, Sequence, Sequence, 1, 2, 2, false, 1, 1, 1, 8, Sequence",2,0,5,3526894,3526894,30720,256,25088,0,128,128,96,64,0x0,0x7f0c43879180,5280,31434,4010756,7193446877968358,7193517763469816,7193517764728060,7193446884029036
6,"void kernel_gemm_xdlops_streamk<GridwiseGemm_bk0mk1_bk0nk1_mn_xdlops_streamk>(GridwiseGemm_bk0mk1_bk0nk1_mn_xdlops_streamk<256, BlockToCTileMap_GemmStreamK, _Float16, float, _Float16, RowMajor, RowMajor, RowMajor, PassThrough, PassThrough, PassThrough, 256, 128, 4, 32, 32, 8, 4, 2, Sequence, Sequence, Sequence, 2, 8, 8, false, 1, Sequence, Sequence, Sequence, 1, 2, 2, false, 1, 1, 1, 8, Sequence",2,0,8,3526894,3526894,30720,256,25088,0,128,128,96,64,0x0,0x7f0c43879180,5280,56023,7157900,7193446884030739,7193517764758300,7193517766035904,7193446885464337
7,"void kernel_gemm_xdlops_streamk<GridwiseGemm_bk0mk1_bk0nk1_mn_xdlops_streamk>(GridwiseGemm_bk0mk1_bk0nk1_mn_xdlops_streamk<256, BlockToCTileMap_GemmStreamK, _Float16, float, _Float16, RowMajor, RowMajor, RowMajor, PassThrough, PassThrough, PassThrough, 256, 128, 4, 32, 32, 8, 4, 2, Sequence, Sequence, Sequence, 2, 8, 8, false, 1, Sequence, Sequence, Sequence, 1, 2, 2, false, 1, 1, 1, 8, Sequence",2,0,9,3526894,3526894,30720,256,25088,0,128,128,96,64,0x0,0x7f0c43879180,5280,31648,4044792,7193446884183407,7193517766035904,7193517767318948,7193446886781334
8,"void kernel_gemm_xdlops_streamk<GridwiseGemm_bk0mk1_bk0nk1_mn_xdlops_streamk>(GridwiseGemm_bk0mk1_bk0nk1_mn_xdlops_streamk<256, BlockToCTileMap_GemmStreamK, _Float16, float, _Float16, RowMajor, RowMajor, RowMajor, PassThrough, PassThrough, PassThrough, 256, 128, 4, 32, 32, 8, 4, 2, Sequence, Sequence, Sequence, 2, 8, 8, false, 1, Sequence, Sequence, Sequence, 1, 2, 2, false, 1, 1, 1, 8, Sequence",2,0,10,3526894,3526894,30720,256,25088,0,128,128,96,64,0x0,0x7f0c43879180,5280,31110,3986452,7193446884243471,7193517767318948,7193517768631273,7193446888166811
9,"void kernel_gemm_xdlops_streamk<GridwiseGemm_bk0mk1_bk0nk1_mn_xdlops_streamk>(GridwiseGemm_bk0mk1_bk0nk1_mn_xdlops_streamk<256, BlockToCTileMap_GemmStreamK, _Float16, float, _Float16, RowMajor, RowMajor, RowMajor, PassThrough, PassThrough, PassThrough, 256, 128, 4, 32, 32, 8, 4, 2, Sequence, Sequence, Sequence, 2, 8, 8, false, 1, Sequence, Sequence, Sequence, 1, 2, 2, false, 1, 1, 1, 8, Sequence",2,0,11,3526894,3526894,30720,256,25088,0,128,128,96,64,0x0,0x7f0c43879180,5280,30507,3892188,7193446884299897,7193517768631273,7193517769984077,7193446889507914
10,"void kernel_gemm_xdlops_streamk<GridwiseGemm_bk0mk1_bk0nk1_mn_xdlops_streamk>(GridwiseGemm_bk0mk1_bk0nk1_mn_xdlops_streamk<256, BlockToCTileMap_GemmStreamK, _Float16, float, _Float16, RowMajor, RowMajor, RowMajor, PassThrough, PassThrough, PassThrough, 256, 128, 4, 32, 32, 8, 4, 2, Sequence, Sequence, Sequence, 2, 8, 8, false, 1, Sequence, Sequence, Sequence, 1, 2, 2, false, 1, 1, 1, 8, Sequence",2,0,12,3526894,3526894,30720,256,25088,0,128,128,96,64,0x0,0x7f0c43879180,5280,30455,3891264,7193446884356013,7193517769984077,7193517771322161,7193446890849128
11,"void kernel_gemm_xdlops_streamk<GridwiseGemm_bk0mk1_bk0nk1_mn_xdlops_streamk>(GridwiseGemm_bk0mk1_bk0nk1_mn_xdlops_streamk<256, BlockToCTileMap_GemmStreamK, _Float16, float, _Float16, RowMajor, RowMajor, RowMajor, PassThrough, PassThrough, PassThrough, 256, 128, 4, 32, 32, 8, 4, 2, Sequence, Sequence, Sequence, 2, 8, 8, false, 1, Sequence, Sequence, Sequence, 1, 2, 2, false, 1, 1, 1, 8, Sequence",2,0,13,3526894,3526894,30720,256,25088,0,128,128,96,64,0x0,0x7f0c43879180,5280,30610,3906632,7193446884411157,7193517771322161,7193517772646806,7193446892197555
12,"void kernel_gemm_xdlops_streamk<GridwiseGemm_bk0mk1_bk0nk1_mn_xdlops_streamk>(GridwiseGemm_bk0mk1_bk0nk1_mn_xdlops_streamk<256, BlockToCTileMap_GemmStreamK, _Float16, float, _Float16, RowMajor, RowMajor, RowMajor, PassThrough, PassThrough, PassThrough, 256, 128, 4, 32, 32, 8, 4, 2, Sequence, Sequence, Sequence, 2, 8, 8, false, 1, Sequence, Sequence, Sequence, 1, 2, 2, false, 1, 1, 1, 8, Sequence",2,0,14,3526894,3526894,30720,256,25088,0,128,128,96,64,0x0,0x7f0c43879180,5280,30548,3923492,7193446884468866,7193517772646806,7193517773993050,7193446893560259
13,"void kernel_gemm_xdlops_streamk<GridwiseGemm_bk0mk1_bk0nk1_mn_xdlops_streamk>(GridwiseGemm_bk0mk1_bk0nk1_mn_xdlops_streamk<256, BlockToCTileMap_GemmStreamK, _Float16, float, _Float16, RowMajor, RowMajor, RowMajor, PassThrough, PassThrough, PassThrough, 256, 128, 4, 32, 32, 8, 4, 2, Sequence, Sequence, Sequence, 2, 8, 8, false, 1, Sequence, Sequence, Sequence, 1, 2, 2, false, 1, 1, 1, 8, Sequence",2,0,15,3526894,3526894,30720,256,25088,0,128,128,96,64,0x0,0x7f0c43879180,5280,30726,3907404,7193446884528138,7193517773993050,7193517775321054,7193446894921580
14,"void kernel_gemm_xdlops_streamk<GridwiseGemm_bk0mk1_bk0nk1_mn_xdlops_streamk>(GridwiseGemm_bk0mk1_bk0nk1_mn_xdlops_streamk<256, BlockToCTileMap_GemmStreamK, _Float16, float, _Float16, RowMajor, RowMajor, RowMajor, PassThrough, PassThrough, PassThrough, 256, 128, 4, 32, 32, 8, 4, 2, Sequence, Sequence, Sequence, 2, 8, 8, false, 1, Sequence, Sequence, Sequence, 1, 2, 2, false, 1, 1, 1, 8, Sequence",2,0,16,3526894,3526894,30720,256,25088,0,128,128,96,64,0x0,0x7f0c43879180,5280,38800,4967344,7193446884584264,7193517775321054,7193517776646659,7193446896282490
15,"void kernel_gemm_xdlops_streamk<GridwiseGemm_bk0mk1_bk0nk1_mn_xdlops_streamk>(GridwiseGemm_bk0mk1_bk0nk1_mn_xdlops_streamk<256, BlockToCTileMap_GemmStreamK, _Float16, float, _Float16, RowMajor, RowMajor, RowMajor, PassThrough, PassThrough, PassThrough, 256, 128, 4, 32, 32, 8, 4, 2, Sequence, Sequence, Sequence, 2, 8, 8, false, 1, Sequence, Sequence, Sequence, 1, 2, 2, false, 1, 1, 1, 8, Sequence",2,0,17,3526894,3526894,30720,256,25088,0,128,128,96,64,0x0,0x7f0c43879180,5280,30979,3953620,7193446884640230,7193517776646659,7193517777982823,7193446897647008
16,"void kernel_gemm_xdlops_streamk<GridwiseGemm_bk0mk1_bk0nk1_mn_xdlops_streamk>(GridwiseGemm_bk0mk1_bk0nk1_mn_xdlops_streamk<256, BlockToCTileMap_GemmStreamK, _Float16, float, _Float16, RowMajor, RowMajor, RowMajor, PassThrough, PassThrough, PassThrough, 256, 128, 4, 32, 32, 8, 4, 2, Sequence, Sequence, Sequence, 2, 8, 8, false, 1, Sequence, Sequence, Sequence, 1, 2, 2, false, 1, 1, 1, 8, Sequence",2,0,18,3526894,3526894,30720,256,25088,0,128,128,96,64,0x0,0x7f0c43879180,5280,29773,3810124,7193446884697188,7193517777982823,7193517779326027,7193446899012467
17,"void kernel_gemm_xdlops_streamk<GridwiseGemm_bk0mk1_bk0nk1_mn_xdlops_streamk>(GridwiseGemm_bk0mk1_bk0nk1_mn_xdlops_streamk<256, BlockToCTileMap_GemmStreamK, _Float16, float, _Float16, RowMajor, RowMajor, RowMajor, PassThrough, PassThrough, PassThrough, 256, 128, 4, 32, 32, 8, 4, 2, Sequence, Sequence, Sequence, 2, 8, 8, false, 1, Sequence, Sequence, Sequence, 1, 2, 2, false, 1, 1, 1, 8, Sequence",2,0,19,3526894,3526894,30720,256,25088,0,128,128,96,64,0x0,0x7f0c43879180,5280,31294,4012144,7193446884754576,7193517779326027,7193517780701712,7193446900381663
18,"void kernel_gemm_xdlops_streamk<GridwiseGemm_bk0mk1_bk0nk1_mn_xdlops_streamk>(GridwiseGemm_bk0mk1_bk0nk1_mn_xdlops_streamk<256, BlockToCTileMap_GemmStreamK, _Float16, float, _Float16, RowMajor, RowMajor, RowMajor, PassThrough, PassThrough, PassThrough, 256, 128, 4, 32, 32, 8, 4, 2, Sequence, Sequence, Sequence, 2, 8, 8, false, 1, Sequence, Sequence, Sequence, 1, 2, 2, false, 1, 1, 1, 8, Sequence",2,0,20,3526894,3526894,30720,256,25088,0,128,128,96,64,0x0,0x7f0c43879180,5280,30622,3913340,7193446884811844,7193517780701712,7193517782045556,7193446901740380
19,"void kernel_gemm_xdlops_streamk<GridwiseGemm_bk0mk1_bk0nk1_mn_xdlops_streamk>(GridwiseGemm_bk0mk1_bk0nk1_mn_xdlops_streamk<256, BlockToCTileMap_GemmStreamK, _Float16, float, _Float16, RowMajor, RowMajor, RowMajor, PassThrough, PassThrough, PassThrough, 256, 128, 4, 32, 32, 8, 4, 2, Sequence, Sequence, Sequence, 2, 8, 8, false, 1, Sequence, Sequence, Sequence, 1, 2, 2, false, 1, 1, 1, 8, Sequence",2,0,21,3526894,3526894,30720,256,25088,0,128,128,96,64,0x0,0x7f0c43879180,5280,31310,4000972,7193446884881055,7193517782045556,7193517783355800,7193446903086482
20,"void kernel_gemm_xdlops_streamk<GridwiseGemm_bk0mk1_bk0nk1_mn_xdlops_streamk>(GridwiseGemm_bk0mk1_bk0nk1_mn_xdlops_streamk<256, BlockToCTileMap_GemmStreamK, _Float16, float, _Float16, RowMajor, RowMajor, RowMajor, PassThrough, PassThrough, PassThrough, 256, 128, 4, 32, 32, 8, 4, 2, Sequence, Sequence, Sequence, 2, 8, 8, false, 1, Sequence, Sequence, Sequence, 1, 2, 2, false, 1, 1, 1, 8, Sequence",2,0,22,3526894,3526894,30720,256,25088,0,128,128,96,64,0x0,0x7f0c43879180,5280,29001,3691368,7193446884948482,7193517783355800,7193517784688925,7193446904464014
21,"void kernel_gemm_xdlops_streamk<GridwiseGemm_bk0mk1_bk0nk1_mn_xdlops_streamk>(GridwiseGemm_bk0mk1_bk0nk1_mn_xdlops_streamk<256, BlockToCTileMap_GemmStreamK, _Float16, float, _Float16, RowMajor, RowMajor, RowMajor, PassThrough, PassThrough, PassThrough, 256, 128, 4, 32, 32, 8, 4, 2, Sequence, Sequence, Sequence, 2, 8, 8, false, 1, Sequence, Sequence, Sequence, 1, 2, 2, false, 1, 1, 1, 8, Sequence",2,0,23,3526894,3526894,30720,256,25088,0,128,128,96,64,0x0,0x7f0c43879180,5280,30777,3939316,7193446885028984,7193517784688925,7193517786084929,7193446905826217
22,"void kernel_gemm_xdlops_streamk<GridwiseGemm_bk0mk1_bk0nk1_mn_xdlops_streamk>(GridwiseGemm_bk0mk1_bk0nk1_mn_xdlops_streamk<256, BlockToCTileMap_GemmStreamK, _Float16, float, _Float16, RowMajor, RowMajor, RowMajor, PassThrough, PassThrough, PassThrough, 256, 128, 4, 32, 32, 8, 4, 2, Sequence, Sequence, Sequence, 2, 8, 8, false, 1, Sequence, Sequence, Sequence, 1, 2, 2, false, 1, 1, 1, 8, Sequence",2,0,24,3526894,3526894,30720,256,25088,0,128,128,96,64,0x0,0x7f0c43879180,5280,30191,3848272,7193446885084409,7193517786084929,7193517787421573,7193446907183641
23,"void kernel_gemm_xdlops_streamk<GridwiseGemm_bk0mk1_bk0nk1_mn_xdlops_streamk>(GridwiseGemm_bk0mk1_bk0nk1_mn_xdlops_streamk<256, BlockToCTileMap_GemmStreamK, _Float16, float, _Float16, RowMajor, RowMajor, RowMajor, PassThrough, PassThrough, PassThrough, 256, 128, 4, 32, 32, 8, 4, 2, Sequence, Sequence, Sequence, 2, 8, 8, false, 1, Sequence, Sequence, Sequence, 1, 2, 2, false, 1, 1, 1, 8, Sequence",2,0,25,3526894,3526894,30720,256,25088,0,128,128,96,64,0x0,0x7f0c43879180,5280,30861,3954272,7193446885140675,7193517787421573,7193517788745098,7193446908569970
24,"void kernel_gemm_xdlops_streamk<GridwiseGemm_bk0mk1_bk0nk1_mn_xdlops_streamk>(GridwiseGemm_bk0mk1_bk0nk1_mn_xdlops_streamk<256, BlockToCTileMap_GemmStreamK, _Float16, float, _Float16, RowMajor, RowMajor, RowMajor, PassThrough, PassThrough, PassThrough, 256, 128, 4, 32, 32, 8, 4, 2, Sequence, Sequence, Sequence, 2, 8, 8, false, 1, Sequence, Sequence, Sequence, 1, 2, 2, false, 1, 1, 1, 8, Sequence",2,0,26,3526894,3526894,30720,256,25088,0,128,128,96,64,0x0,0x7f0c43879180,5280,30388,3892572,7193446885198084,7193517788745098,7193517790091182,7193446909926913
25,"void kernel_gemm_xdlops_streamk<GridwiseGemm_bk0mk1_bk0nk1_mn_xdlops_streamk>(GridwiseGemm_bk0mk1_bk0nk1_mn_xdlops_streamk<256, BlockToCTileMap_GemmStreamK, _Float16, float, _Float16, RowMajor, RowMajor, RowMajor, PassThrough, PassThrough, PassThrough, 256, 128, 4, 32, 32, 8, 4, 2, Sequence, Sequence, Sequence, 2, 8, 8, false, 1, Sequence, Sequence, Sequence, 1, 2, 2, false, 1, 1, 1, 8, Sequence",2,0,27,3526894,3526894,30720,256,25088,0,128,128,96,64,0x0,0x7f0c43879180,5280,40082,5132556,7193446885255532,7193517790091182,7193517791415346,7193446911296149
26,"void kernel_gemm_xdlops_streamk<GridwiseGemm_bk0mk1_bk0nk1_mn_xdlops_streamk>(GridwiseGemm_bk0mk1_bk0nk1_mn_xdlops_streamk<256, BlockToCTileMap_GemmStreamK, _Float16, float, _Float16, RowMajor, RowMajor, RowMajor, PassThrough, PassThrough, PassThrough, 256, 128, 4, 32, 32, 8, 4, 2, Sequence, Sequence, Sequence, 2, 8, 8, false, 1, Sequence, Sequence, Sequence, 1, 2, 2, false, 1, 1, 1, 8, Sequence",2,0,28,3526894,3526894,30720,256,25088,0,128,128,96,64,0x0,0x7f0c43879180,5280,30040,3819232,7193446885313121,7193517791415346,7193517792760791,7193446912649024
27,"void kernel_gemm_xdlops_streamk<GridwiseGemm_bk0mk1_bk0nk1_mn_xdlops_streamk>(GridwiseGemm_bk0mk1_bk0nk1_mn_xdlops_streamk<256, BlockToCTileMap_GemmStreamK, _Float16, float, _Float16, RowMajor, RowMajor, RowMajor, PassThrough, PassThrough, PassThrough, 256, 128, 4, 32, 32, 8, 4, 2, Sequence, Sequence, Sequence, 2, 8, 8, false, 1, Sequence, Sequence, Sequence, 1, 2, 2, false, 1, 1, 1, 8, Sequence",2,0,29,3526894,3526894,30720,256,25088,0,128,128,96,64,0x0,0x7f0c43879180,5280,31105,3987392,7193446885372022,7193517792760791,7193517794105755,7193446913999676
28,"void kernel_gemm_xdlops_streamk<GridwiseGemm_bk0mk1_bk0nk1_mn_xdlops_streamk>(GridwiseGemm_bk0mk1_bk0nk1_mn_xdlops_streamk<256, BlockToCTileMap_GemmStreamK, _Float16, float, _Float16, RowMajor, RowMajor, RowMajor, PassThrough, PassThrough, PassThrough, 256, 128, 4, 32, 32, 8, 4, 2, Sequence, Sequence, Sequence, 2, 8, 8, false, 1, Sequence, Sequence, Sequence, 1, 2, 2, false, 1, 1, 1, 8, Sequence",2,0,30,3526894,3526894,30720,256,25088,0,128,128,96,64,0x0,0x7f0c43879180,5280,29373,3752440,7193446885427607,7193517794105755,7193517795489280,7193446915364854
29,"void kernel_gemm_xdlops_streamk<GridwiseGemm_bk0mk1_bk0nk1_mn_xdlops_streamk>(GridwiseGemm_bk0mk1_bk0nk1_mn_xdlops_streamk<256, BlockToCTileMap_GemmStreamK, _Float16, float, _Float16, RowMajor, RowMajor, RowMajor, PassThrough, PassThrough, PassThrough, 256, 128, 4, 32, 32, 8, 4, 2, Sequence, Sequence, Sequence, 2, 8, 8, false, 1, Sequence, Sequence, Sequence, 1, 2, 2, false, 1, 1, 1, 8, Sequence",2,0,31,3526894,3526894,30720,256,25088,0,128,128,96,64,0x0,0x7f0c43879180,5280,30048,3844816,7193446885483232,7193517795489280,7193517796845604,7193446916715315
30,"void kernel_gemm_xdlops_streamk<GridwiseGemm_bk0mk1_bk0nk1_mn_xdlops_streamk>(GridwiseGemm_bk0mk1_bk0nk1_mn_xdlops_streamk<256, BlockToCTileMap_GemmStreamK, _Float16, float, _Float16, RowMajor, RowMajor, RowMajor, PassThrough, PassThrough, PassThrough, 256, 128, 4, 32, 32, 8, 4, 2, Sequence, Sequence, Sequence, 2, 8, 8, false, 1, Sequence, Sequence, Sequence, 1, 2, 2, false, 1, 1, 1, 8, Sequence",2,0,32,3526894,3526894,30720,256,25088,0,128,128,96,64,0x0,0x7f0c43879180,5280,29784,3797884,7193446885623187,7193517796845604,7193517798182408,7193446918066838
31,"void kernel_gemm_xdlops_streamk<GridwiseGemm_bk0mk1_bk0nk1_mn_xdlops_streamk>(GridwiseGemm_bk0mk1_bk0nk1_mn_xdlops_streamk<256, BlockToCTileMap_GemmStreamK, _Float16, float, _Float16, RowMajor, RowMajor, RowMajor, PassThrough, PassThrough, PassThrough, 256, 128, 4, 32, 32, 8, 4, 2, Sequence, Sequence, Sequence, 2, 8, 8, false, 1, Sequence, Sequence, Sequence, 1, 2, 2, false, 1, 1, 1, 8, Sequence",2,0,33,3526894,3526894,30720,256,25088,0,128,128,96,64,0x0,0x7f0c43879180,5280,28212,3617084,7193446885681958,7193517798182408,7193517799509613,7193446919450782
32,"void kernel_gemm_xdlops_streamk<GridwiseGemm_bk0mk1_bk0nk1_mn_xdlops_streamk>(GridwiseGemm_bk0mk1_bk0nk1_mn_xdlops_streamk<256, BlockToCTileMap_GemmStreamK, _Float16, float, _Float16, RowMajor, RowMajor, RowMajor, PassThrough, PassThrough, PassThrough, 256, 128, 4, 32, 32, 8, 4, 2, Sequence, Sequence, Sequence, 2, 8, 8, false, 1, Sequence, Sequence, Sequence, 1, 2, 2, false, 1, 1, 1, 8, Sequence",2,0,34,3526894,3526894,30720,256,25088,0,128,128,96,64,0x0,0x7f0c43879180,5280,29754,3780460,7193446885738364,7193517799509613,7193517800848817,7193446920808487
33,"void kernel_gemm_xdlops_streamk<GridwiseGemm_bk0mk1_bk0nk1_mn_xdlops_streamk>(GridwiseGemm_bk0mk1_bk0nk1_mn_xdlops_streamk<256, BlockToCTileMap_GemmStreamK, _Float16, float, _Float16, RowMajor, RowMajor, RowMajor, PassThrough, PassThrough, PassThrough, 256, 128, 4, 32, 32, 8, 4, 2, Sequence, Sequence, Sequence, 2, 8, 8, false, 1, Sequence, Sequence, Sequence, 1, 2, 2, false, 1, 1, 1, 8, Sequence",2,0,35,3526894,3526894,30720,256,25088,0,128,128,96,64,0x0,0x7f0c43879180,5280,29746,3799572,7193446885792326,7193517800848817,7193517802178421,7193446922163776
34,"void kernel_gemm_xdlops_streamk<GridwiseGemm_bk0mk1_bk0nk1_mn_xdlops_streamk>(GridwiseGemm_bk0mk1_bk0nk1_mn_xdlops_streamk<256, BlockToCTileMap_GemmStreamK, _Float16, float, _Float16, RowMajor, RowMajor, RowMajor, PassThrough, PassThrough, PassThrough, 256, 128, 4, 32, 32, 8, 4, 2, Sequence, Sequence, Sequence, 2, 8, 8, false, 1, Sequence, Sequence, Sequence, 1, 2, 2, false, 1, 1, 1, 8, Sequence",2,0,36,3526894,3526894,30720,256,25088,0,128,128,96,64,0x0,0x7f0c43879180,5280,30268,3864016,7193446885848142,7193517802178421,7193517803502586,7193446923520349
35,"void kernel_gemm_xdlops_streamk<GridwiseGemm_bk0mk1_bk0nk1_mn_xdlops_streamk>(GridwiseGemm_bk0mk1_bk0nk1_mn_xdlops_streamk<256, BlockToCTileMap_GemmStreamK, _Float16, float, _Float16, RowMajor, RowMajor, RowMajor, PassThrough, PassThrough, PassThrough, 256, 128, 4, 32, 32, 8, 4, 2, Sequence, Sequence, Sequence, 2, 8, 8, false, 1, Sequence, Sequence, Sequence, 1, 2, 2, false, 1, 1, 1, 8, Sequence",2,0,37,3526894,3526894,30720,256,25088,0,128,128,96,64,0x0,0x7f0c43879180,5280,30592,3907968,7193446885907093,7193517803502586,7193517804832510,7193446924886419
36,"void kernel_gemm_xdlops_streamk<GridwiseGemm_bk0mk1_bk0nk1_mn_xdlops_streamk>(GridwiseGemm_bk0mk1_bk0nk1_mn_xdlops_streamk<256, BlockToCTileMap_GemmStreamK, _Float16, float, _Float16, RowMajor, RowMajor, RowMajor, PassThrough, PassThrough, PassThrough, 256, 128, 4, 32, 32, 8, 4, 2, Sequence, Sequence, Sequence, 2, 8, 8, false, 1, Sequence, Sequence, Sequence, 1, 2, 2, false, 1, 1, 1, 8, Sequence",2,0,38,3526894,3526894,30720,256,25088,0,128,128,96,64,0x0,0x7f0c43879180,5280,29659,3779292,7193446885984319,7193517804832510,7193517806234914,7193446926258050
37,"void kernel_gemm_xdlops_streamk<GridwiseGemm_bk0mk1_bk0nk1_mn_xdlops_streamk>(GridwiseGemm_bk0mk1_bk0nk1_mn_xdlops_streamk<256, BlockToCTileMap_GemmStreamK, _Float16, float, _Float16, RowMajor, RowMajor, RowMajor, PassThrough, PassThrough, PassThrough, 256, 128, 4, 32, 32, 8, 4, 2, Sequence, Sequence, Sequence, 2, 8, 8, false, 1, Sequence, Sequence, Sequence, 1, 2, 2, false, 1, 1, 1, 8, Sequence",2,0,39,3526894,3526894,30720,256,25088,0,128,128,96,64,0x0,0x7f0c43879180,5280,29938,3834876,7193446886043010,7193517806234411,7193517807555372,7193446927612378
38,"void kernel_gemm_xdlops_streamk<GridwiseGemm_bk0mk1_bk0nk1_mn_xdlops_streamk>(GridwiseGemm_bk0mk1_bk0nk1_mn_xdlops_streamk<256, BlockToCTileMap_GemmStreamK, _Float16, float, _Float16, RowMajor, RowMajor, RowMajor, PassThrough, PassThrough, PassThrough, 256, 128, 4, 32, 32, 8, 4, 2, Sequence, Sequence, Sequence, 2, 8, 8, false, 1, Sequence, Sequence, Sequence, 1, 2, 2, false, 1, 1, 1, 8, Sequence",2,0,40,3526894,3526894,30720,256,25088,0,128,128,96,64,0x0,0x7f0c43879180,5280,31173,3980856,7193446886099667,7193517807555372,7193517808895053,7193446928964863
39,"void kernel_gemm_xdlops_streamk<GridwiseGemm_bk0mk1_bk0nk1_mn_xdlops_streamk>(GridwiseGemm_bk0mk1_bk0nk1_mn_xdlops_streamk<256, BlockToCTileMap_GemmStreamK, _Float16, float, _Float16, RowMajor, RowMajor, RowMajor, PassThrough, PassThrough, PassThrough, 256, 128, 4, 32, 32, 8, 4, 2, Sequence, Sequence, Sequence, 2, 8, 8, false, 1, Sequence, Sequence, Sequence, 1, 2, 2, false, 1, 1, 1, 8, Sequence",2,0,41,3526894,3526894,30720,256,25088,0,128,128,96,64,0x0,0x7f0c43879180,5280,30275,3867284,7193446886156494,7193517808895053,7193517810224015,7193446930342925
40,"void kernel_gemm_xdlops_streamk<GridwiseGemm_bk0mk1_bk0nk1_mn_xdlops_streamk>(GridwiseGemm_bk0mk1_bk0nk1_mn_xdlops_streamk<256, BlockToCTileMap_GemmStreamK, _Float16, float, _Float16, RowMajor, RowMajor, RowMajor, PassThrough, PassThrough, PassThrough, 256, 128, 4, 32, 32, 8, 4, 2, Sequence, Sequence, Sequence, 2, 8, 8, false, 1, Sequence, Sequence, Sequence, 1, 2, 2, false, 1, 1, 1, 8, Sequence",2,0,42,3526894,3526894,30720,256,25088,0,128,128,96,64,0x0,0x7f0c43879180,5280,28960,3683984,7193446886217519,7193517810224015,7193517811553776,7193446931716270
41,"void kernel_gemm_xdlops_streamk<GridwiseGemm_bk0mk1_bk0nk1_mn_xdlops_streamk>(GridwiseGemm_bk0mk1_bk0nk1_mn_xdlops_streamk<256, BlockToCTileMap_GemmStreamK, _Float16, float, _Float16, RowMajor, RowMajor, RowMajor, PassThrough, PassThrough, PassThrough, 256, 128, 4, 32, 32, 8, 4, 2, Sequence, Sequence, Sequence, 2, 8, 8, false, 1, Sequence, Sequence, Sequence, 1, 2, 2, false, 1, 1, 1, 8, Sequence",2,0,43,3526894,3526894,30720,256,25088,0,128,128,96,64,0x0,0x7f0c43879180,5280,40237,5149512,7193446886271832,7193517811553776,7193517812895378,7193446933061240
42,"void kernel_gemm_xdlops_streamk<GridwiseGemm_bk0mk1_bk0nk1_mn_xdlops_streamk>(GridwiseGemm_bk0mk1_bk0nk1_mn_xdlops_streamk<256, BlockToCTileMap_GemmStreamK, _Float16, float, _Float16, RowMajor, RowMajor, RowMajor, PassThrough, PassThrough, PassThrough, 256, 128, 4, 32, 32, 8, 4, 2, Sequence, Sequence, Sequence, 2, 8, 8, false, 1, Sequence, Sequence, Sequence, 1, 2, 2, false, 1, 1, 1, 8, Sequence",2,0,44,3526894,3526894,30720,256,25088,0,128,128,96,64,0x0,0x7f0c43879180,5280,29881,3805944,7193446886328168,7193517812895378,7193517814233139,7193446934435376
43,"void kernel_gemm_xdlops_streamk<GridwiseGemm_bk0mk1_bk0nk1_mn_xdlops_streamk>(GridwiseGemm_bk0mk1_bk0nk1_mn_xdlops_streamk<256, BlockToCTileMap_GemmStreamK, _Float16, float, _Float16, RowMajor, RowMajor, RowMajor, PassThrough, PassThrough, PassThrough, 256, 128, 4, 32, 32, 8, 4, 2, Sequence, Sequence, Sequence, 2, 8, 8, false, 1, Sequence, Sequence, Sequence, 1, 2, 2, false, 1, 1, 1, 8, Sequence",2,0,45,3526894,3526894,30720,256,25088,0,128,128,96,64,0x0,0x7f0c43879180,5280,29913,3817792,7193446886385436,7193517814233139,7193517815541141,7193446935783622
44,"void kernel_gemm_xdlops_streamk<GridwiseGemm_bk0mk1_bk0nk1_mn_xdlops_streamk>(GridwiseGemm_bk0mk1_bk0nk1_mn_xdlops_streamk<256, BlockToCTileMap_GemmStreamK, _Float16, float, _Float16, RowMajor, RowMajor, RowMajor, PassThrough, PassThrough, PassThrough, 256, 128, 4, 32, 32, 8, 4, 2, Sequence, Sequence, Sequence, 2, 8, 8, false, 1, Sequence, Sequence, Sequence, 1, 2, 2, false, 1, 1, 1, 8, Sequence",2,0,46,3526894,3526894,30720,256,25088,0,128,128,96,64,0x0,0x7f0c43879180,5280,30669,3910724,7193446886442083,7193517815541141,7193517816892662,7193446937164360
45,"void kernel_gemm_xdlops_streamk<GridwiseGemm_bk0mk1_bk0nk1_mn_xdlops_streamk>(GridwiseGemm_bk0mk1_bk0nk1_mn_xdlops_streamk<256, BlockToCTileMap_GemmStreamK, _Float16, float, _Float16, RowMajor, RowMajor, RowMajor, PassThrough, PassThrough, PassThrough, 256, 128, 4, 32, 32, 8, 4, 2, Sequence, Sequence, Sequence, 2, 8, 8, false, 1, Sequence, Sequence, Sequence, 1, 2, 2, false, 1, 1, 1, 8, Sequence",2,0,47,3526894,3526894,30720,256,25088,0,128,128,96,64,0x0,0x7f0c43879180,5280,30056,3833120,7193446886496987,7193517816892662,7193517818293784,7193446938539117
46,"void kernel_gemm_xdlops_streamk<GridwiseGemm_bk0mk1_bk0nk1_mn_xdlops_streamk>(GridwiseGemm_bk0mk1_bk0nk1_mn_xdlops_streamk<256, BlockToCTileMap_GemmStreamK, _Float16, float, _Float16, RowMajor, RowMajor, RowMajor, PassThrough, PassThrough, PassThrough, 256, 128, 4, 32, 32, 8, 4, 2, Sequence, Sequence, Sequence, 2, 8, 8, false, 1, Sequence, Sequence, Sequence, 1, 2, 2, false, 1, 1, 1, 8, Sequence",2,0,48,3526894,3526894,30720,256,25088,0,128,128,96,64,0x0,0x7f0c43879180,5280,30063,3831480,7193446886551520,7193517818293784,7193517819620985,7193446939896912
47,"void kernel_gemm_xdlops_streamk<GridwiseGemm_bk0mk1_bk0nk1_mn_xdlops_streamk>(GridwiseGemm_bk0mk1_bk0nk1_mn_xdlops_streamk<256, BlockToCTileMap_GemmStreamK, _Float16, float, _Float16, RowMajor, RowMajor, RowMajor, PassThrough, PassThrough, PassThrough, 256, 128, 4, 32, 32, 8, 4, 2, Sequence, Sequence, Sequence, 2, 8, 8, false, 1, Sequence, Sequence, Sequence, 1, 2, 2, false, 1, 1, 1, 8, Sequence",2,0,49,3526894,3526894,30720,256,25088,0,128,128,96,64,0x0,0x7f0c43879180,5280,30517,3897268,7193446886609430,7193517819620985,7193517820944347,7193446941277479
48,"void kernel_gemm_xdlops_streamk<GridwiseGemm_bk0mk1_bk0nk1_mn_xdlops_streamk>(GridwiseGemm_bk0mk1_bk0nk1_mn_xdlops_streamk<256, BlockToCTileMap_GemmStreamK, _Float16, float, _Float16, RowMajor, RowMajor, RowMajor, PassThrough, PassThrough, PassThrough, 256, 128, 4, 32, 32, 8, 4, 2, Sequence, Sequence, Sequence, 2, 8, 8, false, 1, Sequence, Sequence, Sequence, 1, 2, 2, false, 1, 1, 1, 8, Sequence",2,0,50,3526894,3526894,30720,256,25088,0,128,128,96,64,0x0,0x7f0c43879180,5280,30352,3896656,7193446886680524,7193517820944347,7193517822312669,7193446942625185
49,"void kernel_gemm_xdlops_streamk<GridwiseGemm_bk0mk1_bk0nk1_mn_xdlops_streamk>(GridwiseGemm_bk0mk1_bk0nk1_mn_xdlops_streamk<256, BlockToCTileMap_GemmStreamK, _Float16, float, _Float16, RowMajor, RowMajor, RowMajor, PassThrough, PassThrough, PassThrough, 256, 128, 4, 32, 32, 8, 4, 2, Sequence, Sequence, Sequence, 2, 8, 8, false, 1, Sequence, Sequence, Sequence, 1, 2, 2, false, 1, 1, 1, 8, Sequence",2,0,51,3526894,3526894,30720,256,25088,0,128,128,96,64,0x0,0x7f0c43879180,5280,31080,3973476,7193446886739645,7193517822312669,7193517823639230,7193446944000352
50,"void kernel_gemm_xdlops_streamk<GridwiseGemm_bk0mk1_bk0nk1_mn_xdlops_streamk>(GridwiseGemm_bk0mk1_bk0nk1_mn_xdlops_streamk<256, BlockToCTileMap_GemmStreamK, _Float16, float, _Float16, RowMajor, RowMajor, RowMajor, PassThrough, PassThrough, PassThrough, 256, 128, 4, 32, 32, 8, 4, 2, Sequence, Sequence, Sequence, 2, 8, 8, false, 1, Sequence, Sequence, Sequence, 1, 2, 2, false, 1, 1, 1, 8, Sequence",2,0,52,3526894,3526894,30720,256,25088,0,128,128,96,64,0x0,0x7f0c43879180,5280,29788,3806852,7193446886796924,7193517823639230,7193517824978912,7193446945385729
51,"void kernel_gemm_xdlops_streamk<GridwiseGemm_bk0mk1_bk0nk1_mn_xdlops_streamk>(GridwiseGemm_bk0mk1_bk0nk1_mn_xdlops_streamk<256, BlockToCTileMap_GemmStreamK, _Float16, float, _Float16, RowMajor, RowMajor, RowMajor, PassThrough, PassThrough, PassThrough, 256, 128, 4, 32, 32, 8, 4, 2, Sequence, Sequence, Sequence, 2, 8, 8, false, 1, Sequence, Sequence, Sequence, 1, 2, 2, false, 1, 1, 1, 8, Sequence",2,0,53,3526894,3526894,30720,256,25088,0,128,128,96,64,0x0,0x7f0c43879180,5280,30211,3847344,7193446886960393,7193517824978912,7193517826307233,7193446946731471
52,"void kernel_gemm_xdlops_streamk<GridwiseGemm_bk0mk1_bk0nk1_mn_xdlops_streamk>(GridwiseGemm_bk0mk1_bk0nk1_mn_xdlops_streamk<256, BlockToCTileMap_GemmStreamK, _Float16, float, _Float16, RowMajor, RowMajor, RowMajor, PassThrough, PassThrough, PassThrough, 256, 128, 4, 32, 32, 8, 4, 2, Sequence, Sequence, Sequence, 2, 8, 8, false, 1, Sequence, Sequence, Sequence, 1, 2, 2, false, 1, 1, 1, 8, Sequence",2,0,54,3526894,3526894,30720,256,25088,0,128,128,96,64,0x0,0x7f0c43879180,5280,30090,3849964,7193446887021959,7193517826307233,7193517827620675,7193446948087513
53,"void kernel_gemm_xdlops_streamk<GridwiseGemm_bk0mk1_bk0nk1_mn_xdlops_streamk>(GridwiseGemm_bk0mk1_bk0nk1_mn_xdlops_streamk<256, BlockToCTileMap_GemmStreamK, _Float16, float, _Float16, RowMajor, RowMajor, RowMajor, PassThrough, PassThrough, PassThrough, 256, 128, 4, 32, 32, 8, 4, 2, Sequence, Sequence, Sequence, 2, 8, 8, false, 1, Sequence, Sequence, Sequence, 1, 2, 2, false, 1, 1, 1, 8, Sequence",2,0,55,3526894,3526894,30720,256,25088,0,128,128,96,64,0x0,0x7f0c43879180,5280,30160,3824692,7193446887078906,7193517827620675,7193517828953796,7193446949457530
54,"void kernel_gemm_xdlops_streamk<GridwiseGemm_bk0mk1_bk0nk1_mn_xdlops_streamk>(GridwiseGemm_bk0mk1_bk0nk1_mn_xdlops_streamk<256, BlockToCTileMap_GemmStreamK, _Float16, float, _Float16, RowMajor, RowMajor, RowMajor, PassThrough, PassThrough, PassThrough, 256, 128, 4, 32, 32, 8, 4, 2, Sequence, Sequence, Sequence, 2, 8, 8, false, 1, Sequence, Sequence, Sequence, 1, 2, 2, false, 1, 1, 1, 8, Sequence",2,0,56,3526894,3526894,30720,256,25088,0,128,128,96,64,0x0,0x7f0c43879180,5280,30055,3844792,7193446887137457,7193517828953796,7193517830291398,7193446950813972
55,"void kernel_gemm_xdlops_streamk<GridwiseGemm_bk0mk1_bk0nk1_mn_xdlops_streamk>(GridwiseGemm_bk0mk1_bk0nk1_mn_xdlops_streamk<256, BlockToCTileMap_GemmStreamK, _Float16, float, _Float16, RowMajor, RowMajor, RowMajor, PassThrough, PassThrough, PassThrough, 256, 128, 4, 32, 32, 8, 4, 2, Sequence, Sequence, Sequence, 2, 8, 8, false, 1, Sequence, Sequence, Sequence, 1, 2, 2, false, 1, 1, 1, 8, Sequence",2,0,57,3526894,3526894,30720,256,25088,0,128,128,96,64,0x0,0x7f0c43879180,5280,30236,3863872,7193446887193082,7193517830291398,7193517831625159,7193446952186034
