Index,KernelName,gpu-id,queue-id,queue-index,pid,tid,grd,wgr,lds,scr,arch_vgpr,accum_vgpr,sgpr,wave_size,sig,obj,GRBM_COUNT,GRBM_GUI_ACTIVE,SQ_WAVES,SQ_IFETCH,SQ_IFETCH_LEVEL,SQ_ACCUM_PREV_HIRES,DispatchNs,BeginNs,EndNs,CompleteNs
0,__amd_rocclr_fillBufferAligned.kd,2,0,0,3529635,3529635,3932160,256,0,0,8,8,32,64,0x0,0x7fc6b3a8d900,67496,67496,61440,552960,101570,12998416,7193509787872117,7193517758330120,7193517758417640,7193509795536052
1,"void kernel_gemm_xdlops_streamk<GridwiseGemm_bk0mk1_bk0nk1_mn_xdlops_streamk>(GridwiseGemm_bk0mk1_bk0nk1_mn_xdlops_streamk<256, BlockToCTileMap_GemmStreamK, _Float16, float, _Float16, RowMajor, RowMajor, RowMajor, PassThrough, PassThrough, PassThrough, 256, 128, 4, 32, 32, 8, 4, 2, Sequence, Sequence, Sequence, 2, 8, 8, false, 1, Sequence, Sequence, Sequence, 1, 2, 2, false, 1, 1, 1, 8, Sequence",2,0,1,3529635,3529635,30720,256,25088,0,128,128,96,64,0x0,0x7fc6b3a65180,1770384,1770384,480,9302880,1256801,161217660,7193509795395366,7193517758417640,7193517759667884,7193509796874981
2,"void kernel_gemm_xdlops_streamk<GridwiseGemm_bk0mk1_bk0nk1_mn_xdlops_streamk>(GridwiseGemm_bk0mk1_bk0nk1_mn_xdlops_streamk<256, BlockToCTileMap_GemmStreamK, _Float16, float, _Float16, RowMajor, RowMajor, RowMajor, PassThrough, PassThrough, PassThrough, 256, 128, 4, 32, 32, 8, 4, 2, Sequence, Sequence, Sequence, 2, 8, 8, false, 1, Sequence, Sequence, Sequence, 1, 2, 2, false, 1, 1, 1, 8, Sequence",2,0,2,3529635,3529635,30720,256,25088,0,128,128,96,64,0x0,0x7fc6b3a65180,1754082,1754082,480,9302880,1164245,148846688,7193509795470057,7193517759667884,7193517760923568,7193509798156561
3,"void kernel_gemm_xdlops_streamk<GridwiseGemm_bk0mk1_bk0nk1_mn_xdlops_streamk>(GridwiseGemm_bk0mk1_bk0nk1_mn_xdlops_streamk<256, BlockToCTileMap_GemmStreamK, _Float16, float, _Float16, RowMajor, RowMajor, RowMajor, PassThrough, PassThrough, PassThrough, 256, 128, 4, 32, 32, 8, 4, 2, Sequence, Sequence, Sequence, 2, 8, 8, false, 1, Sequence, Sequence, Sequence, 1, 2, 2, false, 1, 1, 1, 8, Sequence",2,0,3,3529635,3529635,30720,256,25088,0,128,128,96,64,0x0,0x7fc6b3a65180,1751896,1751896,480,9302880,1162397,148846660,7193509795531333,7193517760923568,7193517762226132,7193509799424646
4,"void kernel_gemm_xdlops_streamk<GridwiseGemm_bk0mk1_bk0nk1_mn_xdlops_streamk>(GridwiseGemm_bk0mk1_bk0nk1_mn_xdlops_streamk<256, BlockToCTileMap_GemmStreamK, _Float16, float, _Float16, RowMajor, RowMajor, RowMajor, PassThrough, PassThrough, PassThrough, 256, 128, 4, 32, 32, 8, 4, 2, Sequence, Sequence, Sequence, 2, 8, 8, false, 1, Sequence, Sequence, Sequence, 1, 2, 2, false, 1, 1, 1, 8, Sequence",2,0,4,3529635,3529635,30720,256,25088,0,128,128,96,64,0x0,0x7fc6b3a65180,1757620,1757620,480,9302880,1163480,148846784,7193509795592579,7193517762226132,7193517763469816,7193509800702500
5,"void kernel_gemm_xdlops_streamk<GridwiseGemm_bk0mk1_bk0nk1_mn_xdlops_streamk>(GridwiseGemm_bk0mk1_bk0nk1_mn_xdlops_streamk<256, BlockToCTileMap_GemmStreamK, _Float16, float, _Float16, RowMajor, RowMajor, RowMajor, PassThrough, PassThrough, PassThrough, 256, 128, 4, 32, 32, 8, 4, 2, Sequence, Sequence, Sequence, 2, 8, 8, false, 1, Sequence, Sequence, Sequence, 1, 2, 2, false, 1, 1, 1, 8, Sequence",2,0,5,3529635,3529635,30720,256,25088,0,128,128,96,64,0x0,0x7fc6b3a65180,1728704,1728704,480,9302880,1164721,148846648,7193509795872056,7193517763469816,7193517764728060,7193509801958091
6,"void kernel_gemm_xdlops_streamk<GridwiseGemm_bk0mk1_bk0nk1_mn_xdlops_streamk>(GridwiseGemm_bk0mk1_bk0nk1_mn_xdlops_streamk<256, BlockToCTileMap_GemmStreamK, _Float16, float, _Float16, RowMajor, RowMajor, RowMajor, PassThrough, PassThrough, PassThrough, 256, 128, 4, 32, 32, 8, 4, 2, Sequence, Sequence, Sequence, 2, 8, 8, false, 1, Sequence, Sequence, Sequence, 1, 2, 2, false, 1, 1, 1, 8, Sequence",2,0,8,3529635,3529635,30720,256,25088,0,128,128,96,64,0x0,0x7fc6b3a65180,1718431,1718431,480,9302880,1165194,148846596,7193509801962900,7193517764758300,7193517766035904,7193509803361732
7,"void kernel_gemm_xdlops_streamk<GridwiseGemm_bk0mk1_bk0nk1_mn_xdlops_streamk>(GridwiseGemm_bk0mk1_bk0nk1_mn_xdlops_streamk<256, BlockToCTileMap_GemmStreamK, _Float16, float, _Float16, RowMajor, RowMajor, RowMajor, PassThrough, PassThrough, PassThrough, 256, 128, 4, 32, 32, 8, 4, 2, Sequence, Sequence, Sequence, 2, 8, 8, false, 1, Sequence, Sequence, Sequence, 1, 2, 2, false, 1, 1, 1, 8, Sequence",2,0,9,3529635,3529635,30720,256,25088,0,128,128,96,64,0x0,0x7fc6b3a65180,1735150,1735150,480,9302880,1162805,148846752,7193509802107173,7193517766035904,7193517767318948,7193509804663040
8,"void kernel_gemm_xdlops_streamk<GridwiseGemm_bk0mk1_bk0nk1_mn_xdlops_streamk>(GridwiseGemm_bk0mk1_bk0nk1_mn_xdlops_streamk<256, BlockToCTileMap_GemmStreamK, _Float16, float, _Float16, RowMajor, RowMajor, RowMajor, PassThrough, PassThrough, PassThrough, 256, 128, 4, 32, 32, 8, 4, 2, Sequence, Sequence, Sequence, 2, 8, 8, false, 1, Sequence, Sequence, Sequence, 1, 2, 2, false, 1, 1, 1, 8, Sequence",2,0,10,3529635,3529635,30720,256,25088,0,128,128,96,64,0x0,0x7fc6b3a65180,1737708,1737708,480,9302880,1166582,148846656,7193509802167907,7193517767318948,7193517768631273,7193509806035022
9,"void kernel_gemm_xdlops_streamk<GridwiseGemm_bk0mk1_bk0nk1_mn_xdlops_streamk>(GridwiseGemm_bk0mk1_bk0nk1_mn_xdlops_streamk<256, BlockToCTileMap_GemmStreamK, _Float16, float, _Float16, RowMajor, RowMajor, RowMajor, PassThrough, PassThrough, PassThrough, 256, 128, 4, 32, 32, 8, 4, 2, Sequence, Sequence, Sequence, 2, 8, 8, false, 1, Sequence, Sequence, Sequence, 1, 2, 2, false, 1, 1, 1, 8, Sequence",2,0,11,3529635,3529635,30720,256,25088,0,128,128,96,64,0x0,0x7fc6b3a65180,1743030,1743030,480,9302880,1161101,148846744,7193509802227951,7193517768631273,7193517769984077,7193509807386614
10,"void kernel_gemm_xdlops_streamk<GridwiseGemm_bk0mk1_bk0nk1_mn_xdlops_streamk>(GridwiseGemm_bk0mk1_bk0nk1_mn_xdlops_streamk<256, BlockToCTileMap_GemmStreamK, _Float16, float, _Float16, RowMajor, RowMajor, RowMajor, PassThrough, PassThrough, PassThrough, 256, 128, 4, 32, 32, 8, 4, 2, Sequence, Sequence, Sequence, 2, 8, 8, false, 1, Sequence, Sequence, Sequence, 1, 2, 2, false, 1, 1, 1, 8, Sequence",2,0,12,3529635,3529635,30720,256,25088,0,128,128,96,64,0x0,0x7fc6b3a65180,1751292,1751292,480,9302880,1164098,148846600,7193509802289768,7193517769984077,7193517771322161,7193509808756311
11,"void kernel_gemm_xdlops_streamk<GridwiseGemm_bk0mk1_bk0nk1_mn_xdlops_streamk>(GridwiseGemm_bk0mk1_bk0nk1_mn_xdlops_streamk<256, BlockToCTileMap_GemmStreamK, _Float16, float, _Float16, RowMajor, RowMajor, RowMajor, PassThrough, PassThrough, PassThrough, 256, 128, 4, 32, 32, 8, 4, 2, Sequence, Sequence, Sequence, 2, 8, 8, false, 1, Sequence, Sequence, Sequence, 1, 2, 2, false, 1, 1, 1, 8, Sequence",2,0,13,3529635,3529635,30720,256,25088,0,128,128,96,64,0x0,0x7fc6b3a65180,1728630,1728630,480,9302880,1162622,148846680,7193509802349541,7193517771322161,7193517772646806,7193509810117402
12,"void kernel_gemm_xdlops_streamk<GridwiseGemm_bk0mk1_bk0nk1_mn_xdlops_streamk>(GridwiseGemm_bk0mk1_bk0nk1_mn_xdlops_streamk<256, BlockToCTileMap_GemmStreamK, _Float16, float, _Float16, RowMajor, RowMajor, RowMajor, PassThrough, PassThrough, PassThrough, 256, 128, 4, 32, 32, 8, 4, 2, Sequence, Sequence, Sequence, 2, 8, 8, false, 1, Sequence, Sequence, Sequence, 1, 2, 2, false, 1, 1, 1, 8, Sequence",2,0,14,3529635,3529635,30720,256,25088,0,128,128,96,64,0x0,0x7fc6b3a65180,1724461,1724461,480,9302880,1162762,148846576,7193509802409434,7193517772646806,7193517773993050,7193509811453355
13,"void kernel_gemm_xdlops_streamk<GridwiseGemm_bk0mk1_bk0nk1_mn_xdlops_streamk>(GridwiseGemm_bk0mk1_bk0nk1_mn_xdlops_streamk<256, BlockToCTileMap_GemmStreamK, _Float16, float, _Float16, RowMajor, RowMajor, RowMajor, PassThrough, PassThrough, PassThrough, 256, 128, 4, 32, 32, 8, 4, 2, Sequence, Sequence, Sequence, 2, 8, 8, false, 1, Sequence, Sequence, Sequence, 1, 2, 2, false, 1, 1, 1, 8, Sequence",2,0,15,3529635,3529635,30720,256,25088,0,128,128,96,64,0x0,0x7fc6b3a65180,1709304,1709304,480,9302880,1161636,148846672,7193509802469457,7193517773993050,7193517775321054,7193509812799337
14,"void kernel_gemm_xdlops_streamk<GridwiseGemm_bk0mk1_bk0nk1_mn_xdlops_streamk>(GridwiseGemm_bk0mk1_bk0nk1_mn_xdlops_streamk<256, BlockToCTileMap_GemmStreamK, _Float16, float, _Float16, RowMajor, RowMajor, RowMajor, PassThrough, PassThrough, PassThrough, 256, 128, 4, 32, 32, 8, 4, 2, Sequence, Sequence, Sequence, 2, 8, 8, false, 1, Sequence, Sequence, Sequence, 1, 2, 2, false, 1, 1, 1, 8, Sequence",2,0,16,3529635,3529635,30720,256,25088,0,128,128,96,64,0x0,0x7fc6b3a65180,1730645,1730645,480,9302880,1163578,148846700,7193509802529841,7193517775321054,7193517776646659,7193509814171569
15,"void kernel_gemm_xdlops_streamk<GridwiseGemm_bk0mk1_bk0nk1_mn_xdlops_streamk>(GridwiseGemm_bk0mk1_bk0nk1_mn_xdlops_streamk<256, BlockToCTileMap_GemmStreamK, _Float16, float, _Float16, RowMajor, RowMajor, RowMajor, PassThrough, PassThrough, PassThrough, 256, 128, 4, 32, 32, 8, 4, 2, Sequence, Sequence, Sequence, 2, 8, 8, false, 1, Sequence, Sequence, Sequence, 1, 2, 2, false, 1, 1, 1, 8, Sequence",2,0,17,3529635,3529635,30720,256,25088,0,128,128,96,64,0x0,0x7fc6b3a65180,1742896,1742896,480,9302880,1164227,148846752,7193509802590125,7193517776646659,7193517777982823,7193509815522240
16,"void kernel_gemm_xdlops_streamk<GridwiseGemm_bk0mk1_bk0nk1_mn_xdlops_streamk>(GridwiseGemm_bk0mk1_bk0nk1_mn_xdlops_streamk<256, BlockToCTileMap_GemmStreamK, _Float16, float, _Float16, RowMajor, RowMajor, RowMajor, PassThrough, PassThrough, PassThrough, 256, 128, 4, 32, 32, 8, 4, 2, Sequence, Sequence, Sequence, 2, 8, 8, false, 1, Sequence, Sequence, Sequence, 1, 2, 2, false, 1, 1, 1, 8, Sequence",2,0,18,3529635,3529635,30720,256,25088,0,128,128,96,64,0x0,0x7fc6b3a65180,1736727,1736727,480,9302880,1164191,148846656,7193509802649347,7193517777982823,7193517779326027,7193509816899281
17,"void kernel_gemm_xdlops_streamk<GridwiseGemm_bk0mk1_bk0nk1_mn_xdlops_streamk>(GridwiseGemm_bk0mk1_bk0nk1_mn_xdlops_streamk<256, BlockToCTileMap_GemmStreamK, _Float16, float, _Float16, RowMajor, RowMajor, RowMajor, PassThrough, PassThrough, PassThrough, 256, 128, 4, 32, 32, 8, 4, 2, Sequence, Sequence, Sequence, 2, 8, 8, false, 1, Sequence, Sequence, Sequence, 1, 2, 2, false, 1, 1, 1, 8, Sequence",2,0,19,3529635,3529635,30720,256,25088,0,128,128,96,64,0x0,0x7fc6b3a65180,1728230,1728230,480,9302880,1161070,148846724,7193509802708719,7193517779326027,7193517780701712,7193509818270701
18,"void kernel_gemm_xdlops_streamk<GridwiseGemm_bk0mk1_bk0nk1_mn_xdlops_streamk>(GridwiseGemm_bk0mk1_bk0nk1_mn_xdlops_streamk<256, BlockToCTileMap_GemmStreamK, _Float16, float, _Float16, RowMajor, RowMajor, RowMajor, PassThrough, PassThrough, PassThrough, 256, 128, 4, 32, 32, 8, 4, 2, Sequence, Sequence, Sequence, 2, 8, 8, false, 1, Sequence, Sequence, Sequence, 1, 2, 2, false, 1, 1, 1, 8, Sequence",2,0,20,3529635,3529635,30720,256,25088,0,128,128,96,64,0x0,0x7fc6b3a65180,1731604,1731604,480,9302880,1161305,148846712,7193509802771197,7193517780701712,7193517782045556,7193509819613187
19,"void kernel_gemm_xdlops_streamk<GridwiseGemm_bk0mk1_bk0nk1_mn_xdlops_streamk>(GridwiseGemm_bk0mk1_bk0nk1_mn_xdlops_streamk<256, BlockToCTileMap_GemmStreamK, _Float16, float, _Float16, RowMajor, RowMajor, RowMajor, PassThrough, PassThrough, PassThrough, 256, 128, 4, 32, 32, 8, 4, 2, Sequence, Sequence, Sequence, 2, 8, 8, false, 1, Sequence, Sequence, Sequence, 1, 2, 2, false, 1, 1, 1, 8, Sequence",2,0,21,3529635,3529635,30720,256,25088,0,128,128,96,64,0x0,0x7fc6b3a65180,1736160,1736160,480,9302880,1159672,148846816,7193509802849775,7193517782045556,7193517783355800,7193509820966693
20,"void kernel_gemm_xdlops_streamk<GridwiseGemm_bk0mk1_bk0nk1_mn_xdlops_streamk>(GridwiseGemm_bk0mk1_bk0nk1_mn_xdlops_streamk<256, BlockToCTileMap_GemmStreamK, _Float16, float, _Float16, RowMajor, RowMajor, RowMajor, PassThrough, PassThrough, PassThrough, 256, 128, 4, 32, 32, 8, 4, 2, Sequence, Sequence, Sequence, 2, 8, 8, false, 1, Sequence, Sequence, Sequence, 1, 2, 2, false, 1, 1, 1, 8, Sequence",2,0,22,3529635,3529635,30720,256,25088,0,128,128,96,64,0x0,0x7fc6b3a65180,1739517,1739517,480,9302880,1163252,148846624,7193509802908597,7193517783355800,7193517784688925,7193509822341400
21,"void kernel_gemm_xdlops_streamk<GridwiseGemm_bk0mk1_bk0nk1_mn_xdlops_streamk>(GridwiseGemm_bk0mk1_bk0nk1_mn_xdlops_streamk<256, BlockToCTileMap_GemmStreamK, _Float16, float, _Float16, RowMajor, RowMajor, RowMajor, PassThrough, PassThrough, PassThrough, 256, 128, 4, 32, 32, 8, 4, 2, Sequence, Sequence, Sequence, 2, 8, 8, false, 1, Sequence, Sequence, Sequence, 1, 2, 2, false, 1, 1, 1, 8, Sequence",2,0,23,3529635,3529635,30720,256,25088,0,128,128,96,64,0x0,0x7fc6b3a65180,1723070,1723070,480,9302880,1160749,148846600,7193509803007303,7193517784688925,7193517786084929,7193509823680970
22,"void kernel_gemm_xdlops_streamk<GridwiseGemm_bk0mk1_bk0nk1_mn_xdlops_streamk>(GridwiseGemm_bk0mk1_bk0nk1_mn_xdlops_streamk<256, BlockToCTileMap_GemmStreamK, _Float16, float, _Float16, RowMajor, RowMajor, RowMajor, PassThrough, PassThrough, PassThrough, 256, 128, 4, 32, 32, 8, 4, 2, Sequence, Sequence, Sequence, 2, 8, 8, false, 1, Sequence, Sequence, Sequence, 1, 2, 2, false, 1, 1, 1, 8, Sequence",2,0,24,3529635,3529635,30720,256,25088,0,128,128,96,64,0x0,0x7fc6b3a65180,1726317,1726317,480,9302880,1160596,148846692,7193509803068198,7193517786084929,7193517787421573,7193509825056869
23,"void kernel_gemm_xdlops_streamk<GridwiseGemm_bk0mk1_bk0nk1_mn_xdlops_streamk>(GridwiseGemm_bk0mk1_bk0nk1_mn_xdlops_streamk<256, BlockToCTileMap_GemmStreamK, _Float16, float, _Float16, RowMajor, RowMajor, RowMajor, PassThrough, PassThrough, PassThrough, 256, 128, 4, 32, 32, 8, 4, 2, Sequence, Sequence, Sequence, 2, 8, 8, false, 1, Sequence, Sequence, Sequence, 1, 2, 2, false, 1, 1, 1, 8, Sequence",2,0,25,3529635,3529635,30720,256,25088,0,128,128,96,64,0x0,0x7fc6b3a65180,1721152,1721152,480,9302880,1161137,148846616,7193509803127290,7193517787421573,7193517788745098,7193509826416907
24,"void kernel_gemm_xdlops_streamk<GridwiseGemm_bk0mk1_bk0nk1_mn_xdlops_streamk>(GridwiseGemm_bk0mk1_bk0nk1_mn_xdlops_streamk<256, BlockToCTileMap_GemmStreamK, _Float16, float, _Float16, RowMajor, RowMajor, RowMajor, PassThrough, PassThrough, PassThrough, 256, 128, 4, 32, 32, 8, 4, 2, Sequence, Sequence, Sequence, 2, 8, 8, false, 1, Sequence, Sequence, Sequence, 1, 2, 2, false, 1, 1, 1, 8, Sequence",2,0,26,3529635,3529635,30720,256,25088,0,128,128,96,64,0x0,0x7fc6b3a65180,1726138,1726138,480,9302880,1160117,148846724,7193509803187533,7193517788745098,7193517790091182,7193509827760455
25,"void kernel_gemm_xdlops_streamk<GridwiseGemm_bk0mk1_bk0nk1_mn_xdlops_streamk>(GridwiseGemm_bk0mk1_bk0nk1_mn_xdlops_streamk<256, BlockToCTileMap_GemmStreamK, _Float16, float, _Float16, RowMajor, RowMajor, RowMajor, PassThrough, PassThrough, PassThrough, 256, 128, 4, 32, 32, 8, 4, 2, Sequence, Sequence, Sequence, 2, 8, 8, false, 1, Sequence, Sequence, Sequence, 1, 2, 2, false, 1, 1, 1, 8, Sequence",2,0,27,3529635,3529635,30720,256,25088,0,128,128,96,64,0x0,0x7fc6b3a65180,1727072,1727072,480,9302880,1163733,148846656,7193509803247236,7193517790091182,7193517791415346,7193509829137866
26,"void kernel_gemm_xdlops_streamk<GridwiseGemm_bk0mk1_bk0nk1_mn_xdlops_streamk>(GridwiseGemm_bk0mk1_bk0nk1_mn_xdlops_streamk<256, BlockToCTileMap_GemmStreamK, _Float16, float, _Float16, RowMajor, RowMajor, RowMajor, PassThrough, PassThrough, PassThrough, 256, 128, 4, 32, 32, 8, 4, 2, Sequence, Sequence, Sequence, 2, 8, 8, false, 1, Sequence, Sequence, Sequence, 1, 2, 2, false, 1, 1, 1, 8, Sequence",2,0,28,3529635,3529635,30720,256,25088,0,128,128,96,64,0x0,0x7fc6b3a65180,1731949,1731949,480,9302880,1163870,148846744,7193509803308442,7193517791415346,7193517792760791,7193509830502324
27,"void kernel_gemm_xdlops_streamk<GridwiseGemm_bk0mk1_bk0nk1_mn_xdlops_streamk>(GridwiseGemm_bk0mk1_bk0nk1_mn_xdlops_streamk<256, BlockToCTileMap_GemmStreamK, _Float16, float, _Float16, RowMajor, RowMajor, RowMajor, PassThrough, PassThrough, PassThrough, 256, 128, 4, 32, 32, 8, 4, 2, Sequence, Sequence, Sequence, 2, 8, 8, false, 1, Sequence, Sequence, Sequence, 1, 2, 2, false, 1, 1, 1, 8, Sequence",2,0,29,3529635,3529635,30720,256,25088,0,128,128,96,64,0x0,0x7fc6b3a65180,1730686,1730686,480,9302880,1163395,148846844,7193509803366692,7193517792760791,7193517794105755,7193509831848205
28,"void kernel_gemm_xdlops_streamk<GridwiseGemm_bk0mk1_bk0nk1_mn_xdlops_streamk>(GridwiseGemm_bk0mk1_bk0nk1_mn_xdlops_streamk<256, BlockToCTileMap_GemmStreamK, _Float16, float, _Float16, RowMajor, RowMajor, RowMajor, PassThrough, PassThrough, PassThrough, 256, 128, 4, 32, 32, 8, 4, 2, Sequence, Sequence, Sequence, 2, 8, 8, false, 1, Sequence, Sequence, Sequence, 1, 2, 2, false, 1, 1, 1, 8, Sequence",2,0,30,3529635,3529635,30720,256,25088,0,128,128,96,64,0x0,0x7fc6b3a65180,1712796,1712796,480,9302880,1164768,148846728,7193509803432897,7193517794105755,7193517795489280,7193509833209376
29,"void kernel_gemm_xdlops_streamk<GridwiseGemm_bk0mk1_bk0nk1_mn_xdlops_streamk>(GridwiseGemm_bk0mk1_bk0nk1_mn_xdlops_streamk<256, BlockToCTileMap_GemmStreamK, _Float16, float, _Float16, RowMajor, RowMajor, RowMajor, PassThrough, PassThrough, PassThrough, 256, 128, 4, 32, 32, 8, 4, 2, Sequence, Sequence, Sequence, 2, 8, 8, false, 1, Sequence, Sequence, Sequence, 1, 2, 2, false, 1, 1, 1, 8, Sequence",2,0,31,3529635,3529635,30720,256,25088,0,128,128,96,64,0x0,0x7fc6b3a65180,1742000,1742000,480,9302880,1162409,148846792,7193509803547744,7193517795489280,7193517796845604,7193509834561330
30,"void kernel_gemm_xdlops_streamk<GridwiseGemm_bk0mk1_bk0nk1_mn_xdlops_streamk>(GridwiseGemm_bk0mk1_bk0nk1_mn_xdlops_streamk<256, BlockToCTileMap_GemmStreamK, _Float16, float, _Float16, RowMajor, RowMajor, RowMajor, PassThrough, PassThrough, PassThrough, 256, 128, 4, 32, 32, 8, 4, 2, Sequence, Sequence, Sequence, 2, 8, 8, false, 1, Sequence, Sequence, Sequence, 1, 2, 2, false, 1, 1, 1, 8, Sequence",2,0,32,3529635,3529635,30720,256,25088,0,128,128,96,64,0x0,0x7fc6b3a65180,1741077,1741077,480,9302880,1163253,148846720,7193509803611474,7193517796845604,7193517798182408,7193509835943300
31,"void kernel_gemm_xdlops_streamk<GridwiseGemm_bk0mk1_bk0nk1_mn_xdlops_streamk>(GridwiseGemm_bk0mk1_bk0nk1_mn_xdlops_streamk<256, BlockToCTileMap_GemmStreamK, _Float16, float, _Float16, RowMajor, RowMajor, RowMajor, PassThrough, PassThrough, PassThrough, 256, 128, 4, 32, 32, 8, 4, 2, Sequence, Sequence, Sequence, 2, 8, 8, false, 1, Sequence, Sequence, Sequence, 1, 2, 2, false, 1, 1, 1, 8, Sequence",2,0,33,3529635,3529635,30720,256,25088,0,128,128,96,64,0x0,0x7fc6b3a65180,1732064,1732064,480,9302880,1163315,148846620,7193509803670946,7193517798182408,7193517799509613,7193509837313508
32,"void kernel_gemm_xdlops_streamk<GridwiseGemm_bk0mk1_bk0nk1_mn_xdlops_streamk>(GridwiseGemm_bk0mk1_bk0nk1_mn_xdlops_streamk<256, BlockToCTileMap_GemmStreamK, _Float16, float, _Float16, RowMajor, RowMajor, RowMajor, PassThrough, PassThrough, PassThrough, 256, 128, 4, 32, 32, 8, 4, 2, Sequence, Sequence, Sequence, 2, 8, 8, false, 1, Sequence, Sequence, Sequence, 1, 2, 2, false, 1, 1, 1, 8, Sequence",2,0,34,3529635,3529635,30720,256,25088,0,128,128,96,64,0x0,0x7fc6b3a65180,1724452,1724452,480,9302880,1162587,148846720,7193509803731741,7193517799509613,7193517800848817,7193509838653038
33,"void kernel_gemm_xdlops_streamk<GridwiseGemm_bk0mk1_bk0nk1_mn_xdlops_streamk>(GridwiseGemm_bk0mk1_bk0nk1_mn_xdlops_streamk<256, BlockToCTileMap_GemmStreamK, _Float16, float, _Float16, RowMajor, RowMajor, RowMajor, PassThrough, PassThrough, PassThrough, 256, 128, 4, 32, 32, 8, 4, 2, Sequence, Sequence, Sequence, 2, 8, 8, false, 1, Sequence, Sequence, Sequence, 1, 2, 2, false, 1, 1, 1, 8, Sequence",2,0,35,3529635,3529635,30720,256,25088,0,128,128,96,64,0x0,0x7fc6b3a65180,1733880,1733880,480,9302880,1163747,148846588,7193509803792346,7193517800848817,7193517802178421,7193509840033115
34,"void kernel_gemm_xdlops_streamk<GridwiseGemm_bk0mk1_bk0nk1_mn_xdlops_streamk>(GridwiseGemm_bk0mk1_bk0nk1_mn_xdlops_streamk<256, BlockToCTileMap_GemmStreamK, _Float16, float, _Float16, RowMajor, RowMajor, RowMajor, PassThrough, PassThrough, PassThrough, 256, 128, 4, 32, 32, 8, 4, 2, Sequence, Sequence, Sequence, 2, 8, 8, false, 1, Sequence, Sequence, Sequence, 1, 2, 2, false, 1, 1, 1, 8, Sequence",2,0,36,3529635,3529635,30720,256,25088,0,128,128,96,64,0x0,0x7fc6b3a65180,1731186,1731186,480,9302880,1164865,148846628,7193509803849944,7193517802178421,7193517803502586,7193509841400848
35,"void kernel_gemm_xdlops_streamk<GridwiseGemm_bk0mk1_bk0nk1_mn_xdlops_streamk>(GridwiseGemm_bk0mk1_bk0nk1_mn_xdlops_streamk<256, BlockToCTileMap_GemmStreamK, _Float16, float, _Float16, RowMajor, RowMajor, RowMajor, PassThrough, PassThrough, PassThrough, 256, 128, 4, 32, 32, 8, 4, 2, Sequence, Sequence, Sequence, 2, 8, 8, false, 1, Sequence, Sequence, Sequence, 1, 2, 2, false, 1, 1, 1, 8, Sequence",2,0,37,3529635,3529635,30720,256,25088,0,128,128,96,64,0x0,0x7fc6b3a65180,1713032,1713032,480,9302880,1163439,148846700,7193509803908044,7193517803502586,7193517804832510,7193509842729477
36,"void kernel_gemm_xdlops_streamk<GridwiseGemm_bk0mk1_bk0nk1_mn_xdlops_streamk>(GridwiseGemm_bk0mk1_bk0nk1_mn_xdlops_streamk<256, BlockToCTileMap_GemmStreamK, _Float16, float, _Float16, RowMajor, RowMajor, RowMajor, PassThrough, PassThrough, PassThrough, 256, 128, 4, 32, 32, 8, 4, 2, Sequence, Sequence, Sequence, 2, 8, 8, false, 1, Sequence, Sequence, Sequence, 1, 2, 2, false, 1, 1, 1, 8, Sequence",2,0,38,3529635,3529635,30720,256,25088,0,128,128,96,64,0x0,0x7fc6b3a65180,1739135,1739135,480,9302880,1165084,148846696,7193509803984308,7193517804832510,7193517806234914,7193509844114934
37,"void kernel_gemm_xdlops_streamk<GridwiseGemm_bk0mk1_bk0nk1_mn_xdlops_streamk>(GridwiseGemm_bk0mk1_bk0nk1_mn_xdlops_streamk<256, BlockToCTileMap_GemmStreamK, _Float16, float, _Float16, RowMajor, RowMajor, RowMajor, PassThrough, PassThrough, PassThrough, 256, 128, 4, 32, 32, 8, 4, 2, Sequence, Sequence, Sequence, 2, 8, 8, false, 1, Sequence, Sequence, Sequence, 1, 2, 2, false, 1, 1, 1, 8, Sequence",2,0,39,3529635,3529635,30720,256,25088,0,128,128,96,64,0x0,0x7fc6b3a65180,1725712,1725712,480,9302880,1164118,148846728,7193509804045664,7193517806234411,7193517807555372,7193509845450977
38,"void kernel_gemm_xdlops_streamk<GridwiseGemm_bk0mk1_bk0nk1_mn_xdlops_streamk>(GridwiseGemm_bk0mk1_bk0nk1_mn_xdlops_streamk<256, BlockToCTileMap_GemmStreamK, _Float16, float, _Float16, RowMajor, RowMajor, RowMajor, PassThrough, PassThrough, PassThrough, 256, 128, 4, 32, 32, 8, 4, 2, Sequence, Sequence, Sequence, 2, 8, 8, false, 1, Sequence, Sequence, Sequence, 1, 2, 2, false, 1, 1, 1, 8, Sequence",2,0,40,3529635,3529635,30720,256,25088,0,128,128,96,64,0x0,0x7fc6b3a65180,1715309,1715309,480,9302880,1161206,148846748,7193509804104966,7193517807555372,7193517808895053,7193509846809884
39,"void kernel_gemm_xdlops_streamk<GridwiseGemm_bk0mk1_bk0nk1_mn_xdlops_streamk>(GridwiseGemm_bk0mk1_bk0nk1_mn_xdlops_streamk<256, BlockToCTileMap_GemmStreamK, _Float16, float, _Float16, RowMajor, RowMajor, RowMajor, PassThrough, PassThrough, PassThrough, 256, 128, 4, 32, 32, 8, 4, 2, Sequence, Sequence, Sequence, 2, 8, 8, false, 1, Sequence, Sequence, Sequence, 1, 2, 2, false, 1, 1, 1, 8, Sequence",2,0,41,3529635,3529635,30720,256,25088,0,128,128,96,64,0x0,0x7fc6b3a65180,1727358,1727358,480,9302880,1164667,148846700,7193509804161352,7193517808895053,7193517810224015,7193509848184981
40,"void kernel_gemm_xdlops_streamk<GridwiseGemm_bk0mk1_bk0nk1_mn_xdlops_streamk>(GridwiseGemm_bk0mk1_bk0nk1_mn_xdlops_streamk<256, BlockToCTileMap_GemmStreamK, _Float16, float, _Float16, RowMajor, RowMajor, RowMajor, PassThrough, PassThrough, PassThrough, 256, 128, 4, 32, 32, 8, 4, 2, Sequence, Sequence, Sequence, 2, 8, 8, false, 1, Sequence, Sequence, Sequence, 1, 2, 2, false, 1, 1, 1, 8, Sequence",2,0,42,3529635,3529635,30720,256,25088,0,128,128,96,64,0x0,0x7fc6b3a65180,1742108,1742108,480,9302880,1162399,148846628,7193509804219803,7193517810224015,7193517811553776,7193509849538788
41,"void kernel_gemm_xdlops_streamk<GridwiseGemm_bk0mk1_bk0nk1_mn_xdlops_streamk>(GridwiseGemm_bk0mk1_bk0nk1_mn_xdlops_streamk<256, BlockToCTileMap_GemmStreamK, _Float16, float, _Float16, RowMajor, RowMajor, RowMajor, PassThrough, PassThrough, PassThrough, 256, 128, 4, 32, 32, 8, 4, 2, Sequence, Sequence, Sequence, 2, 8, 8, false, 1, Sequence, Sequence, Sequence, 1, 2, 2, false, 1, 1, 1, 8, Sequence",2,0,43,3529635,3529635,30720,256,25088,0,128,128,96,64,0x0,0x7fc6b3a65180,1736672,1736672,480,9302880,1160795,148846784,7193509804279736,7193517811553776,7193517812895378,7193509850919115
42,"void kernel_gemm_xdlops_streamk<GridwiseGemm_bk0mk1_bk0nk1_mn_xdlops_streamk>(GridwiseGemm_bk0mk1_bk0nk1_mn_xdlops_streamk<256, BlockToCTileMap_GemmStreamK, _Float16, float, _Float16, RowMajor, RowMajor, RowMajor, PassThrough, PassThrough, PassThrough, 256, 128, 4, 32, 32, 8, 4, 2, Sequence, Sequence, Sequence, 2, 8, 8, false, 1, Sequence, Sequence, Sequence, 1, 2, 2, false, 1, 1, 1, 8, Sequence",2,0,44,3529635,3529635,30720,256,25088,0,128,128,96,64,0x0,0x7fc6b3a65180,1708951,1708951,480,9302880,1164252,148846600,7193509804343346,7193517812895378,7193517814233139,7193509852269997
43,"void kernel_gemm_xdlops_streamk<GridwiseGemm_bk0mk1_bk0nk1_mn_xdlops_streamk>(GridwiseGemm_bk0mk1_bk0nk1_mn_xdlops_streamk<256, BlockToCTileMap_GemmStreamK, _Float16, float, _Float16, RowMajor, RowMajor, RowMajor, PassThrough, PassThrough, PassThrough, 256, 128, 4, 32, 32, 8, 4, 2, Sequence, Sequence, Sequence, 2, 8, 8, false, 1, Sequence, Sequence, Sequence, 1, 2, 2, false, 1, 1, 1, 8, Sequence",2,0,45,3529635,3529635,30720,256,25088,0,128,128,96,64,0x0,0x7fc6b3a65180,1740424,1740424,480,9302880,1158832,148846648,7193509804401817,7193517814233139,7193517815541141,7193509853622692
44,"void kernel_gemm_xdlops_streamk<GridwiseGemm_bk0mk1_bk0nk1_mn_xdlops_streamk>(GridwiseGemm_bk0mk1_bk0nk1_mn_xdlops_streamk<256, BlockToCTileMap_GemmStreamK, _Float16, float, _Float16, RowMajor, RowMajor, RowMajor, PassThrough, PassThrough, PassThrough, 256, 128, 4, 32, 32, 8, 4, 2, Sequence, Sequence, Sequence, 2, 8, 8, false, 1, Sequence, Sequence, Sequence, 1, 2, 2, false, 1, 1, 1, 8, Sequence",2,0,46,3529635,3529635,30720,256,25088,0,128,128,96,64,0x0,0x7fc6b3a65180,1717436,1717436,480,9302880,1164714,148846744,7193509804460237,7193517815541141,7193517816892662,7193509854984624
45,"void kernel_gemm_xdlops_streamk<GridwiseGemm_bk0mk1_bk0nk1_mn_xdlops_streamk>(GridwiseGemm_bk0mk1_bk0nk1_mn_xdlops_streamk<256, BlockToCTileMap_GemmStreamK, _Float16, float, _Float16, RowMajor, RowMajor, RowMajor, PassThrough, PassThrough, PassThrough, 256, 128, 4, 32, 32, 8, 4, 2, Sequence, Sequence, Sequence, 2, 8, 8, false, 1, Sequence, Sequence, Sequence, 1, 2, 2, false, 1, 1, 1, 8, Sequence",2,0,47,3529635,3529635,30720,256,25088,0,128,128,96,64,0x0,0x7fc6b3a65180,1734224,1734224,480,9302880,1159652,148846604,7193509804518707,7193517816892662,7193517818293784,7193509856344312
46,"void kernel_gemm_xdlops_streamk<GridwiseGemm_bk0mk1_bk0nk1_mn_xdlops_streamk>(GridwiseGemm_bk0mk1_bk0nk1_mn_xdlops_streamk<256, BlockToCTileMap_GemmStreamK, _Float16, float, _Float16, RowMajor, RowMajor, RowMajor, PassThrough, PassThrough, PassThrough, 256, 128, 4, 32, 32, 8, 4, 2, Sequence, Sequence, Sequence, 2, 8, 8, false, 1, Sequence, Sequence, Sequence, 1, 2, 2, false, 1, 1, 1, 8, Sequence",2,0,48,3529635,3529635,30720,256,25088,0,128,128,96,64,0x0,0x7fc6b3a65180,1726300,1726300,480,9302880,1162533,148846732,7193509804580404,7193517818293784,7193517819620985,7193509857701075
47,"void kernel_gemm_xdlops_streamk<GridwiseGemm_bk0mk1_bk0nk1_mn_xdlops_streamk>(GridwiseGemm_bk0mk1_bk0nk1_mn_xdlops_streamk<256, BlockToCTileMap_GemmStreamK, _Float16, float, _Float16, RowMajor, RowMajor, RowMajor, PassThrough, PassThrough, PassThrough, 256, 128, 4, 32, 32, 8, 4, 2, Sequence, Sequence, Sequence, 2, 8, 8, false, 1, Sequence, Sequence, Sequence, 1, 2, 2, false, 1, 1, 1, 8, Sequence",2,0,49,3529635,3529635,30720,256,25088,0,128,128,96,64,0x0,0x7fc6b3a65180,1735111,1735111,480,9302880,1161070,148846692,7193509804639886,7193517819620985,7193517820944347,7193509859077004
48,"void kernel_gemm_xdlops_streamk<GridwiseGemm_bk0mk1_bk0nk1_mn_xdlops_streamk>(GridwiseGemm_bk0mk1_bk0nk1_mn_xdlops_streamk<256, BlockToCTileMap_GemmStreamK, _Float16, float, _Float16, RowMajor, RowMajor, RowMajor, PassThrough, PassThrough, PassThrough, 256, 128, 4, 32, 32, 8, 4, 2, Sequence, Sequence, Sequence, 2, 8, 8, false, 1, Sequence, Sequence, Sequence, 1, 2, 2, false, 1, 1, 1, 8, Sequence",2,0,50,3529635,3529635,30720,256,25088,0,128,128,96,64,0x0,0x7fc6b3a65180,1744490,1744490,480,9302880,1165420,148846756,7193509804724186,7193517820944347,7193517822312669,7193509860431021
49,"void kernel_gemm_xdlops_streamk<GridwiseGemm_bk0mk1_bk0nk1_mn_xdlops_streamk>(GridwiseGemm_bk0mk1_bk0nk1_mn_xdlops_streamk<256, BlockToCTileMap_GemmStreamK, _Float16, float, _Float16, RowMajor, RowMajor, RowMajor, PassThrough, PassThrough, PassThrough, 256, 128, 4, 32, 32, 8, 4, 2, Sequence, Sequence, Sequence, 2, 8, 8, false, 1, Sequence, Sequence, Sequence, 1, 2, 2, false, 1, 1, 1, 8, Sequence",2,0,51,3529635,3529635,30720,256,25088,0,128,128,96,64,0x0,0x7fc6b3a65180,1718478,1718478,480,9302880,1163053,148846604,7193509804838051,7193517822312669,7193517823639230,7193509861793935
50,"void kernel_gemm_xdlops_streamk<GridwiseGemm_bk0mk1_bk0nk1_mn_xdlops_streamk>(GridwiseGemm_bk0mk1_bk0nk1_mn_xdlops_streamk<256, BlockToCTileMap_GemmStreamK, _Float16, float, _Float16, RowMajor, RowMajor, RowMajor, PassThrough, PassThrough, PassThrough, 256, 128, 4, 32, 32, 8, 4, 2, Sequence, Sequence, Sequence, 2, 8, 8, false, 1, Sequence, Sequence, Sequence, 1, 2, 2, false, 1, 1, 1, 8, Sequence",2,0,52,3529635,3529635,30720,256,25088,0,128,128,96,64,0x0,0x7fc6b3a65180,1726637,1726637,480,9302880,1160870,148846712,7193509804899837,7193517823639230,7193517824978912,7193509863165195
51,"void kernel_gemm_xdlops_streamk<GridwiseGemm_bk0mk1_bk0nk1_mn_xdlops_streamk>(GridwiseGemm_bk0mk1_bk0nk1_mn_xdlops_streamk<256, BlockToCTileMap_GemmStreamK, _Float16, float, _Float16, RowMajor, RowMajor, RowMajor, PassThrough, PassThrough, PassThrough, 256, 128, 4, 32, 32, 8, 4, 2, Sequence, Sequence, Sequence, 2, 8, 8, false, 1, Sequence, Sequence, Sequence, 1, 2, 2, false, 1, 1, 1, 8, Sequence",2,0,53,3529635,3529635,30720,256,25088,0,128,128,96,64,0x0,0x7fc6b3a65180,1736774,1736774,480,9302880,1161359,148846700,7193509804983866,7193517824978912,7193517826307233,7193509864513592
52,"void kernel_gemm_xdlops_streamk<GridwiseGemm_bk0mk1_bk0nk1_mn_xdlops_streamk>(GridwiseGemm_bk0mk1_bk0nk1_mn_xdlops_streamk<256, BlockToCTileMap_GemmStreamK, _Float16, float, _Float16, RowMajor, RowMajor, RowMajor, PassThrough, PassThrough, PassThrough, 256, 128, 4, 32, 32, 8, 4, 2, Sequence, Sequence, Sequence, 2, 8, 8, false, 1, Sequence, Sequence, Sequence, 1, 2, 2, false, 1, 1, 1, 8, Sequence",2,0,54,3529635,3529635,30720,256,25088,0,128,128,96,64,0x0,0x7fc6b3a65180,1726418,1726418,480,9302880,1162746,148846688,7193509805046765,7193517826307233,7193517827620675,7193509865886405
53,"void kernel_gemm_xdlops_streamk<GridwiseGemm_bk0mk1_bk0nk1_mn_xdlops_streamk>(GridwiseGemm_bk0mk1_bk0nk1_mn_xdlops_streamk<256, BlockToCTileMap_GemmStreamK, _Float16, float, _Float16, RowMajor, RowMajor, RowMajor, PassThrough, PassThrough, PassThrough, 256, 128, 4, 32, 32, 8, 4, 2, Sequence, Sequence, Sequence, 2, 8, 8, false, 1, Sequence, Sequence, Sequence, 1, 2, 2, false, 1, 1, 1, 8, Sequence",2,0,55,3529635,3529635,30720,256,25088,0,128,128,96,64,0x0,0x7fc6b3a65180,1732256,1732256,480,9302880,1161984,148846660,7193509805107119,7193517827620675,7193517828953796,7193509867258867
54,"void kernel_gemm_xdlops_streamk<GridwiseGemm_bk0mk1_bk0nk1_mn_xdlops_streamk>(GridwiseGemm_bk0mk1_bk0nk1_mn_xdlops_streamk<256, BlockToCTileMap_GemmStreamK, _Float16, float, _Float16, RowMajor, RowMajor, RowMajor, PassThrough, PassThrough, PassThrough, 256, 128, 4, 32, 32, 8, 4, 2, Sequence, Sequence, Sequence, 2, 8, 8, false, 1, Sequence, Sequence, Sequence, 1, 2, 2, false, 1, 1, 1, 8, Sequence",2,0,56,3529635,3529635,30720,256,25088,0,128,128,96,64,0x0,0x7fc6b3a65180,1737186,1737186,480,9302880,1163972,148846564,7193509805166391,7193517828953796,7193517830291398,7193509868604078
55,"void kernel_gemm_xdlops_streamk<GridwiseGemm_bk0mk1_bk0nk1_mn_xdlops_streamk>(GridwiseGemm_bk0mk1_bk0nk1_mn_xdlops_streamk<256, BlockToCTileMap_GemmStreamK, _Float16, float, _Float16, RowMajor, RowMajor, RowMajor, PassThrough, PassThrough, PassThrough, 256, 128, 4, 32, 32, 8, 4, 2, Sequence, Sequence, Sequence, 2, 8, 8, false, 1, Sequence, Sequence, Sequence, 1, 2, 2, false, 1, 1, 1, 8, Sequence",2,0,57,3529635,3529635,30720,256,25088,0,128,128,96,64,0x0,0x7fc6b3a65180,1730502,1730502,480,9302880,1163186,148846756,7193509805224721,7193517830291398,7193517831625159,7193509869977812
