Index,KernelName,gpu-id,queue-id,queue-index,pid,tid,grd,wgr,lds,scr,arch_vgpr,accum_vgpr,sgpr,wave_size,sig,obj,GRBM_COUNT,GRBM_GUI_ACTIVE,CPC_ME1_BUSY_FOR_PACKET_DECODE,SQ_CYCLES,SQ_WAVES,SQ_WAVE_CYCLES,SQ_BUSY_CYCLES,SQ_LEVEL_WAVES,SQ_ACCUM_PREV_HIRES,DispatchNs,BeginNs,EndNs,CompleteNs
0,__amd_rocclr_fillBufferAligned.kd,2,0,0,3529277,3529277,3932160,256,0,0,8,8,32,64,0x0,0x7f14f8725900,67794,67794,20753,542360,61440,26434040,368819,0,107550488,7193501904597704,7193517758330120,7193517758417640,7193501912248844
1,"void kernel_gemm_xdlops_streamk<GridwiseGemm_bk0mk1_bk0nk1_mn_xdlops_streamk>(GridwiseGemm_bk0mk1_bk0nk1_mn_xdlops_streamk<256, BlockToCTileMap_GemmStreamK, _Float16, float, _Float16, RowMajor, RowMajor, RowMajor, PassThrough, PassThrough, PassThrough, 256, 128, 4, 32, 32, 8, 4, 2, Sequence, Sequence, Sequence, 2, 8, 8, false, 1, Sequence, Sequence, Sequence, 1, 2, 2, false, 1, 1, 1, 8, Sequence",2,0,1,3529277,3529277,30720,256,25088,0,128,128,96,64,0x0,0x7f14f85f9180,1762966,1762966,1758972,14103736,480,204536206,13839379,0,818158048,7193501912093261,7193517758417640,7193517759667884,7193501913541105
2,"void kernel_gemm_xdlops_streamk<GridwiseGemm_bk0mk1_bk0nk1_mn_xdlops_streamk>(GridwiseGemm_bk0mk1_bk0nk1_mn_xdlops_streamk<256, BlockToCTileMap_GemmStreamK, _Float16, float, _Float16, RowMajor, RowMajor, RowMajor, PassThrough, PassThrough, PassThrough, 256, 128, 4, 32, 32, 8, 4, 2, Sequence, Sequence, Sequence, 2, 8, 8, false, 1, Sequence, Sequence, Sequence, 1, 2, 2, false, 1, 1, 1, 8, Sequence",2,0,2,3529277,3529277,30720,256,25088,0,128,128,96,64,0x0,0x7f14f85f9180,1779176,1779176,1774244,14233416,480,203135746,13879510,0,812556208,7193501912171699,7193517759667884,7193517760923568,7193501914847032
3,"void kernel_gemm_xdlops_streamk<GridwiseGemm_bk0mk1_bk0nk1_mn_xdlops_streamk>(GridwiseGemm_bk0mk1_bk0nk1_mn_xdlops_streamk<256, BlockToCTileMap_GemmStreamK, _Float16, float, _Float16, RowMajor, RowMajor, RowMajor, PassThrough, PassThrough, PassThrough, 256, 128, 4, 32, 32, 8, 4, 2, Sequence, Sequence, Sequence, 2, 8, 8, false, 1, Sequence, Sequence, Sequence, 1, 2, 2, false, 1, 1, 1, 8, Sequence",2,0,3,3529277,3529277,30720,256,25088,0,128,128,96,64,0x0,0x7f14f85f9180,1752188,1752188,1748190,14017512,480,203507558,13823991,0,814043404,7193501912238856,7193517760923568,7193517762226132,7193501916121258
4,"void kernel_gemm_xdlops_streamk<GridwiseGemm_bk0mk1_bk0nk1_mn_xdlops_streamk>(GridwiseGemm_bk0mk1_bk0nk1_mn_xdlops_streamk<256, BlockToCTileMap_GemmStreamK, _Float16, float, _Float16, RowMajor, RowMajor, RowMajor, PassThrough, PassThrough, PassThrough, 256, 128, 4, 32, 32, 8, 4, 2, Sequence, Sequence, Sequence, 2, 8, 8, false, 1, Sequence, Sequence, Sequence, 1, 2, 2, false, 1, 1, 1, 8, Sequence",2,0,4,3529277,3529277,30720,256,25088,0,128,128,96,64,0x0,0x7f14f85f9180,1760434,1760434,1756279,14083480,480,203598006,13862448,0,814405220,7193501912306994,7193517762226132,7193517763469816,7193501917400184
5,"void kernel_gemm_xdlops_streamk<GridwiseGemm_bk0mk1_bk0nk1_mn_xdlops_streamk>(GridwiseGemm_bk0mk1_bk0nk1_mn_xdlops_streamk<256, BlockToCTileMap_GemmStreamK, _Float16, float, _Float16, RowMajor, RowMajor, RowMajor, PassThrough, PassThrough, PassThrough, 256, 128, 4, 32, 32, 8, 4, 2, Sequence, Sequence, Sequence, 2, 8, 8, false, 1, Sequence, Sequence, Sequence, 1, 2, 2, false, 1, 1, 1, 8, Sequence",2,0,5,3529277,3529277,30720,256,25088,0,128,128,96,64,0x0,0x7f14f85f9180,1739492,1739492,1735564,13915944,480,202199839,13729367,0,808812584,7193501912712140,7193517763469816,7193517764728060,7193501918689479
6,"void kernel_gemm_xdlops_streamk<GridwiseGemm_bk0mk1_bk0nk1_mn_xdlops_streamk>(GridwiseGemm_bk0mk1_bk0nk1_mn_xdlops_streamk<256, BlockToCTileMap_GemmStreamK, _Float16, float, _Float16, RowMajor, RowMajor, RowMajor, PassThrough, PassThrough, PassThrough, 256, 128, 4, 32, 32, 8, 4, 2, Sequence, Sequence, Sequence, 2, 8, 8, false, 1, Sequence, Sequence, Sequence, 1, 2, 2, false, 1, 1, 1, 8, Sequence",2,0,8,3529277,3529277,30720,256,25088,0,128,128,96,64,0x0,0x7f14f85f9180,1703981,1703981,1699899,13631856,480,200080857,13521422,0,800336648,7193501918712272,7193517764758300,7193517766035904,7193501920097559
7,"void kernel_gemm_xdlops_streamk<GridwiseGemm_bk0mk1_bk0nk1_mn_xdlops_streamk>(GridwiseGemm_bk0mk1_bk0nk1_mn_xdlops_streamk<256, BlockToCTileMap_GemmStreamK, _Float16, float, _Float16, RowMajor, RowMajor, RowMajor, PassThrough, PassThrough, PassThrough, 256, 128, 4, 32, 32, 8, 4, 2, Sequence, Sequence, Sequence, 2, 8, 8, false, 1, Sequence, Sequence, Sequence, 1, 2, 2, false, 1, 1, 1, 8, Sequence",2,0,9,3529277,3529277,30720,256,25088,0,128,128,96,64,0x0,0x7f14f85f9180,1746350,1746350,1742426,13970808,480,202433782,13756873,0,809748292,7193501918853048,7193517766035904,7193517767318948,7193501921410148
8,"void kernel_gemm_xdlops_streamk<GridwiseGemm_bk0mk1_bk0nk1_mn_xdlops_streamk>(GridwiseGemm_bk0mk1_bk0nk1_mn_xdlops_streamk<256, BlockToCTileMap_GemmStreamK, _Float16, float, _Float16, RowMajor, RowMajor, RowMajor, PassThrough, PassThrough, PassThrough, 256, 128, 4, 32, 32, 8, 4, 2, Sequence, Sequence, Sequence, 2, 8, 8, false, 1, Sequence, Sequence, Sequence, 1, 2, 2, false, 1, 1, 1, 8, Sequence",2,0,10,3529277,3529277,30720,256,25088,0,128,128,96,64,0x0,0x7f14f85f9180,1743789,1743789,1739122,13950320,480,201946726,13738314,0,807800100,7193501918925706,7193517767318948,7193517768631273,7193501922777521
9,"void kernel_gemm_xdlops_streamk<GridwiseGemm_bk0mk1_bk0nk1_mn_xdlops_streamk>(GridwiseGemm_bk0mk1_bk0nk1_mn_xdlops_streamk<256, BlockToCTileMap_GemmStreamK, _Float16, float, _Float16, RowMajor, RowMajor, RowMajor, PassThrough, PassThrough, PassThrough, 256, 128, 4, 32, 32, 8, 4, 2, Sequence, Sequence, Sequence, 2, 8, 8, false, 1, Sequence, Sequence, Sequence, 1, 2, 2, false, 1, 1, 1, 8, Sequence",2,0,11,3529277,3529277,30720,256,25088,0,128,128,96,64,0x0,0x7f14f85f9180,1735780,1735780,1732004,13886248,480,200739005,13618091,0,802969252,7193501918993483,7193517768631273,7193517769984077,7193501924129514
10,"void kernel_gemm_xdlops_streamk<GridwiseGemm_bk0mk1_bk0nk1_mn_xdlops_streamk>(GridwiseGemm_bk0mk1_bk0nk1_mn_xdlops_streamk<256, BlockToCTileMap_GemmStreamK, _Float16, float, _Float16, RowMajor, RowMajor, RowMajor, PassThrough, PassThrough, PassThrough, 256, 128, 4, 32, 32, 8, 4, 2, Sequence, Sequence, Sequence, 2, 8, 8, false, 1, Sequence, Sequence, Sequence, 1, 2, 2, false, 1, 1, 1, 8, Sequence",2,0,12,3529277,3529277,30720,256,25088,0,128,128,96,64,0x0,0x7f14f85f9180,1736469,1736469,1731570,13891760,480,201361556,13712228,0,805459472,7193501919055701,7193517769984077,7193517771322161,7193501925483211
11,"void kernel_gemm_xdlops_streamk<GridwiseGemm_bk0mk1_bk0nk1_mn_xdlops_streamk>(GridwiseGemm_bk0mk1_bk0nk1_mn_xdlops_streamk<256, BlockToCTileMap_GemmStreamK, _Float16, float, _Float16, RowMajor, RowMajor, RowMajor, PassThrough, PassThrough, PassThrough, 256, 128, 4, 32, 32, 8, 4, 2, Sequence, Sequence, Sequence, 2, 8, 8, false, 1, Sequence, Sequence, Sequence, 1, 2, 2, false, 1, 1, 1, 8, Sequence",2,0,13,3529277,3529277,30720,256,25088,0,128,128,96,64,0x0,0x7f14f85f9180,1735884,1735884,1732069,13887080,480,200760228,13604829,0,803054080,7193501919116786,7193517771322161,7193517772646806,7193501926838621
12,"void kernel_gemm_xdlops_streamk<GridwiseGemm_bk0mk1_bk0nk1_mn_xdlops_streamk>(GridwiseGemm_bk0mk1_bk0nk1_mn_xdlops_streamk<256, BlockToCTileMap_GemmStreamK, _Float16, float, _Float16, RowMajor, RowMajor, RowMajor, PassThrough, PassThrough, PassThrough, 256, 128, 4, 32, 32, 8, 4, 2, Sequence, Sequence, Sequence, 2, 8, 8, false, 1, Sequence, Sequence, Sequence, 1, 2, 2, false, 1, 1, 1, 8, Sequence",2,0,14,3529277,3529277,30720,256,25088,0,128,128,96,64,0x0,0x7f14f85f9180,1738448,1738448,1733789,13907592,480,201178389,13672646,0,804726740,7193501919181128,7193517772646806,7193517773993050,7193501928195223
13,"void kernel_gemm_xdlops_streamk<GridwiseGemm_bk0mk1_bk0nk1_mn_xdlops_streamk>(GridwiseGemm_bk0mk1_bk0nk1_mn_xdlops_streamk<256, BlockToCTileMap_GemmStreamK, _Float16, float, _Float16, RowMajor, RowMajor, RowMajor, PassThrough, PassThrough, PassThrough, 256, 128, 4, 32, 32, 8, 4, 2, Sequence, Sequence, Sequence, 2, 8, 8, false, 1, Sequence, Sequence, Sequence, 1, 2, 2, false, 1, 1, 1, 8, Sequence",2,0,15,3529277,3529277,30720,256,25088,0,128,128,96,64,0x0,0x7f14f85f9180,1726526,1726526,1722737,13812216,480,199982982,13572119,0,799945144,7193501919243996,7193517773993050,7193517775321054,7193501929566162
14,"void kernel_gemm_xdlops_streamk<GridwiseGemm_bk0mk1_bk0nk1_mn_xdlops_streamk>(GridwiseGemm_bk0mk1_bk0nk1_mn_xdlops_streamk<256, BlockToCTileMap_GemmStreamK, _Float16, float, _Float16, RowMajor, RowMajor, RowMajor, PassThrough, PassThrough, PassThrough, 256, 128, 4, 32, 32, 8, 4, 2, Sequence, Sequence, Sequence, 2, 8, 8, false, 1, Sequence, Sequence, Sequence, 1, 2, 2, false, 1, 1, 1, 8, Sequence",2,0,16,3529277,3529277,30720,256,25088,0,128,128,96,64,0x0,0x7f14f85f9180,1727306,1727306,1722568,13818456,480,200188994,13570406,0,800769200,7193501919308248,7193517775321054,7193517776646659,7193501930950377
15,"void kernel_gemm_xdlops_streamk<GridwiseGemm_bk0mk1_bk0nk1_mn_xdlops_streamk>(GridwiseGemm_bk0mk1_bk0nk1_mn_xdlops_streamk<256, BlockToCTileMap_GemmStreamK, _Float16, float, _Float16, RowMajor, RowMajor, RowMajor, PassThrough, PassThrough, PassThrough, 256, 128, 4, 32, 32, 8, 4, 2, Sequence, Sequence, Sequence, 2, 8, 8, false, 1, Sequence, Sequence, Sequence, 1, 2, 2, false, 1, 1, 1, 8, Sequence",2,0,17,3529277,3529277,30720,256,25088,0,128,128,96,64,0x0,0x7f14f85f9180,1743694,1743694,1739825,13949560,480,201816613,13709339,0,807279632,7193501919370265,7193517776646659,7193517777982823,7193501932313471
16,"void kernel_gemm_xdlops_streamk<GridwiseGemm_bk0mk1_bk0nk1_mn_xdlops_streamk>(GridwiseGemm_bk0mk1_bk0nk1_mn_xdlops_streamk<256, BlockToCTileMap_GemmStreamK, _Float16, float, _Float16, RowMajor, RowMajor, RowMajor, PassThrough, PassThrough, PassThrough, 256, 128, 4, 32, 32, 8, 4, 2, Sequence, Sequence, Sequence, 2, 8, 8, false, 1, Sequence, Sequence, Sequence, 1, 2, 2, false, 1, 1, 1, 8, Sequence",2,0,18,3529277,3529277,30720,256,25088,0,128,128,96,64,0x0,0x7f14f85f9180,1736051,1736051,1731258,13888416,480,201339602,13689362,0,805371592,7193501919437843,7193517777982823,7193517779326027,7193501933663391
17,"void kernel_gemm_xdlops_streamk<GridwiseGemm_bk0mk1_bk0nk1_mn_xdlops_streamk>(GridwiseGemm_bk0mk1_bk0nk1_mn_xdlops_streamk<256, BlockToCTileMap_GemmStreamK, _Float16, float, _Float16, RowMajor, RowMajor, RowMajor, PassThrough, PassThrough, PassThrough, 256, 128, 4, 32, 32, 8, 4, 2, Sequence, Sequence, Sequence, 2, 8, 8, false, 1, Sequence, Sequence, Sequence, 1, 2, 2, false, 1, 1, 1, 8, Sequence",2,0,19,3529277,3529277,30720,256,25088,0,128,128,96,64,0x0,0x7f14f85f9180,1735254,1735254,1731417,13882040,480,200805337,13604265,0,803234584,7193501919502765,7193517779326027,7193517780701712,7193501935055530
18,"void kernel_gemm_xdlops_streamk<GridwiseGemm_bk0mk1_bk0nk1_mn_xdlops_streamk>(GridwiseGemm_bk0mk1_bk0nk1_mn_xdlops_streamk<256, BlockToCTileMap_GemmStreamK, _Float16, float, _Float16, RowMajor, RowMajor, RowMajor, PassThrough, PassThrough, PassThrough, 256, 128, 4, 32, 32, 8, 4, 2, Sequence, Sequence, Sequence, 2, 8, 8, false, 1, Sequence, Sequence, Sequence, 1, 2, 2, false, 1, 1, 1, 8, Sequence",2,0,20,3529277,3529277,30720,256,25088,0,128,128,96,64,0x0,0x7f14f85f9180,1721632,1721632,1716859,13773064,480,200583031,13618412,0,802345360,7193501919567467,7193517780701712,7193517782045556,7193501936419647
19,"void kernel_gemm_xdlops_streamk<GridwiseGemm_bk0mk1_bk0nk1_mn_xdlops_streamk>(GridwiseGemm_bk0mk1_bk0nk1_mn_xdlops_streamk<256, BlockToCTileMap_GemmStreamK, _Float16, float, _Float16, RowMajor, RowMajor, RowMajor, PassThrough, PassThrough, PassThrough, 256, 128, 4, 32, 32, 8, 4, 2, Sequence, Sequence, Sequence, 2, 8, 8, false, 1, Sequence, Sequence, Sequence, 1, 2, 2, false, 1, 1, 1, 8, Sequence",2,0,21,3529277,3529277,30720,256,25088,0,128,128,96,64,0x0,0x7f14f85f9180,1732805,1732805,1729015,13862448,480,200781868,13674461,0,803140648,7193501919642489,7193517782045556,7193517783355800,7193501937776429
20,"void kernel_gemm_xdlops_streamk<GridwiseGemm_bk0mk1_bk0nk1_mn_xdlops_streamk>(GridwiseGemm_bk0mk1_bk0nk1_mn_xdlops_streamk<256, BlockToCTileMap_GemmStreamK, _Float16, float, _Float16, RowMajor, RowMajor, RowMajor, PassThrough, PassThrough, PassThrough, 256, 128, 4, 32, 32, 8, 4, 2, Sequence, Sequence, Sequence, 2, 8, 8, false, 1, Sequence, Sequence, Sequence, 1, 2, 2, false, 1, 1, 1, 8, Sequence",2,0,22,3529277,3529277,30720,256,25088,0,128,128,96,64,0x0,0x7f14f85f9180,1715411,1715411,1710710,13723296,480,199291083,13531064,0,797177528,7193501919707031,7193517783355800,7193517784688925,7193501939142449
21,"void kernel_gemm_xdlops_streamk<GridwiseGemm_bk0mk1_bk0nk1_mn_xdlops_streamk>(GridwiseGemm_bk0mk1_bk0nk1_mn_xdlops_streamk<256, BlockToCTileMap_GemmStreamK, _Float16, float, _Float16, RowMajor, RowMajor, RowMajor, PassThrough, PassThrough, PassThrough, 256, 128, 4, 32, 32, 8, 4, 2, Sequence, Sequence, Sequence, 2, 8, 8, false, 1, Sequence, Sequence, Sequence, 1, 2, 2, false, 1, 1, 1, 8, Sequence",2,0,23,3529277,3529277,30720,256,25088,0,128,128,96,64,0x0,0x7f14f85f9180,1743534,1743534,1739721,13948280,480,200963575,13637179,0,803867520,7193501919794887,7193517784688925,7193517786084929,7193501940501657
22,"void kernel_gemm_xdlops_streamk<GridwiseGemm_bk0mk1_bk0nk1_mn_xdlops_streamk>(GridwiseGemm_bk0mk1_bk0nk1_mn_xdlops_streamk<256, BlockToCTileMap_GemmStreamK, _Float16, float, _Float16, RowMajor, RowMajor, RowMajor, PassThrough, PassThrough, PassThrough, 256, 128, 4, 32, 32, 8, 4, 2, Sequence, Sequence, Sequence, 2, 8, 8, false, 1, Sequence, Sequence, Sequence, 1, 2, 2, false, 1, 1, 1, 8, Sequence",2,0,24,3529277,3529277,30720,256,25088,0,128,128,96,64,0x0,0x7f14f85f9180,1732797,1732797,1728751,13862384,480,200891286,13649690,0,803578372,7193501919860451,7193517786084929,7193517787421573,7193501941883977
23,"void kernel_gemm_xdlops_streamk<GridwiseGemm_bk0mk1_bk0nk1_mn_xdlops_streamk>(GridwiseGemm_bk0mk1_bk0nk1_mn_xdlops_streamk<256, BlockToCTileMap_GemmStreamK, _Float16, float, _Float16, RowMajor, RowMajor, RowMajor, PassThrough, PassThrough, PassThrough, 256, 128, 4, 32, 32, 8, 4, 2, Sequence, Sequence, Sequence, 2, 8, 8, false, 1, Sequence, Sequence, Sequence, 1, 2, 2, false, 1, 1, 1, 8, Sequence",2,0,25,3529277,3529277,30720,256,25088,0,128,128,96,64,0x0,0x7f14f85f9180,1736101,1736101,1732247,13888816,480,200722274,13646501,0,802902284,7193501919931425,7193517787421573,7193517788745098,7193501943238726
24,"void kernel_gemm_xdlops_streamk<GridwiseGemm_bk0mk1_bk0nk1_mn_xdlops_streamk>(GridwiseGemm_bk0mk1_bk0nk1_mn_xdlops_streamk<256, BlockToCTileMap_GemmStreamK, _Float16, float, _Float16, RowMajor, RowMajor, RowMajor, PassThrough, PassThrough, PassThrough, 256, 128, 4, 32, 32, 8, 4, 2, Sequence, Sequence, Sequence, 2, 8, 8, false, 1, Sequence, Sequence, Sequence, 1, 2, 2, false, 1, 1, 1, 8, Sequence",2,0,26,3529277,3529277,30720,256,25088,0,128,128,96,64,0x0,0x7f14f85f9180,1723112,1723112,1718364,13784904,480,199287560,13544750,0,797163448,7193501919998271,7193517788745098,7193517790091182,7193501944607541
25,"void kernel_gemm_xdlops_streamk<GridwiseGemm_bk0mk1_bk0nk1_mn_xdlops_streamk>(GridwiseGemm_bk0mk1_bk0nk1_mn_xdlops_streamk<256, BlockToCTileMap_GemmStreamK, _Float16, float, _Float16, RowMajor, RowMajor, RowMajor, PassThrough, PassThrough, PassThrough, 256, 128, 4, 32, 32, 8, 4, 2, Sequence, Sequence, Sequence, 2, 8, 8, false, 1, Sequence, Sequence, Sequence, 1, 2, 2, false, 1, 1, 1, 8, Sequence",2,0,27,3529277,3529277,30720,256,25088,0,128,128,96,64,0x0,0x7f14f85f9180,1731510,1731510,1727705,13852088,480,200948307,13620541,0,803806440,7193501920063114,7193517790091182,7193517791415346,7193501945993890
26,"void kernel_gemm_xdlops_streamk<GridwiseGemm_bk0mk1_bk0nk1_mn_xdlops_streamk>(GridwiseGemm_bk0mk1_bk0nk1_mn_xdlops_streamk<256, BlockToCTileMap_GemmStreamK, _Float16, float, _Float16, RowMajor, RowMajor, RowMajor, PassThrough, PassThrough, PassThrough, 256, 128, 4, 32, 32, 8, 4, 2, Sequence, Sequence, Sequence, 2, 8, 8, false, 1, Sequence, Sequence, Sequence, 1, 2, 2, false, 1, 1, 1, 8, Sequence",2,0,28,3529277,3529277,30720,256,25088,0,128,128,96,64,0x0,0x7f14f85f9180,1742331,1742331,1737549,13938656,480,201954345,13682040,0,807830628,7193501920128157,7193517791415346,7193517792760791,7193501947354039
27,"void kernel_gemm_xdlops_streamk<GridwiseGemm_bk0mk1_bk0nk1_mn_xdlops_streamk>(GridwiseGemm_bk0mk1_bk0nk1_mn_xdlops_streamk<256, BlockToCTileMap_GemmStreamK, _Float16, float, _Float16, RowMajor, RowMajor, RowMajor, PassThrough, PassThrough, PassThrough, 256, 128, 4, 32, 32, 8, 4, 2, Sequence, Sequence, Sequence, 2, 8, 8, false, 1, Sequence, Sequence, Sequence, 1, 2, 2, false, 1, 1, 1, 8, Sequence",2,0,29,3529277,3529277,30720,256,25088,0,128,128,96,64,0x0,0x7f14f85f9180,1730630,1730630,1726843,13845048,480,200170204,13592515,0,800693996,7193501920290212,7193517792760791,7193517794105755,7193501948706373
28,"void kernel_gemm_xdlops_streamk<GridwiseGemm_bk0mk1_bk0nk1_mn_xdlops_streamk>(GridwiseGemm_bk0mk1_bk0nk1_mn_xdlops_streamk<256, BlockToCTileMap_GemmStreamK, _Float16, float, _Float16, RowMajor, RowMajor, RowMajor, PassThrough, PassThrough, PassThrough, 256, 128, 4, 32, 32, 8, 4, 2, Sequence, Sequence, Sequence, 2, 8, 8, false, 1, Sequence, Sequence, Sequence, 1, 2, 2, false, 1, 1, 1, 8, Sequence",2,0,30,3529277,3529277,30720,256,25088,0,128,128,96,64,0x0,0x7f14f85f9180,1711637,1711637,1706943,13693104,480,200320822,13524644,0,801296484,7193501920357439,7193517794105755,7193517795489280,7193501950074607
29,"void kernel_gemm_xdlops_streamk<GridwiseGemm_bk0mk1_bk0nk1_mn_xdlops_streamk>(GridwiseGemm_bk0mk1_bk0nk1_mn_xdlops_streamk<256, BlockToCTileMap_GemmStreamK, _Float16, float, _Float16, RowMajor, RowMajor, RowMajor, PassThrough, PassThrough, PassThrough, 256, 128, 4, 32, 32, 8, 4, 2, Sequence, Sequence, Sequence, 2, 8, 8, false, 1, Sequence, Sequence, Sequence, 1, 2, 2, false, 1, 1, 1, 8, Sequence",2,0,31,3529277,3529277,30720,256,25088,0,128,128,96,64,0x0,0x7f14f85f9180,1736484,1736484,1732644,13891880,480,201145717,13658151,0,804596092,7193501920419597,7193517795489280,7193517796845604,7193501951429506
30,"void kernel_gemm_xdlops_streamk<GridwiseGemm_bk0mk1_bk0nk1_mn_xdlops_streamk>(GridwiseGemm_bk0mk1_bk0nk1_mn_xdlops_streamk<256, BlockToCTileMap_GemmStreamK, _Float16, float, _Float16, RowMajor, RowMajor, RowMajor, PassThrough, PassThrough, PassThrough, 256, 128, 4, 32, 32, 8, 4, 2, Sequence, Sequence, Sequence, 2, 8, 8, false, 1, Sequence, Sequence, Sequence, 1, 2, 2, false, 1, 1, 1, 8, Sequence",2,0,32,3529277,3529277,30720,256,25088,0,128,128,96,64,0x0,0x7f14f85f9180,1728160,1728160,1723445,13825288,480,200057327,13565562,0,800242532,7193501920486123,7193517796845604,7193517798182408,7193501952808911
31,"void kernel_gemm_xdlops_streamk<GridwiseGemm_bk0mk1_bk0nk1_mn_xdlops_streamk>(GridwiseGemm_bk0mk1_bk0nk1_mn_xdlops_streamk<256, BlockToCTileMap_GemmStreamK, _Float16, float, _Float16, RowMajor, RowMajor, RowMajor, PassThrough, PassThrough, PassThrough, 256, 128, 4, 32, 32, 8, 4, 2, Sequence, Sequence, Sequence, 2, 8, 8, false, 1, Sequence, Sequence, Sequence, 1, 2, 2, false, 1, 1, 1, 8, Sequence",2,0,33,3529277,3529277,30720,256,25088,0,128,128,96,64,0x0,0x7f14f85f9180,1725181,1725181,1721334,13801456,480,200008322,13625683,0,800046480,7193501920549041,7193517798182408,7193517799509613,7193501954184199
32,"void kernel_gemm_xdlops_streamk<GridwiseGemm_bk0mk1_bk0nk1_mn_xdlops_streamk>(GridwiseGemm_bk0mk1_bk0nk1_mn_xdlops_streamk<256, BlockToCTileMap_GemmStreamK, _Float16, float, _Float16, RowMajor, RowMajor, RowMajor, PassThrough, PassThrough, PassThrough, 256, 128, 4, 32, 32, 8, 4, 2, Sequence, Sequence, Sequence, 2, 8, 8, false, 1, Sequence, Sequence, Sequence, 1, 2, 2, false, 1, 1, 1, 8, Sequence",2,0,34,3529277,3529277,30720,256,25088,0,128,128,96,64,0x0,0x7f14f85f9180,1736080,1736080,1731386,13888648,480,201571377,13670916,0,806298724,7193501920611029,7193517799509613,7193517800848817,7193501955540000
33,"void kernel_gemm_xdlops_streamk<GridwiseGemm_bk0mk1_bk0nk1_mn_xdlops_streamk>(GridwiseGemm_bk0mk1_bk0nk1_mn_xdlops_streamk<256, BlockToCTileMap_GemmStreamK, _Float16, float, _Float16, RowMajor, RowMajor, RowMajor, PassThrough, PassThrough, PassThrough, 256, 128, 4, 32, 32, 8, 4, 2, Sequence, Sequence, Sequence, 2, 8, 8, false, 1, Sequence, Sequence, Sequence, 1, 2, 2, false, 1, 1, 1, 8, Sequence",2,0,35,3529277,3529277,30720,256,25088,0,128,128,96,64,0x0,0x7f14f85f9180,1740166,1740166,1736403,13921336,480,200949600,13614563,0,803811640,7193501920672474,7193517800848817,7193517802178421,7193501956900970
34,"void kernel_gemm_xdlops_streamk<GridwiseGemm_bk0mk1_bk0nk1_mn_xdlops_streamk>(GridwiseGemm_bk0mk1_bk0nk1_mn_xdlops_streamk<256, BlockToCTileMap_GemmStreamK, _Float16, float, _Float16, RowMajor, RowMajor, RowMajor, PassThrough, PassThrough, PassThrough, 256, 128, 4, 32, 32, 8, 4, 2, Sequence, Sequence, Sequence, 2, 8, 8, false, 1, Sequence, Sequence, Sequence, 1, 2, 2, false, 1, 1, 1, 8, Sequence",2,0,36,3529277,3529277,30720,256,25088,0,128,128,96,64,0x0,0x7f14f85f9180,1728363,1728363,1723589,13826912,480,200507830,13610700,0,802044580,7193501920735884,7193517802178421,7193517803502586,7193501958275376
35,"void kernel_gemm_xdlops_streamk<GridwiseGemm_bk0mk1_bk0nk1_mn_xdlops_streamk>(GridwiseGemm_bk0mk1_bk0nk1_mn_xdlops_streamk<256, BlockToCTileMap_GemmStreamK, _Float16, float, _Float16, RowMajor, RowMajor, RowMajor, PassThrough, PassThrough, PassThrough, 256, 128, 4, 32, 32, 8, 4, 2, Sequence, Sequence, Sequence, 2, 8, 8, false, 1, Sequence, Sequence, Sequence, 1, 2, 2, false, 1, 1, 1, 8, Sequence",2,0,37,3529277,3529277,30720,256,25088,0,128,128,96,64,0x0,0x7f14f85f9180,1733900,1733900,1730069,13871208,480,200646123,13631925,0,802597676,7193501920802610,7193517803502586,7193517804832510,7193501959629073
36,"void kernel_gemm_xdlops_streamk<GridwiseGemm_bk0mk1_bk0nk1_mn_xdlops_streamk>(GridwiseGemm_bk0mk1_bk0nk1_mn_xdlops_streamk<256, BlockToCTileMap_GemmStreamK, _Float16, float, _Float16, RowMajor, RowMajor, RowMajor, PassThrough, PassThrough, PassThrough, 256, 128, 4, 32, 32, 8, 4, 2, Sequence, Sequence, Sequence, 2, 8, 8, false, 1, Sequence, Sequence, Sequence, 1, 2, 2, false, 1, 1, 1, 8, Sequence",2,0,38,3529277,3529277,30720,256,25088,0,128,128,96,64,0x0,0x7f14f85f9180,1731715,1731715,1727024,13853728,480,200271209,13592202,0,801098036,7193501920864617,7193517804832510,7193517806234914,7193501961018637
37,"void kernel_gemm_xdlops_streamk<GridwiseGemm_bk0mk1_bk0nk1_mn_xdlops_streamk>(GridwiseGemm_bk0mk1_bk0nk1_mn_xdlops_streamk<256, BlockToCTileMap_GemmStreamK, _Float16, float, _Float16, RowMajor, RowMajor, RowMajor, PassThrough, PassThrough, PassThrough, 256, 128, 4, 32, 32, 8, 4, 2, Sequence, Sequence, Sequence, 2, 8, 8, false, 1, Sequence, Sequence, Sequence, 1, 2, 2, false, 1, 1, 1, 8, Sequence",2,0,39,3529277,3529277,30720,256,25088,0,128,128,96,64,0x0,0x7f14f85f9180,1725766,1725766,1721953,13806136,480,200201113,13584859,0,800817664,7193501920947434,7193517806234411,7193517807555372,7193501962388224
38,"void kernel_gemm_xdlops_streamk<GridwiseGemm_bk0mk1_bk0nk1_mn_xdlops_streamk>(GridwiseGemm_bk0mk1_bk0nk1_mn_xdlops_streamk<256, BlockToCTileMap_GemmStreamK, _Float16, float, _Float16, RowMajor, RowMajor, RowMajor, PassThrough, PassThrough, PassThrough, 256, 128, 4, 32, 32, 8, 4, 2, Sequence, Sequence, Sequence, 2, 8, 8, false, 1, Sequence, Sequence, Sequence, 1, 2, 2, false, 1, 1, 1, 8, Sequence",2,0,40,3529277,3529277,30720,256,25088,0,128,128,96,64,0x0,0x7f14f85f9180,1742139,1742139,1736914,13937120,480,201722314,13669746,0,806902488,7193501921017817,7193517807555372,7193517808895053,7193501963744516
39,"void kernel_gemm_xdlops_streamk<GridwiseGemm_bk0mk1_bk0nk1_mn_xdlops_streamk>(GridwiseGemm_bk0mk1_bk0nk1_mn_xdlops_streamk<256, BlockToCTileMap_GemmStreamK, _Float16, float, _Float16, RowMajor, RowMajor, RowMajor, PassThrough, PassThrough, PassThrough, 256, 128, 4, 32, 32, 8, 4, 2, Sequence, Sequence, Sequence, 2, 8, 8, false, 1, Sequence, Sequence, Sequence, 1, 2, 2, false, 1, 1, 1, 8, Sequence",2,0,41,3529277,3529277,30720,256,25088,0,128,128,96,64,0x0,0x7f14f85f9180,1725692,1725692,1721741,13805544,480,200192166,13606791,0,800781836,7193501921084954,7193517808895053,7193517810224015,7193501965122949
40,"void kernel_gemm_xdlops_streamk<GridwiseGemm_bk0mk1_bk0nk1_mn_xdlops_streamk>(GridwiseGemm_bk0mk1_bk0nk1_mn_xdlops_streamk<256, BlockToCTileMap_GemmStreamK, _Float16, float, _Float16, RowMajor, RowMajor, RowMajor, PassThrough, PassThrough, PassThrough, 256, 128, 4, 32, 32, 8, 4, 2, Sequence, Sequence, Sequence, 2, 8, 8, false, 1, Sequence, Sequence, Sequence, 1, 2, 2, false, 1, 1, 1, 8, Sequence",2,0,42,3529277,3529277,30720,256,25088,0,128,128,96,64,0x0,0x7f14f85f9180,1732162,1732162,1727274,13857304,480,201015168,13715786,0,804073864,7193501921148564,7193517810224015,7193517811553776,7193501966475454
41,"void kernel_gemm_xdlops_streamk<GridwiseGemm_bk0mk1_bk0nk1_mn_xdlops_streamk>(GridwiseGemm_bk0mk1_bk0nk1_mn_xdlops_streamk<256, BlockToCTileMap_GemmStreamK, _Float16, float, _Float16, RowMajor, RowMajor, RowMajor, PassThrough, PassThrough, PassThrough, 256, 128, 4, 32, 32, 8, 4, 2, Sequence, Sequence, Sequence, 2, 8, 8, false, 1, Sequence, Sequence, Sequence, 1, 2, 2, false, 1, 1, 1, 8, Sequence",2,0,43,3529277,3529277,30720,256,25088,0,128,128,96,64,0x0,0x7f14f85f9180,1728126,1728126,1724363,13825016,480,200115115,13553549,0,800473688,7193501921212124,7193517811553776,7193517812895378,7193501967858616
42,"void kernel_gemm_xdlops_streamk<GridwiseGemm_bk0mk1_bk0nk1_mn_xdlops_streamk>(GridwiseGemm_bk0mk1_bk0nk1_mn_xdlops_streamk<256, BlockToCTileMap_GemmStreamK, _Float16, float, _Float16, RowMajor, RowMajor, RowMajor, PassThrough, PassThrough, PassThrough, 256, 128, 4, 32, 32, 8, 4, 2, Sequence, Sequence, Sequence, 2, 8, 8, false, 1, Sequence, Sequence, Sequence, 1, 2, 2, false, 1, 1, 1, 8, Sequence",2,0,44,3529277,3529277,30720,256,25088,0,128,128,96,64,0x0,0x7f14f85f9180,1729699,1729699,1724612,13837600,480,200110161,13576292,0,800453872,7193501921275363,7193517812895378,7193517814233139,7193501969233684
43,"void kernel_gemm_xdlops_streamk<GridwiseGemm_bk0mk1_bk0nk1_mn_xdlops_streamk>(GridwiseGemm_bk0mk1_bk0nk1_mn_xdlops_streamk<256, BlockToCTileMap_GemmStreamK, _Float16, float, _Float16, RowMajor, RowMajor, RowMajor, PassThrough, PassThrough, PassThrough, 256, 128, 4, 32, 32, 8, 4, 2, Sequence, Sequence, Sequence, 2, 8, 8, false, 1, Sequence, Sequence, Sequence, 1, 2, 2, false, 1, 1, 1, 8, Sequence",2,0,45,3529277,3529277,30720,256,25088,0,128,128,96,64,0x0,0x7f14f85f9180,1738622,1738622,1734748,13908984,480,201140563,13631073,0,804575424,7193501921337991,7193517814233139,7193517815541141,7193501970591568
44,"void kernel_gemm_xdlops_streamk<GridwiseGemm_bk0mk1_bk0nk1_mn_xdlops_streamk>(GridwiseGemm_bk0mk1_bk0nk1_mn_xdlops_streamk<256, BlockToCTileMap_GemmStreamK, _Float16, float, _Float16, RowMajor, RowMajor, RowMajor, PassThrough, PassThrough, PassThrough, 256, 128, 4, 32, 32, 8, 4, 2, Sequence, Sequence, Sequence, 2, 8, 8, false, 1, Sequence, Sequence, Sequence, 1, 2, 2, false, 1, 1, 1, 8, Sequence",2,0,46,3529277,3529277,30720,256,25088,0,128,128,96,64,0x0,0x7f14f85f9180,1729349,1729349,1724169,13834800,480,200152639,13606704,0,800623740,7193501921399398,7193517815541141,7193517816892662,7193501971967667
45,"void kernel_gemm_xdlops_streamk<GridwiseGemm_bk0mk1_bk0nk1_mn_xdlops_streamk>(GridwiseGemm_bk0mk1_bk0nk1_mn_xdlops_streamk<256, BlockToCTileMap_GemmStreamK, _Float16, float, _Float16, RowMajor, RowMajor, RowMajor, PassThrough, PassThrough, PassThrough, 256, 128, 4, 32, 32, 8, 4, 2, Sequence, Sequence, Sequence, 2, 8, 8, false, 1, Sequence, Sequence, Sequence, 1, 2, 2, false, 1, 1, 1, 8, Sequence",2,0,47,3529277,3529277,30720,256,25088,0,128,128,96,64,0x0,0x7f14f85f9180,1740534,1740534,1736716,13924280,480,201279762,13663071,0,805132264,7193501921466705,7193517816892662,7193517818293784,7193501973326033
46,"void kernel_gemm_xdlops_streamk<GridwiseGemm_bk0mk1_bk0nk1_mn_xdlops_streamk>(GridwiseGemm_bk0mk1_bk0nk1_mn_xdlops_streamk<256, BlockToCTileMap_GemmStreamK, _Float16, float, _Float16, RowMajor, RowMajor, RowMajor, PassThrough, PassThrough, PassThrough, 256, 128, 4, 32, 32, 8, 4, 2, Sequence, Sequence, Sequence, 2, 8, 8, false, 1, Sequence, Sequence, Sequence, 1, 2, 2, false, 1, 1, 1, 8, Sequence",2,0,48,3529277,3529277,30720,256,25088,0,128,128,96,64,0x0,0x7f14f85f9180,1737458,1737458,1732638,13899672,480,201840727,13757988,0,807376136,7193501921593554,7193517818293784,7193517819620985,7193501974681323
47,"void kernel_gemm_xdlops_streamk<GridwiseGemm_bk0mk1_bk0nk1_mn_xdlops_streamk>(GridwiseGemm_bk0mk1_bk0nk1_mn_xdlops_streamk<256, BlockToCTileMap_GemmStreamK, _Float16, float, _Float16, RowMajor, RowMajor, RowMajor, PassThrough, PassThrough, PassThrough, 256, 128, 4, 32, 32, 8, 4, 2, Sequence, Sequence, Sequence, 2, 8, 8, false, 1, Sequence, Sequence, Sequence, 1, 2, 2, false, 1, 1, 1, 8, Sequence",2,0,49,3529277,3529277,30720,256,25088,0,128,128,96,64,0x0,0x7f14f85f9180,1730668,1730668,1726919,13845352,480,200790260,13664073,0,803174216,7193501921658998,7193517819620985,7193517820944347,7193501976073041
48,"void kernel_gemm_xdlops_streamk<GridwiseGemm_bk0mk1_bk0nk1_mn_xdlops_streamk>(GridwiseGemm_bk0mk1_bk0nk1_mn_xdlops_streamk<256, BlockToCTileMap_GemmStreamK, _Float16, float, _Float16, RowMajor, RowMajor, RowMajor, PassThrough, PassThrough, PassThrough, 256, 128, 4, 32, 32, 8, 4, 2, Sequence, Sequence, Sequence, 2, 8, 8, false, 1, Sequence, Sequence, Sequence, 1, 2, 2, false, 1, 1, 1, 8, Sequence",2,0,50,3529277,3529277,30720,256,25088,0,128,128,96,64,0x0,0x7f14f85f9180,1734411,1734411,1729697,13875296,480,200434321,13596218,0,801750476,7193501921734500,7193517820944347,7193517822312669,7193501977444872
49,"void kernel_gemm_xdlops_streamk<GridwiseGemm_bk0mk1_bk0nk1_mn_xdlops_streamk>(GridwiseGemm_bk0mk1_bk0nk1_mn_xdlops_streamk<256, BlockToCTileMap_GemmStreamK, _Float16, float, _Float16, RowMajor, RowMajor, RowMajor, PassThrough, PassThrough, PassThrough, 256, 128, 4, 32, 32, 8, 4, 2, Sequence, Sequence, Sequence, 2, 8, 8, false, 1, Sequence, Sequence, Sequence, 1, 2, 2, false, 1, 1, 1, 8, Sequence",2,0,51,3529277,3529277,30720,256,25088,0,128,128,96,64,0x0,0x7f14f85f9180,1738350,1738350,1734569,13906808,480,201501656,13684757,0,806019864,7193501921800365,7193517822312669,7193517823639230,7193501978803188
50,"void kernel_gemm_xdlops_streamk<GridwiseGemm_bk0mk1_bk0nk1_mn_xdlops_streamk>(GridwiseGemm_bk0mk1_bk0nk1_mn_xdlops_streamk<256, BlockToCTileMap_GemmStreamK, _Float16, float, _Float16, RowMajor, RowMajor, RowMajor, PassThrough, PassThrough, PassThrough, 256, 128, 4, 32, 32, 8, 4, 2, Sequence, Sequence, Sequence, 2, 8, 8, false, 1, Sequence, Sequence, Sequence, 1, 2, 2, false, 1, 1, 1, 8, Sequence",2,0,52,3529277,3529277,30720,256,25088,0,128,128,96,64,0x0,0x7f14f85f9180,1732072,1732072,1726886,13856584,480,200533144,13581420,0,802145812,7193501921863454,7193517823639230,7193517824978912,7193501980183685
51,"void kernel_gemm_xdlops_streamk<GridwiseGemm_bk0mk1_bk0nk1_mn_xdlops_streamk>(GridwiseGemm_bk0mk1_bk0nk1_mn_xdlops_streamk<256, BlockToCTileMap_GemmStreamK, _Float16, float, _Float16, RowMajor, RowMajor, RowMajor, PassThrough, PassThrough, PassThrough, 256, 128, 4, 32, 32, 8, 4, 2, Sequence, Sequence, Sequence, 2, 8, 8, false, 1, Sequence, Sequence, Sequence, 1, 2, 2, false, 1, 1, 1, 8, Sequence",2,0,53,3529277,3529277,30720,256,25088,0,128,128,96,64,0x0,0x7f14f85f9180,1738662,1738662,1734804,13909304,480,200818095,13602297,0,803285568,7193501921936442,7193517824978912,7193517826307233,7193501981540909
52,"void kernel_gemm_xdlops_streamk<GridwiseGemm_bk0mk1_bk0nk1_mn_xdlops_streamk>(GridwiseGemm_bk0mk1_bk0nk1_mn_xdlops_streamk<256, BlockToCTileMap_GemmStreamK, _Float16, float, _Float16, RowMajor, RowMajor, RowMajor, PassThrough, PassThrough, PassThrough, 256, 128, 4, 32, 32, 8, 4, 2, Sequence, Sequence, Sequence, 2, 8, 8, false, 1, Sequence, Sequence, Sequence, 1, 2, 2, false, 1, 1, 1, 8, Sequence",2,0,54,3529277,3529277,30720,256,25088,0,128,128,96,64,0x0,0x7f14f85f9180,1729386,1729386,1724796,13835096,480,200354072,13584424,0,801429500,7193501922003689,7193517826307233,7193517827620675,7193501982928349
53,"void kernel_gemm_xdlops_streamk<GridwiseGemm_bk0mk1_bk0nk1_mn_xdlops_streamk>(GridwiseGemm_bk0mk1_bk0nk1_mn_xdlops_streamk<256, BlockToCTileMap_GemmStreamK, _Float16, float, _Float16, RowMajor, RowMajor, RowMajor, PassThrough, PassThrough, PassThrough, 256, 128, 4, 32, 32, 8, 4, 2, Sequence, Sequence, Sequence, 2, 8, 8, false, 1, Sequence, Sequence, Sequence, 1, 2, 2, false, 1, 1, 1, 8, Sequence",2,0,55,3529277,3529277,30720,256,25088,0,128,128,96,64,0x0,0x7f14f85f9180,1737814,1737814,1733945,13902520,480,201384255,13703747,0,805550232,7193501922067700,7193517827620675,7193517828953796,7193501984307013
54,"void kernel_gemm_xdlops_streamk<GridwiseGemm_bk0mk1_bk0nk1_mn_xdlops_streamk>(GridwiseGemm_bk0mk1_bk0nk1_mn_xdlops_streamk<256, BlockToCTileMap_GemmStreamK, _Float16, float, _Float16, RowMajor, RowMajor, RowMajor, PassThrough, PassThrough, PassThrough, 256, 128, 4, 32, 32, 8, 4, 2, Sequence, Sequence, Sequence, 2, 8, 8, false, 1, Sequence, Sequence, Sequence, 1, 2, 2, false, 1, 1, 1, 8, Sequence",2,0,56,3529277,3529277,30720,256,25088,0,128,128,96,64,0x0,0x7f14f85f9180,1736808,1736808,1732010,13894472,480,200899549,13619650,0,803611416,7193501922130769,7193517828953796,7193517830291398,7193501985659037
55,"void kernel_gemm_xdlops_streamk<GridwiseGemm_bk0mk1_bk0nk1_mn_xdlops_streamk>(GridwiseGemm_bk0mk1_bk0nk1_mn_xdlops_streamk<256, BlockToCTileMap_GemmStreamK, _Float16, float, _Float16, RowMajor, RowMajor, RowMajor, PassThrough, PassThrough, PassThrough, 256, 128, 4, 32, 32, 8, 4, 2, Sequence, Sequence, Sequence, 2, 8, 8, false, 1, Sequence, Sequence, Sequence, 1, 2, 2, false, 1, 1, 1, 8, Sequence",2,0,57,3529277,3529277,30720,256,25088,0,128,128,96,64,0x0,0x7f14f85f9180,1731956,1731956,1728125,13855656,480,200362875,13632487,0,801464684,7193501922195762,7193517830291398,7193517831625159,7193501987042830
