Index,KernelName,gpu-id,queue-id,queue-index,pid,tid,grd,wgr,lds,scr,arch_vgpr,accum_vgpr,sgpr,wave_size,sig,obj,DispatchNs,BeginNs,EndNs,CompleteNs
0,__amd_rocclr_fillBufferAligned.kd,2,0,0,3529979,3529979,3932160,256,0,0,8,8,32,64,0x0,0x7fb9bdc2d900,7193517758303317,7193517758330120,7193517758417640,7193517758429335
1,"void kernel_gemm_xdlops_streamk<GridwiseGemm_bk0mk1_bk0nk1_mn_xdlops_streamk>(GridwiseGemm_bk0mk1_bk0nk1_mn_xdlops_streamk<256, BlockToCTileMap_GemmStreamK, _Float16, float, _Float16, RowMajor, RowMajor, RowMajor, PassThrough, PassThrough, PassThrough, 256, 128, 4, 32, 32, 8, 4, 2, Sequence, Sequence, Sequence, 2, 8, 8, false, 1, Sequence, Sequence, Sequence, 1, 2, 2, false, 1, 1, 1, 8, Sequence",2,0,1,3529979,3529979,30720,256,25088,0,128,128,96,64,0x0,0x7fb9bdc09180,7193517758330368,7193517758417640,7193517759667884,7193517759718410
2,"void kernel_gemm_xdlops_streamk<GridwiseGemm_bk0mk1_bk0nk1_mn_xdlops_streamk>(GridwiseGemm_bk0mk1_bk0nk1_mn_xdlops_streamk<256, BlockToCTileMap_GemmStreamK, _Float16, float, _Float16, RowMajor, RowMajor, RowMajor, PassThrough, PassThrough, PassThrough, 256, 128, 4, 32, 32, 8, 4, 2, Sequence, Sequence, Sequence, 2, 8, 8, false, 1, Sequence, Sequence, Sequence, 1, 2, 2, false, 1, 1, 1, 8, Sequence",2,0,2,3529979,3529979,30720,256,25088,0,128,128,96,64,0x0,0x7fb9bdc09180,7193517758336109,7193517759667884,7193517760923568,7193517760973440
3,"void kernel_gemm_xdlops_streamk<GridwiseGemm_bk0mk1_bk0nk1_mn_xdlops_streamk>(GridwiseGemm_bk0mk1_bk0nk1_mn_xdlops_streamk<256, BlockToCTileMap_GemmStreamK, _Float16, float, _Float16, RowMajor, RowMajor, RowMajor, PassThrough, PassThrough, PassThrough, 256, 128, 4, 32, 32, 8, 4, 2, Sequence, Sequence, Sequence, 2, 8, 8, false, 1, Sequence, Sequence, Sequence, 1, 2, 2, false, 1, 1, 1, 8, Sequence",2,0,3,3529979,3529979,30720,256,25088,0,128,128,96,64,0x0,0x7fb9bdc09180,7193517758340367,7193517760923568,7193517762226132,7193517762274929
4,"void kernel_gemm_xdlops_streamk<GridwiseGemm_bk0mk1_bk0nk1_mn_xdlops_streamk>(GridwiseGemm_bk0mk1_bk0nk1_mn_xdlops_streamk<256, BlockToCTileMap_GemmStreamK, _Float16, float, _Float16, RowMajor, RowMajor, RowMajor, PassThrough, PassThrough, PassThrough, 256, 128, 4, 32, 32, 8, 4, 2, Sequence, Sequence, Sequence, 2, 8, 8, false, 1, Sequence, Sequence, Sequence, 1, 2, 2, false, 1, 1, 1, 8, Sequence",2,0,4,3529979,3529979,30720,256,25088,0,128,128,96,64,0x0,0x7fb9bdc09180,7193517758344245,7193517762226132,7193517763469816,7193517763519299
5,"void kernel_gemm_xdlops_streamk<GridwiseGemm_bk0mk1_bk0nk1_mn_xdlops_streamk>(GridwiseGemm_bk0mk1_bk0nk1_mn_xdlops_streamk<256, BlockToCTileMap_GemmStreamK, _Float16, float, _Float16, RowMajor, RowMajor, RowMajor, PassThrough, PassThrough, PassThrough, 256, 128, 4, 32, 32, 8, 4, 2, Sequence, Sequence, Sequence, 2, 8, 8, false, 1, Sequence, Sequence, Sequence, 1, 2, 2, false, 1, 1, 1, 8, Sequence",2,0,5,3529979,3529979,30720,256,25088,0,128,128,96,64,0x0,0x7fb9bdc09180,7193517758348092,7193517763469816,7193517764728060,7193517764770832
6,"void kernel_gemm_xdlops_streamk<GridwiseGemm_bk0mk1_bk0nk1_mn_xdlops_streamk>(GridwiseGemm_bk0mk1_bk0nk1_mn_xdlops_streamk<256, BlockToCTileMap_GemmStreamK, _Float16, float, _Float16, RowMajor, RowMajor, RowMajor, PassThrough, PassThrough, PassThrough, 256, 128, 4, 32, 32, 8, 4, 2, Sequence, Sequence, Sequence, 2, 8, 8, false, 1, Sequence, Sequence, Sequence, 1, 2, 2, false, 1, 1, 1, 8, Sequence",2,0,8,3529979,3529979,30720,256,25088,0,128,128,96,64,0x0,0x7fb9bdc09180,7193517764750965,7193517764758300,7193517766035904,7193517766077711
7,"void kernel_gemm_xdlops_streamk<GridwiseGemm_bk0mk1_bk0nk1_mn_xdlops_streamk>(GridwiseGemm_bk0mk1_bk0nk1_mn_xdlops_streamk<256, BlockToCTileMap_GemmStreamK, _Float16, float, _Float16, RowMajor, RowMajor, RowMajor, PassThrough, PassThrough, PassThrough, 256, 128, 4, 32, 32, 8, 4, 2, Sequence, Sequence, Sequence, 2, 8, 8, false, 1, Sequence, Sequence, Sequence, 1, 2, 2, false, 1, 1, 1, 8, Sequence",2,0,9,3529979,3529979,30720,256,25088,0,128,128,96,64,0x0,0x7fb9bdc09180,7193517764755203,7193517766035904,7193517767318948,7193517767357258
8,"void kernel_gemm_xdlops_streamk<GridwiseGemm_bk0mk1_bk0nk1_mn_xdlops_streamk>(GridwiseGemm_bk0mk1_bk0nk1_mn_xdlops_streamk<256, BlockToCTileMap_GemmStreamK, _Float16, float, _Float16, RowMajor, RowMajor, RowMajor, PassThrough, PassThrough, PassThrough, 256, 128, 4, 32, 32, 8, 4, 2, Sequence, Sequence, Sequence, 2, 8, 8, false, 1, Sequence, Sequence, Sequence, 1, 2, 2, false, 1, 1, 1, 8, Sequence",2,0,10,3529979,3529979,30720,256,25088,0,128,128,96,64,0x0,0x7fb9bdc09180,7193517764759551,7193517767318948,7193517768631273,7193517768670709
9,"void kernel_gemm_xdlops_streamk<GridwiseGemm_bk0mk1_bk0nk1_mn_xdlops_streamk>(GridwiseGemm_bk0mk1_bk0nk1_mn_xdlops_streamk<256, BlockToCTileMap_GemmStreamK, _Float16, float, _Float16, RowMajor, RowMajor, RowMajor, PassThrough, PassThrough, PassThrough, 256, 128, 4, 32, 32, 8, 4, 2, Sequence, Sequence, Sequence, 2, 8, 8, false, 1, Sequence, Sequence, Sequence, 1, 2, 2, false, 1, 1, 1, 8, Sequence",2,0,11,3529979,3529979,30720,256,25088,0,128,128,96,64,0x0,0x7fb9bdc09180,7193517764762857,7193517768631273,7193517769984077,7193517770024094
10,"void kernel_gemm_xdlops_streamk<GridwiseGemm_bk0mk1_bk0nk1_mn_xdlops_streamk>(GridwiseGemm_bk0mk1_bk0nk1_mn_xdlops_streamk<256, BlockToCTileMap_GemmStreamK, _Float16, float, _Float16, RowMajor, RowMajor, RowMajor, PassThrough, PassThrough, PassThrough, 256, 128, 4, 32, 32, 8, 4, 2, Sequence, Sequence, Sequence, 2, 8, 8, false, 1, Sequence, Sequence, Sequence, 1, 2, 2, false, 1, 1, 1, 8, Sequence",2,0,12,3529979,3529979,30720,256,25088,0,128,128,96,64,0x0,0x7fb9bdc09180,7193517764765803,7193517769984077,7193517771322161,7193517771361140
11,"void kernel_gemm_xdlops_streamk<GridwiseGemm_bk0mk1_bk0nk1_mn_xdlops_streamk>(GridwiseGemm_bk0mk1_bk0nk1_mn_xdlops_streamk<256, BlockToCTileMap_GemmStreamK, _Float16, float, _Float16, RowMajor, RowMajor, RowMajor, PassThrough, PassThrough, PassThrough, 256, 128, 4, 32, 32, 8, 4, 2, Sequence, Sequence, Sequence, 2, 8, 8, false, 1, Sequence, Sequence, Sequence, 1, 2, 2, false, 1, 1, 1, 8, Sequence",2,0,13,3529979,3529979,30720,256,25088,0,128,128,96,64,0x0,0x7fb9bdc09180,7193517764769019,7193517771322161,7193517772646806,7193517772686353
12,"void kernel_gemm_xdlops_streamk<GridwiseGemm_bk0mk1_bk0nk1_mn_xdlops_streamk>(GridwiseGemm_bk0mk1_bk0nk1_mn_xdlops_streamk<256, BlockToCTileMap_GemmStreamK, _Float16, float, _Float16, RowMajor, RowMajor, RowMajor, PassThrough, PassThrough, PassThrough, 256, 128, 4, 32, 32, 8, 4, 2, Sequence, Sequence, Sequence, 2, 8, 8, false, 1, Sequence, Sequence, Sequence, 1, 2, 2, false, 1, 1, 1, 8, Sequence",2,0,14,3529979,3529979,30720,256,25088,0,128,128,96,64,0x0,0x7fb9bdc09180,7193517764774109,7193517772646806,7193517773993050,7193517774033537
13,"void kernel_gemm_xdlops_streamk<GridwiseGemm_bk0mk1_bk0nk1_mn_xdlops_streamk>(GridwiseGemm_bk0mk1_bk0nk1_mn_xdlops_streamk<256, BlockToCTileMap_GemmStreamK, _Float16, float, _Float16, RowMajor, RowMajor, RowMajor, PassThrough, PassThrough, PassThrough, 256, 128, 4, 32, 32, 8, 4, 2, Sequence, Sequence, Sequence, 2, 8, 8, false, 1, Sequence, Sequence, Sequence, 1, 2, 2, false, 1, 1, 1, 8, Sequence",2,0,15,3529979,3529979,30720,256,25088,0,128,128,96,64,0x0,0x7fb9bdc09180,7193517764803835,7193517773993050,7193517775321054,7193517775362307
14,"void kernel_gemm_xdlops_streamk<GridwiseGemm_bk0mk1_bk0nk1_mn_xdlops_streamk>(GridwiseGemm_bk0mk1_bk0nk1_mn_xdlops_streamk<256, BlockToCTileMap_GemmStreamK, _Float16, float, _Float16, RowMajor, RowMajor, RowMajor, PassThrough, PassThrough, PassThrough, 256, 128, 4, 32, 32, 8, 4, 2, Sequence, Sequence, Sequence, 2, 8, 8, false, 1, Sequence, Sequence, Sequence, 1, 2, 2, false, 1, 1, 1, 8, Sequence",2,0,16,3529979,3529979,30720,256,25088,0,128,128,96,64,0x0,0x7fb9bdc09180,7193517764807251,7193517775321054,7193517776646659,7193517776686157
15,"void kernel_gemm_xdlops_streamk<GridwiseGemm_bk0mk1_bk0nk1_mn_xdlops_streamk>(GridwiseGemm_bk0mk1_bk0nk1_mn_xdlops_streamk<256, BlockToCTileMap_GemmStreamK, _Float16, float, _Float16, RowMajor, RowMajor, RowMajor, PassThrough, PassThrough, PassThrough, 256, 128, 4, 32, 32, 8, 4, 2, Sequence, Sequence, Sequence, 2, 8, 8, false, 1, Sequence, Sequence, Sequence, 1, 2, 2, false, 1, 1, 1, 8, Sequence",2,0,17,3529979,3529979,30720,256,25088,0,128,128,96,64,0x0,0x7fb9bdc09180,7193517764810778,7193517776646659,7193517777982823,7193517778009307
16,"void kernel_gemm_xdlops_streamk<GridwiseGemm_bk0mk1_bk0nk1_mn_xdlops_streamk>(GridwiseGemm_bk0mk1_bk0nk1_mn_xdlops_streamk<256, BlockToCTileMap_GemmStreamK, _Float16, float, _Float16, RowMajor, RowMajor, RowMajor, PassThrough, PassThrough, PassThrough, 256, 128, 4, 32, 32, 8, 4, 2, Sequence, Sequence, Sequence, 2, 8, 8, false, 1, Sequence, Sequence, Sequence, 1, 2, 2, false, 1, 1, 1, 8, Sequence",2,0,18,3529979,3529979,30720,256,25088,0,128,128,96,64,0x0,0x7fb9bdc09180,7193517764813994,7193517777982823,7193517779326027,7193517779350139
17,"void kernel_gemm_xdlops_streamk<GridwiseGemm_bk0mk1_bk0nk1_mn_xdlops_streamk>(GridwiseGemm_bk0mk1_bk0nk1_mn_xdlops_streamk<256, BlockToCTileMap_GemmStreamK, _Float16, float, _Float16, RowMajor, RowMajor, RowMajor, PassThrough, PassThrough, PassThrough, 256, 128, 4, 32, 32, 8, 4, 2, Sequence, Sequence, Sequence, 2, 8, 8, false, 1, Sequence, Sequence, Sequence, 1, 2, 2, false, 1, 1, 1, 8, Sequence",2,0,19,3529979,3529979,30720,256,25088,0,128,128,96,64,0x0,0x7fb9bdc09180,7193517764817912,7193517779326027,7193517780701712,7193517780726989
18,"void kernel_gemm_xdlops_streamk<GridwiseGemm_bk0mk1_bk0nk1_mn_xdlops_streamk>(GridwiseGemm_bk0mk1_bk0nk1_mn_xdlops_streamk<256, BlockToCTileMap_GemmStreamK, _Float16, float, _Float16, RowMajor, RowMajor, RowMajor, PassThrough, PassThrough, PassThrough, 256, 128, 4, 32, 32, 8, 4, 2, Sequence, Sequence, Sequence, 2, 8, 8, false, 1, Sequence, Sequence, Sequence, 1, 2, 2, false, 1, 1, 1, 8, Sequence",2,0,20,3529979,3529979,30720,256,25088,0,128,128,96,64,0x0,0x7fb9bdc09180,7193517764821929,7193517780701712,7193517782045556,7193517782071268
19,"void kernel_gemm_xdlops_streamk<GridwiseGemm_bk0mk1_bk0nk1_mn_xdlops_streamk>(GridwiseGemm_bk0mk1_bk0nk1_mn_xdlops_streamk<256, BlockToCTileMap_GemmStreamK, _Float16, float, _Float16, RowMajor, RowMajor, RowMajor, PassThrough, PassThrough, PassThrough, 256, 128, 4, 32, 32, 8, 4, 2, Sequence, Sequence, Sequence, 2, 8, 8, false, 1, Sequence, Sequence, Sequence, 1, 2, 2, false, 1, 1, 1, 8, Sequence",2,0,21,3529979,3529979,30720,256,25088,0,128,128,96,64,0x0,0x7fb9bdc09180,7193517764826017,7193517782045556,7193517783355800,7193517783369220
20,"void kernel_gemm_xdlops_streamk<GridwiseGemm_bk0mk1_bk0nk1_mn_xdlops_streamk>(GridwiseGemm_bk0mk1_bk0nk1_mn_xdlops_streamk<256, BlockToCTileMap_GemmStreamK, _Float16, float, _Float16, RowMajor, RowMajor, RowMajor, PassThrough, PassThrough, PassThrough, 256, 128, 4, 32, 32, 8, 4, 2, Sequence, Sequence, Sequence, 2, 8, 8, false, 1, Sequence, Sequence, Sequence, 1, 2, 2, false, 1, 1, 1, 8, Sequence",2,0,22,3529979,3529979,30720,256,25088,0,128,128,96,64,0x0,0x7fb9bdc09180,7193517764829834,7193517783355800,7193517784688925,7193517784701546
21,"void kernel_gemm_xdlops_streamk<GridwiseGemm_bk0mk1_bk0nk1_mn_xdlops_streamk>(GridwiseGemm_bk0mk1_bk0nk1_mn_xdlops_streamk<256, BlockToCTileMap_GemmStreamK, _Float16, float, _Float16, RowMajor, RowMajor, RowMajor, PassThrough, PassThrough, PassThrough, 256, 128, 4, 32, 32, 8, 4, 2, Sequence, Sequence, Sequence, 2, 8, 8, false, 1, Sequence, Sequence, Sequence, 1, 2, 2, false, 1, 1, 1, 8, Sequence",2,0,23,3529979,3529979,30720,256,25088,0,128,128,96,64,0x0,0x7fb9bdc09180,7193517764833711,7193517784688925,7193517786084929,7193517786099547
22,"void kernel_gemm_xdlops_streamk<GridwiseGemm_bk0mk1_bk0nk1_mn_xdlops_streamk>(GridwiseGemm_bk0mk1_bk0nk1_mn_xdlops_streamk<256, BlockToCTileMap_GemmStreamK, _Float16, float, _Float16, RowMajor, RowMajor, RowMajor, PassThrough, PassThrough, PassThrough, 256, 128, 4, 32, 32, 8, 4, 2, Sequence, Sequence, Sequence, 2, 8, 8, false, 1, Sequence, Sequence, Sequence, 1, 2, 2, false, 1, 1, 1, 8, Sequence",2,0,24,3529979,3529979,30720,256,25088,0,128,128,96,64,0x0,0x7fb9bdc09180,7193517764837378,7193517786084929,7193517787421573,7193517787434738
23,"void kernel_gemm_xdlops_streamk<GridwiseGemm_bk0mk1_bk0nk1_mn_xdlops_streamk>(GridwiseGemm_bk0mk1_bk0nk1_mn_xdlops_streamk<256, BlockToCTileMap_GemmStreamK, _Float16, float, _Float16, RowMajor, RowMajor, RowMajor, PassThrough, PassThrough, PassThrough, 256, 128, 4, 32, 32, 8, 4, 2, Sequence, Sequence, Sequence, 2, 8, 8, false, 1, Sequence, Sequence, Sequence, 1, 2, 2, false, 1, 1, 1, 8, Sequence",2,0,25,3529979,3529979,30720,256,25088,0,128,128,96,64,0x0,0x7fb9bdc09180,7193517764841556,7193517787421573,7193517788745098,7193517788759981
24,"void kernel_gemm_xdlops_streamk<GridwiseGemm_bk0mk1_bk0nk1_mn_xdlops_streamk>(GridwiseGemm_bk0mk1_bk0nk1_mn_xdlops_streamk<256, BlockToCTileMap_GemmStreamK, _Float16, float, _Float16, RowMajor, RowMajor, RowMajor, PassThrough, PassThrough, PassThrough, 256, 128, 4, 32, 32, 8, 4, 2, Sequence, Sequence, Sequence, 2, 8, 8, false, 1, Sequence, Sequence, Sequence, 1, 2, 2, false, 1, 1, 1, 8, Sequence",2,0,26,3529979,3529979,30720,256,25088,0,128,128,96,64,0x0,0x7fb9bdc09180,7193517764845353,7193517788745098,7193517790091182,7193517790106605
25,"void kernel_gemm_xdlops_streamk<GridwiseGemm_bk0mk1_bk0nk1_mn_xdlops_streamk>(GridwiseGemm_bk0mk1_bk0nk1_mn_xdlops_streamk<256, BlockToCTileMap_GemmStreamK, _Float16, float, _Float16, RowMajor, RowMajor, RowMajor, PassThrough, PassThrough, PassThrough, 256, 128, 4, 32, 32, 8, 4, 2, Sequence, Sequence, Sequence, 2, 8, 8, false, 1, Sequence, Sequence, Sequence, 1, 2, 2, false, 1, 1, 1, 8, Sequence",2,0,27,3529979,3529979,30720,256,25088,0,128,128,96,64,0x0,0x7fb9bdc09180,7193517764849982,7193517790091182,7193517791415346,7193517791428502
26,"void kernel_gemm_xdlops_streamk<GridwiseGemm_bk0mk1_bk0nk1_mn_xdlops_streamk>(GridwiseGemm_bk0mk1_bk0nk1_mn_xdlops_streamk<256, BlockToCTileMap_GemmStreamK, _Float16, float, _Float16, RowMajor, RowMajor, RowMajor, PassThrough, PassThrough, PassThrough, 256, 128, 4, 32, 32, 8, 4, 2, Sequence, Sequence, Sequence, 2, 8, 8, false, 1, Sequence, Sequence, Sequence, 1, 2, 2, false, 1, 1, 1, 8, Sequence",2,0,28,3529979,3529979,30720,256,25088,0,128,128,96,64,0x0,0x7fb9bdc09180,7193517764853909,7193517791415346,7193517792760791,7193517792775756
27,"void kernel_gemm_xdlops_streamk<GridwiseGemm_bk0mk1_bk0nk1_mn_xdlops_streamk>(GridwiseGemm_bk0mk1_bk0nk1_mn_xdlops_streamk<256, BlockToCTileMap_GemmStreamK, _Float16, float, _Float16, RowMajor, RowMajor, RowMajor, PassThrough, PassThrough, PassThrough, 256, 128, 4, 32, 32, 8, 4, 2, Sequence, Sequence, Sequence, 2, 8, 8, false, 1, Sequence, Sequence, Sequence, 1, 2, 2, false, 1, 1, 1, 8, Sequence",2,0,29,3529979,3529979,30720,256,25088,0,128,128,96,64,0x0,0x7fb9bdc09180,7193517764857777,7193517792760791,7193517794105755,7193517794121308
28,"void kernel_gemm_xdlops_streamk<GridwiseGemm_bk0mk1_bk0nk1_mn_xdlops_streamk>(GridwiseGemm_bk0mk1_bk0nk1_mn_xdlops_streamk<256, BlockToCTileMap_GemmStreamK, _Float16, float, _Float16, RowMajor, RowMajor, RowMajor, PassThrough, PassThrough, PassThrough, 256, 128, 4, 32, 32, 8, 4, 2, Sequence, Sequence, Sequence, 2, 8, 8, false, 1, Sequence, Sequence, Sequence, 1, 2, 2, false, 1, 1, 1, 8, Sequence",2,0,30,3529979,3529979,30720,256,25088,0,128,128,96,64,0x0,0x7fb9bdc09180,7193517764861835,7193517794105755,7193517795489280,7193517795502466
29,"void kernel_gemm_xdlops_streamk<GridwiseGemm_bk0mk1_bk0nk1_mn_xdlops_streamk>(GridwiseGemm_bk0mk1_bk0nk1_mn_xdlops_streamk<256, BlockToCTileMap_GemmStreamK, _Float16, float, _Float16, RowMajor, RowMajor, RowMajor, PassThrough, PassThrough, PassThrough, 256, 128, 4, 32, 32, 8, 4, 2, Sequence, Sequence, Sequence, 2, 8, 8, false, 1, Sequence, Sequence, Sequence, 1, 2, 2, false, 1, 1, 1, 8, Sequence",2,0,31,3529979,3529979,30720,256,25088,0,128,128,96,64,0x0,0x7fb9bdc09180,7193517764865571,7193517795489280,7193517796845604,7193517796861293
30,"void kernel_gemm_xdlops_streamk<GridwiseGemm_bk0mk1_bk0nk1_mn_xdlops_streamk>(GridwiseGemm_bk0mk1_bk0nk1_mn_xdlops_streamk<256, BlockToCTileMap_GemmStreamK, _Float16, float, _Float16, RowMajor, RowMajor, RowMajor, PassThrough, PassThrough, PassThrough, 256, 128, 4, 32, 32, 8, 4, 2, Sequence, Sequence, Sequence, 2, 8, 8, false, 1, Sequence, Sequence, Sequence, 1, 2, 2, false, 1, 1, 1, 8, Sequence",2,0,32,3529979,3529979,30720,256,25088,0,128,128,96,64,0x0,0x7fb9bdc09180,7193517764869619,7193517796845604,7193517798182408,7193517798197276
31,"void kernel_gemm_xdlops_streamk<GridwiseGemm_bk0mk1_bk0nk1_mn_xdlops_streamk>(GridwiseGemm_bk0mk1_bk0nk1_mn_xdlops_streamk<256, BlockToCTileMap_GemmStreamK, _Float16, float, _Float16, RowMajor, RowMajor, RowMajor, PassThrough, PassThrough, PassThrough, 256, 128, 4, 32, 32, 8, 4, 2, Sequence, Sequence, Sequence, 2, 8, 8, false, 1, Sequence, Sequence, Sequence, 1, 2, 2, false, 1, 1, 1, 8, Sequence",2,0,33,3529979,3529979,30720,256,25088,0,128,128,96,64,0x0,0x7fb9bdc09180,7193517764873737,7193517798182408,7193517799509613,7193517799521998
32,"void kernel_gemm_xdlops_streamk<GridwiseGemm_bk0mk1_bk0nk1_mn_xdlops_streamk>(GridwiseGemm_bk0mk1_bk0nk1_mn_xdlops_streamk<256, BlockToCTileMap_GemmStreamK, _Float16, float, _Float16, RowMajor, RowMajor, RowMajor, PassThrough, PassThrough, PassThrough, 256, 128, 4, 32, 32, 8, 4, 2, Sequence, Sequence, Sequence, 2, 8, 8, false, 1, Sequence, Sequence, Sequence, 1, 2, 2, false, 1, 1, 1, 8, Sequence",2,0,34,3529979,3529979,30720,256,25088,0,128,128,96,64,0x0,0x7fb9bdc09180,7193517764877233,7193517799509613,7193517800848817,7193517800863903
33,"void kernel_gemm_xdlops_streamk<GridwiseGemm_bk0mk1_bk0nk1_mn_xdlops_streamk>(GridwiseGemm_bk0mk1_bk0nk1_mn_xdlops_streamk<256, BlockToCTileMap_GemmStreamK, _Float16, float, _Float16, RowMajor, RowMajor, RowMajor, PassThrough, PassThrough, PassThrough, 256, 128, 4, 32, 32, 8, 4, 2, Sequence, Sequence, Sequence, 2, 8, 8, false, 1, Sequence, Sequence, Sequence, 1, 2, 2, false, 1, 1, 1, 8, Sequence",2,0,35,3529979,3529979,30720,256,25088,0,128,128,96,64,0x0,0x7fb9bdc09180,7193517764880960,7193517800848817,7193517802178421,7193517802193554
34,"void kernel_gemm_xdlops_streamk<GridwiseGemm_bk0mk1_bk0nk1_mn_xdlops_streamk>(GridwiseGemm_bk0mk1_bk0nk1_mn_xdlops_streamk<256, BlockToCTileMap_GemmStreamK, _Float16, float, _Float16, RowMajor, RowMajor, RowMajor, PassThrough, PassThrough, PassThrough, 256, 128, 4, 32, 32, 8, 4, 2, Sequence, Sequence, Sequence, 2, 8, 8, false, 1, Sequence, Sequence, Sequence, 1, 2, 2, false, 1, 1, 1, 8, Sequence",2,0,36,3529979,3529979,30720,256,25088,0,128,128,96,64,0x0,0x7fb9bdc09180,7193517764884838,7193517802178421,7193517803502586,7193517803517445
35,"void kernel_gemm_xdlops_streamk<GridwiseGemm_bk0mk1_bk0nk1_mn_xdlops_streamk>(GridwiseGemm_bk0mk1_bk0nk1_mn_xdlops_streamk<256, BlockToCTileMap_GemmStreamK, _Float16, float, _Float16, RowMajor, RowMajor, RowMajor, PassThrough, PassThrough, PassThrough, 256, 128, 4, 32, 32, 8, 4, 2, Sequence, Sequence, Sequence, 2, 8, 8, false, 1, Sequence, Sequence, Sequence, 1, 2, 2, false, 1, 1, 1, 8, Sequence",2,0,37,3529979,3529979,30720,256,25088,0,128,128,96,64,0x0,0x7fb9bdc09180,7193517764888915,7193517803502586,7193517804832510,7193517804847096
36,"void kernel_gemm_xdlops_streamk<GridwiseGemm_bk0mk1_bk0nk1_mn_xdlops_streamk>(GridwiseGemm_bk0mk1_bk0nk1_mn_xdlops_streamk<256, BlockToCTileMap_GemmStreamK, _Float16, float, _Float16, RowMajor, RowMajor, RowMajor, PassThrough, PassThrough, PassThrough, 256, 128, 4, 32, 32, 8, 4, 2, Sequence, Sequence, Sequence, 2, 8, 8, false, 1, Sequence, Sequence, Sequence, 1, 2, 2, false, 1, 1, 1, 8, Sequence",2,0,38,3529979,3529979,30720,256,25088,0,128,128,96,64,0x0,0x7fb9bdc09180,7193517764893655,7193517804832510,7193517806234914,7193517806249715
37,"void kernel_gemm_xdlops_streamk<GridwiseGemm_bk0mk1_bk0nk1_mn_xdlops_streamk>(GridwiseGemm_bk0mk1_bk0nk1_mn_xdlops_streamk<256, BlockToCTileMap_GemmStreamK, _Float16, float, _Float16, RowMajor, RowMajor, RowMajor, PassThrough, PassThrough, PassThrough, 256, 128, 4, 32, 32, 8, 4, 2, Sequence, Sequence, Sequence, 2, 8, 8, false, 1, Sequence, Sequence, Sequence, 1, 2, 2, false, 1, 1, 1, 8, Sequence",2,0,39,3529979,3529979,30720,256,25088,0,128,128,96,64,0x0,0x7fb9bdc09180,7193517764897402,7193517806234411,7193517807555372,7193517807572113
38,"void kernel_gemm_xdlops_streamk<GridwiseGemm_bk0mk1_bk0nk1_mn_xdlops_streamk>(GridwiseGemm_bk0mk1_bk0nk1_mn_xdlops_streamk<256, BlockToCTileMap_GemmStreamK, _Float16, float, _Float16, RowMajor, RowMajor, RowMajor, PassThrough, PassThrough, PassThrough, 256, 128, 4, 32, 32, 8, 4, 2, Sequence, Sequence, Sequence, 2, 8, 8, false, 1, Sequence, Sequence, Sequence, 1, 2, 2, false, 1, 1, 1, 8, Sequence",2,0,40,3529979,3529979,30720,256,25088,0,128,128,96,64,0x0,0x7fb9bdc09180,7193517764900988,7193517807555372,7193517808895053,7193517808915580
39,"void kernel_gemm_xdlops_streamk<GridwiseGemm_bk0mk1_bk0nk1_mn_xdlops_streamk>(GridwiseGemm_bk0mk1_bk0nk1_mn_xdlops_streamk<256, BlockToCTileMap_GemmStreamK, _Float16, float, _Float16, RowMajor, RowMajor, RowMajor, PassThrough, PassThrough, PassThrough, 256, 128, 4, 32, 32, 8, 4, 2, Sequence, Sequence, Sequence, 2, 8, 8, false, 1, Sequence, Sequence, Sequence, 1, 2, 2, false, 1, 1, 1, 8, Sequence",2,0,41,3529979,3529979,30720,256,25088,0,128,128,96,64,0x0,0x7fb9bdc09180,7193517764904595,7193517808895053,7193517810224015,7193517810237677
40,"void kernel_gemm_xdlops_streamk<GridwiseGemm_bk0mk1_bk0nk1_mn_xdlops_streamk>(GridwiseGemm_bk0mk1_bk0nk1_mn_xdlops_streamk<256, BlockToCTileMap_GemmStreamK, _Float16, float, _Float16, RowMajor, RowMajor, RowMajor, PassThrough, PassThrough, PassThrough, 256, 128, 4, 32, 32, 8, 4, 2, Sequence, Sequence, Sequence, 2, 8, 8, false, 1, Sequence, Sequence, Sequence, 1, 2, 2, false, 1, 1, 1, 8, Sequence",2,0,42,3529979,3529979,30720,256,25088,0,128,128,96,64,0x0,0x7fb9bdc09180,7193517764908062,7193517810224015,7193517811553776,7193517811566497
41,"void kernel_gemm_xdlops_streamk<GridwiseGemm_bk0mk1_bk0nk1_mn_xdlops_streamk>(GridwiseGemm_bk0mk1_bk0nk1_mn_xdlops_streamk<256, BlockToCTileMap_GemmStreamK, _Float16, float, _Float16, RowMajor, RowMajor, RowMajor, PassThrough, PassThrough, PassThrough, 256, 128, 4, 32, 32, 8, 4, 2, Sequence, Sequence, Sequence, 2, 8, 8, false, 1, Sequence, Sequence, Sequence, 1, 2, 2, false, 1, 1, 1, 8, Sequence",2,0,43,3529979,3529979,30720,256,25088,0,128,128,96,64,0x0,0x7fb9bdc09180,7193517764917850,7193517811553776,7193517812895378,7193517812915435
42,"void kernel_gemm_xdlops_streamk<GridwiseGemm_bk0mk1_bk0nk1_mn_xdlops_streamk>(GridwiseGemm_bk0mk1_bk0nk1_mn_xdlops_streamk<256, BlockToCTileMap_GemmStreamK, _Float16, float, _Float16, RowMajor, RowMajor, RowMajor, PassThrough, PassThrough, PassThrough, 256, 128, 4, 32, 32, 8, 4, 2, Sequence, Sequence, Sequence, 2, 8, 8, false, 1, Sequence, Sequence, Sequence, 1, 2, 2, false, 1, 1, 1, 8, Sequence",2,0,44,3529979,3529979,30720,256,25088,0,128,128,96,64,0x0,0x7fb9bdc09180,7193517764921778,7193517812895378,7193517814233139,7193517814248142
43,"void kernel_gemm_xdlops_streamk<GridwiseGemm_bk0mk1_bk0nk1_mn_xdlops_streamk>(GridwiseGemm_bk0mk1_bk0nk1_mn_xdlops_streamk<256, BlockToCTileMap_GemmStreamK, _Float16, float, _Float16, RowMajor, RowMajor, RowMajor, PassThrough, PassThrough, PassThrough, 256, 128, 4, 32, 32, 8, 4, 2, Sequence, Sequence, Sequence, 2, 8, 8, false, 1, Sequence, Sequence, Sequence, 1, 2, 2, false, 1, 1, 1, 8, Sequence",2,0,45,3529979,3529979,30720,256,25088,0,128,128,96,64,0x0,0x7fb9bdc09180,7193517764925505,7193517814233139,7193517815541141,7193517815553788
44,"void kernel_gemm_xdlops_streamk<GridwiseGemm_bk0mk1_bk0nk1_mn_xdlops_streamk>(GridwiseGemm_bk0mk1_bk0nk1_mn_xdlops_streamk<256, BlockToCTileMap_GemmStreamK, _Float16, float, _Float16, RowMajor, RowMajor, RowMajor, PassThrough, PassThrough, PassThrough, 256, 128, 4, 32, 32, 8, 4, 2, Sequence, Sequence, Sequence, 2, 8, 8, false, 1, Sequence, Sequence, Sequence, 1, 2, 2, false, 1, 1, 1, 8, Sequence",2,0,46,3529979,3529979,30720,256,25088,0,128,128,96,64,0x0,0x7fb9bdc09180,7193517764929021,7193517815541141,7193517816892662,7193517816907815
45,"void kernel_gemm_xdlops_streamk<GridwiseGemm_bk0mk1_bk0nk1_mn_xdlops_streamk>(GridwiseGemm_bk0mk1_bk0nk1_mn_xdlops_streamk<256, BlockToCTileMap_GemmStreamK, _Float16, float, _Float16, RowMajor, RowMajor, RowMajor, PassThrough, PassThrough, PassThrough, 256, 128, 4, 32, 32, 8, 4, 2, Sequence, Sequence, Sequence, 2, 8, 8, false, 1, Sequence, Sequence, Sequence, 1, 2, 2, false, 1, 1, 1, 8, Sequence",2,0,47,3529979,3529979,30720,256,25088,0,128,128,96,64,0x0,0x7fb9bdc09180,7193517764932789,7193517816892662,7193517818293784,7193517818309773
46,"void kernel_gemm_xdlops_streamk<GridwiseGemm_bk0mk1_bk0nk1_mn_xdlops_streamk>(GridwiseGemm_bk0mk1_bk0nk1_mn_xdlops_streamk<256, BlockToCTileMap_GemmStreamK, _Float16, float, _Float16, RowMajor, RowMajor, RowMajor, PassThrough, PassThrough, PassThrough, 256, 128, 4, 32, 32, 8, 4, 2, Sequence, Sequence, Sequence, 2, 8, 8, false, 1, Sequence, Sequence, Sequence, 1, 2, 2, false, 1, 1, 1, 8, Sequence",2,0,48,3529979,3529979,30720,256,25088,0,128,128,96,64,0x0,0x7fb9bdc09180,7193517764936345,7193517818293784,7193517819620985,7193517819634165
47,"void kernel_gemm_xdlops_streamk<GridwiseGemm_bk0mk1_bk0nk1_mn_xdlops_streamk>(GridwiseGemm_bk0mk1_bk0nk1_mn_xdlops_streamk<256, BlockToCTileMap_GemmStreamK, _Float16, float, _Float16, RowMajor, RowMajor, RowMajor, PassThrough, PassThrough, PassThrough, 256, 128, 4, 32, 32, 8, 4, 2, Sequence, Sequence, Sequence, 2, 8, 8, false, 1, Sequence, Sequence, Sequence, 1, 2, 2, false, 1, 1, 1, 8, Sequence",2,0,49,3529979,3529979,30720,256,25088,0,128,128,96,64,0x0,0x7fb9bdc09180,7193517764940493,7193517819620985,7193517820944347,7193517820960840
48,"void kernel_gemm_xdlops_streamk<GridwiseGemm_bk0mk1_bk0nk1_mn_xdlops_streamk>(GridwiseGemm_bk0mk1_bk0nk1_mn_xdlops_streamk<256, BlockToCTileMap_GemmStreamK, _Float16, float, _Float16, RowMajor, RowMajor, RowMajor, PassThrough, PassThrough, PassThrough, 256, 128, 4, 32, 32, 8, 4, 2, Sequence, Sequence, Sequence, 2, 8, 8, false, 1, Sequence, Sequence, Sequence, 1, 2, 2, false, 1, 1, 1, 8, Sequence",2,0,50,3529979,3529979,30720,256,25088,0,128,128,96,64,0x0,0x7fb9bdc09180,7193517764943950,7193517820944347,7193517822312669,7193517822325478
49,"void kernel_gemm_xdlops_streamk<GridwiseGemm_bk0mk1_bk0nk1_mn_xdlops_streamk>(GridwiseGemm_bk0mk1_bk0nk1_mn_xdlops_streamk<256, BlockToCTileMap_GemmStreamK, _Float16, float, _Float16, RowMajor, RowMajor, RowMajor, PassThrough, PassThrough, PassThrough, 256, 128, 4, 32, 32, 8, 4, 2, Sequence, Sequence, Sequence, 2, 8, 8, false, 1, Sequence, Sequence, Sequence, 1, 2, 2, false, 1, 1, 1, 8, Sequence",2,0,51,3529979,3529979,30720,256,25088,0,128,128,96,64,0x0,0x7fb9bdc09180,7193517764947546,7193517822312669,7193517823639230,7193517823653586
50,"void kernel_gemm_xdlops_streamk<GridwiseGemm_bk0mk1_bk0nk1_mn_xdlops_streamk>(GridwiseGemm_bk0mk1_bk0nk1_mn_xdlops_streamk<256, BlockToCTileMap_GemmStreamK, _Float16, float, _Float16, RowMajor, RowMajor, RowMajor, PassThrough, PassThrough, PassThrough, 256, 128, 4, 32, 32, 8, 4, 2, Sequence, Sequence, Sequence, 2, 8, 8, false, 1, Sequence, Sequence, Sequence, 1, 2, 2, false, 1, 1, 1, 8, Sequence",2,0,52,3529979,3529979,30720,256,25088,0,128,128,96,64,0x0,0x7fb9bdc09180,7193517764987221,7193517823639230,7193517824978912,7193517824994589
51,"void kernel_gemm_xdlops_streamk<GridwiseGemm_bk0mk1_bk0nk1_mn_xdlops_streamk>(GridwiseGemm_bk0mk1_bk0nk1_mn_xdlops_streamk<256, BlockToCTileMap_GemmStreamK, _Float16, float, _Float16, RowMajor, RowMajor, RowMajor, PassThrough, PassThrough, PassThrough, 256, 128, 4, 32, 32, 8, 4, 2, Sequence, Sequence, Sequence, 2, 8, 8, false, 1, Sequence, Sequence, Sequence, 1, 2, 2, false, 1, 1, 1, 8, Sequence",2,0,53,3529979,3529979,30720,256,25088,0,128,128,96,64,0x0,0x7fb9bdc09180,7193517764991039,7193517824978912,7193517826307233,7193517826319572
52,"void kernel_gemm_xdlops_streamk<GridwiseGemm_bk0mk1_bk0nk1_mn_xdlops_streamk>(GridwiseGemm_bk0mk1_bk0nk1_mn_xdlops_streamk<256, BlockToCTileMap_GemmStreamK, _Float16, float, _Float16, RowMajor, RowMajor, RowMajor, PassThrough, PassThrough, PassThrough, 256, 128, 4, 32, 32, 8, 4, 2, Sequence, Sequence, Sequence, 2, 8, 8, false, 1, Sequence, Sequence, Sequence, 1, 2, 2, false, 1, 1, 1, 8, Sequence",2,0,54,3529979,3529979,30720,256,25088,0,128,128,96,64,0x0,0x7fb9bdc09180,7193517764994966,7193517826307233,7193517827620675,7193517827635026
53,"void kernel_gemm_xdlops_streamk<GridwiseGemm_bk0mk1_bk0nk1_mn_xdlops_streamk>(GridwiseGemm_bk0mk1_bk0nk1_mn_xdlops_streamk<256, BlockToCTileMap_GemmStreamK, _Float16, float, _Float16, RowMajor, RowMajor, RowMajor, PassThrough, PassThrough, PassThrough, 256, 128, 4, 32, 32, 8, 4, 2, Sequence, Sequence, Sequence, 2, 8, 8, false, 1, Sequence, Sequence, Sequence, 1, 2, 2, false, 1, 1, 1, 8, Sequence",2,0,55,3529979,3529979,30720,256,25088,0,128,128,96,64,0x0,0x7fb9bdc09180,7193517764998653,7193517827620675,7193517828953796,7193517828969316
54,"void kernel_gemm_xdlops_streamk<GridwiseGemm_bk0mk1_bk0nk1_mn_xdlops_streamk>(GridwiseGemm_bk0mk1_bk0nk1_mn_xdlops_streamk<256, BlockToCTileMap_GemmStreamK, _Float16, float, _Float16, RowMajor, RowMajor, RowMajor, PassThrough, PassThrough, PassThrough, 256, 128, 4, 32, 32, 8, 4, 2, Sequence, Sequence, Sequence, 2, 8, 8, false, 1, Sequence, Sequence, Sequence, 1, 2, 2, false, 1, 1, 1, 8, Sequence",2,0,56,3529979,3529979,30720,256,25088,0,128,128,96,64,0x0,0x7fb9bdc09180,7193517765002410,7193517828953796,7193517830291398,7193517830303416
55,"void kernel_gemm_xdlops_streamk<GridwiseGemm_bk0mk1_bk0nk1_mn_xdlops_streamk>(GridwiseGemm_bk0mk1_bk0nk1_mn_xdlops_streamk<256, BlockToCTileMap_GemmStreamK, _Float16, float, _Float16, RowMajor, RowMajor, RowMajor, PassThrough, PassThrough, PassThrough, 256, 128, 4, 32, 32, 8, 4, 2, Sequence, Sequence, Sequence, 2, 8, 8, false, 1, Sequence, Sequence, Sequence, 1, 2, 2, false, 1, 1, 1, 8, Sequence",2,0,57,3529979,3529979,30720,256,25088,0,128,128,96,64,0x0,0x7fb9bdc09180,7193517765006287,7193517830291398,7193517831625159,7193517831650390
