Index,KernelName,gpu-id,queue-id,queue-index,pid,tid,grd,wgr,lds,scr,arch_vgpr,accum_vgpr,sgpr,wave_size,sig,obj,GRBM_COUNT,GRBM_GUI_ACTIVE,SQ_WAVES,SQ_IFETCH,SQ_IFETCH_LEVEL,SQ_ACCUM_PREV_HIRES,DispatchNs,BeginNs,EndNs,CompleteNs
0,__amd_rocclr_fillBufferAligned.kd,2,0,0,448377,448377,3932160,256,0,0,8,8,32,64,0x0,0x7ff90d89d900,68288,68288,61440,552960,101469,13006420,7414234910629948,7414259085983535,7414259086022095,7414234918617984
1,"void kernel_gemm_xdlops_streamk<GridwiseGemm_bk0mk1_bk0nk1_mn_xdlops_streamk>(GridwiseGemm_bk0mk1_bk0nk1_mn_xdlops_streamk<256, BlockToCTileMap_GemmStreamK, _Float16, float, _Float16, RowMajor, RowMajor, RowMajor, PassThrough, PassThrough, PassThrough, 128, 128, 4, 32, 32, 8, 2, 2, Sequence, Sequence, Sequence, 2, 8, 8, false, 1, Sequence, Sequence, Sequence, 1, 2, 8, false, 1, 1, 1, 8, Sequence",2,0,1,448377,448377,30720,256,16896,0,64,64,96,64,0x0,0x7ff90d861180,3386927,3386927,480,13225440,4788732,613662024,7414234918480935,7414259086022095,7414259088333139,7414234921034948
2,"void kernel_gemm_xdlops_streamk<GridwiseGemm_bk0mk1_bk0nk1_mn_xdlops_streamk>(GridwiseGemm_bk0mk1_bk0nk1_mn_xdlops_streamk<256, BlockToCTileMap_GemmStreamK, _Float16, float, _Float16, RowMajor, RowMajor, RowMajor, PassThrough, PassThrough, PassThrough, 128, 128, 4, 32, 32, 8, 2, 2, Sequence, Sequence, Sequence, 2, 8, 8, false, 1, Sequence, Sequence, Sequence, 1, 2, 8, false, 1, 1, 1, 8, Sequence",2,0,2,448377,448377,30720,256,16896,0,64,64,96,64,0x0,0x7ff90d861180,3392165,3392165,480,13225440,4804425,615479348,7414234918558832,7414259088333139,7414259090652183,7414234923369457
3,"void kernel_gemm_xdlops_streamk<GridwiseGemm_bk0mk1_bk0nk1_mn_xdlops_streamk>(GridwiseGemm_bk0mk1_bk0nk1_mn_xdlops_streamk<256, BlockToCTileMap_GemmStreamK, _Float16, float, _Float16, RowMajor, RowMajor, RowMajor, PassThrough, PassThrough, PassThrough, 128, 128, 4, 32, 32, 8, 2, 2, Sequence, Sequence, Sequence, 2, 8, 8, false, 1, Sequence, Sequence, Sequence, 1, 2, 8, false, 1, 1, 1, 8, Sequence",2,0,3,448377,448377,30720,256,16896,0,64,64,96,64,0x0,0x7ff90d861180,3386176,3386176,480,13225440,4811510,614816180,7414234918622923,7414259090652183,7414259092960347,7414234925758890
4,"void kernel_gemm_xdlops_streamk<GridwiseGemm_bk0mk1_bk0nk1_mn_xdlops_streamk>(GridwiseGemm_bk0mk1_bk0nk1_mn_xdlops_streamk<256, BlockToCTileMap_GemmStreamK, _Float16, float, _Float16, RowMajor, RowMajor, RowMajor, PassThrough, PassThrough, PassThrough, 128, 128, 4, 32, 32, 8, 2, 2, Sequence, Sequence, Sequence, 2, 8, 8, false, 1, Sequence, Sequence, Sequence, 1, 2, 8, false, 1, 1, 1, 8, Sequence",2,0,4,448377,448377,30720,256,16896,0,64,64,96,64,0x0,0x7ff90d861180,3396604,3396604,480,13225440,4835755,618116100,7414234918690701,7414259092960347,7414259095273471,7414234928089551
5,"void kernel_gemm_xdlops_streamk<GridwiseGemm_bk0mk1_bk0nk1_mn_xdlops_streamk>(GridwiseGemm_bk0mk1_bk0nk1_mn_xdlops_streamk<256, BlockToCTileMap_GemmStreamK, _Float16, float, _Float16, RowMajor, RowMajor, RowMajor, PassThrough, PassThrough, PassThrough, 128, 128, 4, 32, 32, 8, 2, 2, Sequence, Sequence, Sequence, 2, 8, 8, false, 1, Sequence, Sequence, Sequence, 1, 2, 8, false, 1, 1, 1, 8, Sequence",2,0,5,448377,448377,30720,256,16896,0,64,64,96,64,0x0,0x7ff90d861180,3399230,3399230,480,13225440,4845211,619058260,7414234918976832,7414259095273471,7414259097581475,7414234930429851
6,"void kernel_gemm_xdlops_streamk<GridwiseGemm_bk0mk1_bk0nk1_mn_xdlops_streamk>(GridwiseGemm_bk0mk1_bk0nk1_mn_xdlops_streamk<256, BlockToCTileMap_GemmStreamK, _Float16, float, _Float16, RowMajor, RowMajor, RowMajor, PassThrough, PassThrough, PassThrough, 128, 128, 4, 32, 32, 8, 2, 2, Sequence, Sequence, Sequence, 2, 8, 8, false, 1, Sequence, Sequence, Sequence, 1, 2, 8, false, 1, 1, 1, 8, Sequence",2,0,8,448377,448377,30720,256,16896,0,64,64,96,64,0x0,0x7ff90d861180,3389653,3389653,480,13225440,4764767,610700084,7414234930436394,7414259097611235,7414259099923239,7414234932919253
7,"void kernel_gemm_xdlops_streamk<GridwiseGemm_bk0mk1_bk0nk1_mn_xdlops_streamk>(GridwiseGemm_bk0mk1_bk0nk1_mn_xdlops_streamk<256, BlockToCTileMap_GemmStreamK, _Float16, float, _Float16, RowMajor, RowMajor, RowMajor, PassThrough, PassThrough, PassThrough, 128, 128, 4, 32, 32, 8, 2, 2, Sequence, Sequence, Sequence, 2, 8, 8, false, 1, Sequence, Sequence, Sequence, 1, 2, 8, false, 1, 1, 1, 8, Sequence",2,0,9,448377,448377,30720,256,16896,0,64,64,96,64,0x0,0x7ff90d861180,3386606,3386606,480,13225440,4803272,614237260,7414234930582169,7414259099923239,7414259102238603,7414234935333011
8,"void kernel_gemm_xdlops_streamk<GridwiseGemm_bk0mk1_bk0nk1_mn_xdlops_streamk>(GridwiseGemm_bk0mk1_bk0nk1_mn_xdlops_streamk<256, BlockToCTileMap_GemmStreamK, _Float16, float, _Float16, RowMajor, RowMajor, RowMajor, PassThrough, PassThrough, PassThrough, 128, 128, 4, 32, 32, 8, 2, 2, Sequence, Sequence, Sequence, 2, 8, 8, false, 1, Sequence, Sequence, Sequence, 1, 2, 8, false, 1, 1, 1, 8, Sequence",2,0,10,448377,448377,30720,256,16896,0,64,64,96,64,0x0,0x7ff90d861180,3390154,3390154,480,13225440,4791335,613841896,7414234930646901,7414259102238603,7414259104549647,7414234937674714
9,"void kernel_gemm_xdlops_streamk<GridwiseGemm_bk0mk1_bk0nk1_mn_xdlops_streamk>(GridwiseGemm_bk0mk1_bk0nk1_mn_xdlops_streamk<256, BlockToCTileMap_GemmStreamK, _Float16, float, _Float16, RowMajor, RowMajor, RowMajor, PassThrough, PassThrough, PassThrough, 128, 128, 4, 32, 32, 8, 2, 2, Sequence, Sequence, Sequence, 2, 8, 8, false, 1, Sequence, Sequence, Sequence, 1, 2, 8, false, 1, 1, 1, 8, Sequence",2,0,11,448377,448377,30720,256,16896,0,64,64,96,64,0x0,0x7ff90d861180,3390950,3390950,480,13225440,4805078,615699736,7414234930708928,7414259104549647,7414259106865491,7414234940024942
10,"void kernel_gemm_xdlops_streamk<GridwiseGemm_bk0mk1_bk0nk1_mn_xdlops_streamk>(GridwiseGemm_bk0mk1_bk0nk1_mn_xdlops_streamk<256, BlockToCTileMap_GemmStreamK, _Float16, float, _Float16, RowMajor, RowMajor, RowMajor, PassThrough, PassThrough, PassThrough, 128, 128, 4, 32, 32, 8, 2, 2, Sequence, Sequence, Sequence, 2, 8, 8, false, 1, Sequence, Sequence, Sequence, 1, 2, 8, false, 1, 1, 1, 8, Sequence",2,0,12,448377,448377,30720,256,16896,0,64,64,96,64,0x0,0x7ff90d861180,3388522,3388522,480,13225440,4837152,619030676,7414234930767288,7414259106865491,7414259109169975,7414234942379599
11,"void kernel_gemm_xdlops_streamk<GridwiseGemm_bk0mk1_bk0nk1_mn_xdlops_streamk>(GridwiseGemm_bk0mk1_bk0nk1_mn_xdlops_streamk<256, BlockToCTileMap_GemmStreamK, _Float16, float, _Float16, RowMajor, RowMajor, RowMajor, PassThrough, PassThrough, PassThrough, 128, 128, 4, 32, 32, 8, 2, 2, Sequence, Sequence, Sequence, 2, 8, 8, false, 1, Sequence, Sequence, Sequence, 1, 2, 8, false, 1, 1, 1, 8, Sequence",2,0,13,448377,448377,30720,256,16896,0,64,64,96,64,0x0,0x7ff90d861180,3398127,3398127,480,13225440,4789915,613391520,7414234930825428,7414259109169975,7414259111478779,7414234944744185
12,"void kernel_gemm_xdlops_streamk<GridwiseGemm_bk0mk1_bk0nk1_mn_xdlops_streamk>(GridwiseGemm_bk0mk1_bk0nk1_mn_xdlops_streamk<256, BlockToCTileMap_GemmStreamK, _Float16, float, _Float16, RowMajor, RowMajor, RowMajor, PassThrough, PassThrough, PassThrough, 128, 128, 4, 32, 32, 8, 2, 2, Sequence, Sequence, Sequence, 2, 8, 8, false, 1, Sequence, Sequence, Sequence, 1, 2, 8, false, 1, 1, 1, 8, Sequence",2,0,14,448377,448377,30720,256,16896,0,64,64,96,64,0x0,0x7ff90d861180,3381410,3381410,480,13225440,4774215,611758752,7414234930888487,7414259111478779,7414259113790943,7414234947088292
13,"void kernel_gemm_xdlops_streamk<GridwiseGemm_bk0mk1_bk0nk1_mn_xdlops_streamk>(GridwiseGemm_bk0mk1_bk0nk1_mn_xdlops_streamk<256, BlockToCTileMap_GemmStreamK, _Float16, float, _Float16, RowMajor, RowMajor, RowMajor, PassThrough, PassThrough, PassThrough, 128, 128, 4, 32, 32, 8, 2, 2, Sequence, Sequence, Sequence, 2, 8, 8, false, 1, Sequence, Sequence, Sequence, 1, 2, 8, false, 1, 1, 1, 8, Sequence",2,0,15,448377,448377,30720,256,16896,0,64,64,96,64,0x0,0x7ff90d861180,3382358,3382358,480,13225440,4770483,611056852,7414234930970743,7414259113790943,7414259116103587,7414234949432238
14,"void kernel_gemm_xdlops_streamk<GridwiseGemm_bk0mk1_bk0nk1_mn_xdlops_streamk>(GridwiseGemm_bk0mk1_bk0nk1_mn_xdlops_streamk<256, BlockToCTileMap_GemmStreamK, _Float16, float, _Float16, RowMajor, RowMajor, RowMajor, PassThrough, PassThrough, PassThrough, 128, 128, 4, 32, 32, 8, 2, 2, Sequence, Sequence, Sequence, 2, 8, 8, false, 1, Sequence, Sequence, Sequence, 1, 2, 8, false, 1, 1, 1, 8, Sequence",2,0,16,448377,448377,30720,256,16896,0,64,64,96,64,0x0,0x7ff90d861180,3395018,3395018,480,13225440,4853527,621715292,7414234931031227,7414259116103587,7414259118417511,7414234951800250
15,"void kernel_gemm_xdlops_streamk<GridwiseGemm_bk0mk1_bk0nk1_mn_xdlops_streamk>(GridwiseGemm_bk0mk1_bk0nk1_mn_xdlops_streamk<256, BlockToCTileMap_GemmStreamK, _Float16, float, _Float16, RowMajor, RowMajor, RowMajor, PassThrough, PassThrough, PassThrough, 128, 128, 4, 32, 32, 8, 2, 2, Sequence, Sequence, Sequence, 2, 8, 8, false, 1, Sequence, Sequence, Sequence, 1, 2, 8, false, 1, 1, 1, 8, Sequence",2,0,17,448377,448377,30720,256,16896,0,64,64,96,64,0x0,0x7ff90d861180,3392055,3392055,480,13225440,4795846,614149356,7414234931087874,7414259118417511,7414259120732876,7414234954155489
16,"void kernel_gemm_xdlops_streamk<GridwiseGemm_bk0mk1_bk0nk1_mn_xdlops_streamk>(GridwiseGemm_bk0mk1_bk0nk1_mn_xdlops_streamk<256, BlockToCTileMap_GemmStreamK, _Float16, float, _Float16, RowMajor, RowMajor, RowMajor, PassThrough, PassThrough, PassThrough, 128, 128, 4, 32, 32, 8, 2, 2, Sequence, Sequence, Sequence, 2, 8, 8, false, 1, Sequence, Sequence, Sequence, 1, 2, 8, false, 1, 1, 1, 8, Sequence",2,0,18,448377,448377,30720,256,16896,0,64,64,96,64,0x0,0x7ff90d861180,3389924,3389924,480,13225440,4806956,614534060,7414234931145923,7414259120732876,7414259123047440,7414234957362646
17,"void kernel_gemm_xdlops_streamk<GridwiseGemm_bk0mk1_bk0nk1_mn_xdlops_streamk>(GridwiseGemm_bk0mk1_bk0nk1_mn_xdlops_streamk<256, BlockToCTileMap_GemmStreamK, _Float16, float, _Float16, RowMajor, RowMajor, RowMajor, PassThrough, PassThrough, PassThrough, 128, 128, 4, 32, 32, 8, 2, 2, Sequence, Sequence, Sequence, 2, 8, 8, false, 1, Sequence, Sequence, Sequence, 1, 2, 8, false, 1, 1, 1, 8, Sequence",2,0,19,448377,448377,30720,256,16896,0,64,64,96,64,0x0,0x7ff90d861180,3394936,3394936,480,13225440,4794776,614135320,7414234931204594,7414259123047440,7414259125365044,7414234959353696
18,"void kernel_gemm_xdlops_streamk<GridwiseGemm_bk0mk1_bk0nk1_mn_xdlops_streamk>(GridwiseGemm_bk0mk1_bk0nk1_mn_xdlops_streamk<256, BlockToCTileMap_GemmStreamK, _Float16, float, _Float16, RowMajor, RowMajor, RowMajor, PassThrough, PassThrough, PassThrough, 128, 128, 4, 32, 32, 8, 2, 2, Sequence, Sequence, Sequence, 2, 8, 8, false, 1, Sequence, Sequence, Sequence, 1, 2, 8, false, 1, 1, 1, 8, Sequence",2,0,20,448377,448377,30720,256,16896,0,64,64,96,64,0x0,0x7ff90d861180,3381170,3381170,480,13225440,4777461,612026456,7414234931263295,7414259125365044,7414259127672888,7414234961207767
19,"void kernel_gemm_xdlops_streamk<GridwiseGemm_bk0mk1_bk0nk1_mn_xdlops_streamk>(GridwiseGemm_bk0mk1_bk0nk1_mn_xdlops_streamk<256, BlockToCTileMap_GemmStreamK, _Float16, float, _Float16, RowMajor, RowMajor, RowMajor, PassThrough, PassThrough, PassThrough, 128, 128, 4, 32, 32, 8, 2, 2, Sequence, Sequence, Sequence, 2, 8, 8, false, 1, Sequence, Sequence, Sequence, 1, 2, 8, false, 1, 1, 1, 8, Sequence",2,0,21,448377,448377,30720,256,16896,0,64,64,96,64,0x0,0x7ff90d861180,3391168,3391168,480,13225440,4859488,621029544,7414234931324411,7414259127672888,7414259129984252,7414234963576130
20,"void kernel_gemm_xdlops_streamk<GridwiseGemm_bk0mk1_bk0nk1_mn_xdlops_streamk>(GridwiseGemm_bk0mk1_bk0nk1_mn_xdlops_streamk<256, BlockToCTileMap_GemmStreamK, _Float16, float, _Float16, RowMajor, RowMajor, RowMajor, PassThrough, PassThrough, PassThrough, 128, 128, 4, 32, 32, 8, 2, 2, Sequence, Sequence, Sequence, 2, 8, 8, false, 1, Sequence, Sequence, Sequence, 1, 2, 8, false, 1, 1, 1, 8, Sequence",2,0,22,448377,448377,30720,256,16896,0,64,64,96,64,0x0,0x7ff90d861180,3394370,3394370,480,13225440,4852860,620018740,7414234931383672,7414259129984252,7414259132299456,7414234965937049
21,"void kernel_gemm_xdlops_streamk<GridwiseGemm_bk0mk1_bk0nk1_mn_xdlops_streamk>(GridwiseGemm_bk0mk1_bk0nk1_mn_xdlops_streamk<256, BlockToCTileMap_GemmStreamK, _Float16, float, _Float16, RowMajor, RowMajor, RowMajor, PassThrough, PassThrough, PassThrough, 128, 128, 4, 32, 32, 8, 2, 2, Sequence, Sequence, Sequence, 2, 8, 8, false, 1, Sequence, Sequence, Sequence, 1, 2, 8, false, 1, 1, 1, 8, Sequence",2,0,23,448377,448377,30720,256,16896,0,64,64,96,64,0x0,0x7ff90d861180,3382376,3382376,480,13225440,4801754,614074120,7414234931469585,7414259132299497,7414259134619501,7414234968287859
22,"void kernel_gemm_xdlops_streamk<GridwiseGemm_bk0mk1_bk0nk1_mn_xdlops_streamk>(GridwiseGemm_bk0mk1_bk0nk1_mn_xdlops_streamk<256, BlockToCTileMap_GemmStreamK, _Float16, float, _Float16, RowMajor, RowMajor, RowMajor, PassThrough, PassThrough, PassThrough, 128, 128, 4, 32, 32, 8, 2, 2, Sequence, Sequence, Sequence, 2, 8, 8, false, 1, Sequence, Sequence, Sequence, 1, 2, 8, false, 1, 1, 1, 8, Sequence",2,0,24,448377,448377,30720,256,16896,0,64,64,96,64,0x0,0x7ff90d861180,3370634,3370634,480,13225440,4739586,606671884,7414234931530059,7414259134619501,7414259136929265,7414234970629461
23,"void kernel_gemm_xdlops_streamk<GridwiseGemm_bk0mk1_bk0nk1_mn_xdlops_streamk>(GridwiseGemm_bk0mk1_bk0nk1_mn_xdlops_streamk<256, BlockToCTileMap_GemmStreamK, _Float16, float, _Float16, RowMajor, RowMajor, RowMajor, PassThrough, PassThrough, PassThrough, 128, 128, 4, 32, 32, 8, 2, 2, Sequence, Sequence, Sequence, 2, 8, 8, false, 1, Sequence, Sequence, Sequence, 1, 2, 8, false, 1, 1, 1, 8, Sequence",2,0,25,448377,448377,30720,256,16896,0,64,64,96,64,0x0,0x7ff90d861180,3386952,3386952,480,13225440,4808469,615570816,7414234931588550,7414259136929265,7414259139240149,7414234972985430
24,"void kernel_gemm_xdlops_streamk<GridwiseGemm_bk0mk1_bk0nk1_mn_xdlops_streamk>(GridwiseGemm_bk0mk1_bk0nk1_mn_xdlops_streamk<256, BlockToCTileMap_GemmStreamK, _Float16, float, _Float16, RowMajor, RowMajor, RowMajor, PassThrough, PassThrough, PassThrough, 128, 128, 4, 32, 32, 8, 2, 2, Sequence, Sequence, Sequence, 2, 8, 8, false, 1, Sequence, Sequence, Sequence, 1, 2, 8, false, 1, 1, 1, 8, Sequence",2,0,26,448377,448377,30720,256,16896,0,64,64,96,64,0x0,0x7ff90d861180,3393506,3393506,480,13225440,4817101,615394640,7414234931645447,7414259139240149,7414259141547354,7414234975338344
25,"void kernel_gemm_xdlops_streamk<GridwiseGemm_bk0mk1_bk0nk1_mn_xdlops_streamk>(GridwiseGemm_bk0mk1_bk0nk1_mn_xdlops_streamk<256, BlockToCTileMap_GemmStreamK, _Float16, float, _Float16, RowMajor, RowMajor, RowMajor, PassThrough, PassThrough, PassThrough, 128, 128, 4, 32, 32, 8, 2, 2, Sequence, Sequence, Sequence, 2, 8, 8, false, 1, Sequence, Sequence, Sequence, 1, 2, 8, false, 1, 1, 1, 8, Sequence",2,0,27,448377,448377,30720,256,16896,0,64,64,96,64,0x0,0x7ff90d861180,3391823,3391823,480,13225440,4792927,614130112,7414234931704418,7414259141547354,7414259143857278,7414234977698301
26,"void kernel_gemm_xdlops_streamk<GridwiseGemm_bk0mk1_bk0nk1_mn_xdlops_streamk>(GridwiseGemm_bk0mk1_bk0nk1_mn_xdlops_streamk<256, BlockToCTileMap_GemmStreamK, _Float16, float, _Float16, RowMajor, RowMajor, RowMajor, PassThrough, PassThrough, PassThrough, 128, 128, 4, 32, 32, 8, 2, 2, Sequence, Sequence, Sequence, 2, 8, 8, false, 1, Sequence, Sequence, Sequence, 1, 2, 8, false, 1, 1, 1, 8, Sequence",2,0,28,448377,448377,30720,256,16896,0,64,64,96,64,0x0,0x7ff90d861180,3394082,3394082,480,13225440,4799129,614517776,7414234931773859,7414259143857278,7414259146168963,7414234980058027
27,"void kernel_gemm_xdlops_streamk<GridwiseGemm_bk0mk1_bk0nk1_mn_xdlops_streamk>(GridwiseGemm_bk0mk1_bk0nk1_mn_xdlops_streamk<256, BlockToCTileMap_GemmStreamK, _Float16, float, _Float16, RowMajor, RowMajor, RowMajor, PassThrough, PassThrough, PassThrough, 128, 128, 4, 32, 32, 8, 2, 2, Sequence, Sequence, Sequence, 2, 8, 8, false, 1, Sequence, Sequence, Sequence, 1, 2, 8, false, 1, 1, 1, 8, Sequence",2,0,29,448377,448377,30720,256,16896,0,64,64,96,64,0x0,0x7ff90d861180,3404688,3404688,480,13225440,4885078,625616148,7414234931835105,7414259146168963,7414259148482247,7414234982419307
28,"void kernel_gemm_xdlops_streamk<GridwiseGemm_bk0mk1_bk0nk1_mn_xdlops_streamk>(GridwiseGemm_bk0mk1_bk0nk1_mn_xdlops_streamk<256, BlockToCTileMap_GemmStreamK, _Float16, float, _Float16, RowMajor, RowMajor, RowMajor, PassThrough, PassThrough, PassThrough, 128, 128, 4, 32, 32, 8, 2, 2, Sequence, Sequence, Sequence, 2, 8, 8, false, 1, Sequence, Sequence, Sequence, 1, 2, 8, false, 1, 1, 1, 8, Sequence",2,0,30,448377,448377,30720,256,16896,0,64,64,96,64,0x0,0x7ff90d861180,3394578,3394578,480,13225440,4834432,618775552,7414234931897763,7414259148482247,7414259150792492,7414234984779885
29,"void kernel_gemm_xdlops_streamk<GridwiseGemm_bk0mk1_bk0nk1_mn_xdlops_streamk>(GridwiseGemm_bk0mk1_bk0nk1_mn_xdlops_streamk<256, BlockToCTileMap_GemmStreamK, _Float16, float, _Float16, RowMajor, RowMajor, RowMajor, PassThrough, PassThrough, PassThrough, 128, 128, 4, 32, 32, 8, 2, 2, Sequence, Sequence, Sequence, 2, 8, 8, false, 1, Sequence, Sequence, Sequence, 1, 2, 8, false, 1, 1, 1, 8, Sequence",2,0,31,448377,448377,30720,256,16896,0,64,64,96,64,0x0,0x7ff90d861180,3381887,3381887,480,13225440,4775460,612031816,7414234931969709,7414259150792492,7414259153106256,7414234987129843
30,"void kernel_gemm_xdlops_streamk<GridwiseGemm_bk0mk1_bk0nk1_mn_xdlops_streamk>(GridwiseGemm_bk0mk1_bk0nk1_mn_xdlops_streamk<256, BlockToCTileMap_GemmStreamK, _Float16, float, _Float16, RowMajor, RowMajor, RowMajor, PassThrough, PassThrough, PassThrough, 128, 128, 4, 32, 32, 8, 2, 2, Sequence, Sequence, Sequence, 2, 8, 8, false, 1, Sequence, Sequence, Sequence, 1, 2, 8, false, 1, 1, 1, 8, Sequence",2,0,32,448377,448377,30720,256,16896,0,64,64,96,64,0x0,0x7ff90d861180,3389991,3389991,480,13225440,4812174,616413460,7414234932029803,7414259153106256,7414259155416660,7414234989474621
31,"void kernel_gemm_xdlops_streamk<GridwiseGemm_bk0mk1_bk0nk1_mn_xdlops_streamk>(GridwiseGemm_bk0mk1_bk0nk1_mn_xdlops_streamk<256, BlockToCTileMap_GemmStreamK, _Float16, float, _Float16, RowMajor, RowMajor, RowMajor, PassThrough, PassThrough, PassThrough, 128, 128, 4, 32, 32, 8, 2, 2, Sequence, Sequence, Sequence, 2, 8, 8, false, 1, Sequence, Sequence, Sequence, 1, 2, 8, false, 1, 1, 1, 8, Sequence",2,0,33,448377,448377,30720,256,16896,0,64,64,96,64,0x0,0x7ff90d861180,3378568,3378568,480,13225440,4794865,613832780,7414234932088033,7414259155416660,7414259157721625,7414234991835370
32,"void kernel_gemm_xdlops_streamk<GridwiseGemm_bk0mk1_bk0nk1_mn_xdlops_streamk>(GridwiseGemm_bk0mk1_bk0nk1_mn_xdlops_streamk<256, BlockToCTileMap_GemmStreamK, _Float16, float, _Float16, RowMajor, RowMajor, RowMajor, PassThrough, PassThrough, PassThrough, 128, 128, 4, 32, 32, 8, 2, 2, Sequence, Sequence, Sequence, 2, 8, 8, false, 1, Sequence, Sequence, Sequence, 1, 2, 8, false, 1, 1, 1, 8, Sequence",2,0,34,448377,448377,30720,256,16896,0,64,64,96,64,0x0,0x7ff90d861180,3399180,3399180,480,13225440,4815508,616284888,7414234932148296,7414259157721625,7414259160031549,7414234994197400
33,"void kernel_gemm_xdlops_streamk<GridwiseGemm_bk0mk1_bk0nk1_mn_xdlops_streamk>(GridwiseGemm_bk0mk1_bk0nk1_mn_xdlops_streamk<256, BlockToCTileMap_GemmStreamK, _Float16, float, _Float16, RowMajor, RowMajor, RowMajor, PassThrough, PassThrough, PassThrough, 128, 128, 4, 32, 32, 8, 2, 2, Sequence, Sequence, Sequence, 2, 8, 8, false, 1, Sequence, Sequence, Sequence, 1, 2, 8, false, 1, 1, 1, 8, Sequence",2,0,35,448377,448377,30720,256,16896,0,64,64,96,64,0x0,0x7ff90d861180,3387814,3387814,480,13225440,4815307,616705444,7414234932207438,7414259160031549,7414259162348834,7414234996536548
34,"void kernel_gemm_xdlops_streamk<GridwiseGemm_bk0mk1_bk0nk1_mn_xdlops_streamk>(GridwiseGemm_bk0mk1_bk0nk1_mn_xdlops_streamk<256, BlockToCTileMap_GemmStreamK, _Float16, float, _Float16, RowMajor, RowMajor, RowMajor, PassThrough, PassThrough, PassThrough, 128, 128, 4, 32, 32, 8, 2, 2, Sequence, Sequence, Sequence, 2, 8, 8, false, 1, Sequence, Sequence, Sequence, 1, 2, 8, false, 1, 1, 1, 8, Sequence",2,0,36,448377,448377,30720,256,16896,0,64,64,96,64,0x0,0x7ff90d861180,3398338,3398338,480,13225440,4849305,620618884,7414234932267251,7414259162348834,7414259164664838,7414234998910682
35,"void kernel_gemm_xdlops_streamk<GridwiseGemm_bk0mk1_bk0nk1_mn_xdlops_streamk>(GridwiseGemm_bk0mk1_bk0nk1_mn_xdlops_streamk<256, BlockToCTileMap_GemmStreamK, _Float16, float, _Float16, RowMajor, RowMajor, RowMajor, PassThrough, PassThrough, PassThrough, 128, 128, 4, 32, 32, 8, 2, 2, Sequence, Sequence, Sequence, 2, 8, 8, false, 1, Sequence, Sequence, Sequence, 1, 2, 8, false, 1, 1, 1, 8, Sequence",2,0,37,448377,448377,30720,256,16896,0,64,64,96,64,0x0,0x7ff90d861180,3389214,3389214,480,13225440,4792208,613187344,7414234932329769,7414259164664838,7414259166978763,7414235001264056
36,"void kernel_gemm_xdlops_streamk<GridwiseGemm_bk0mk1_bk0nk1_mn_xdlops_streamk>(GridwiseGemm_bk0mk1_bk0nk1_mn_xdlops_streamk<256, BlockToCTileMap_GemmStreamK, _Float16, float, _Float16, RowMajor, RowMajor, RowMajor, PassThrough, PassThrough, PassThrough, 128, 128, 4, 32, 32, 8, 2, 2, Sequence, Sequence, Sequence, 2, 8, 8, false, 1, Sequence, Sequence, Sequence, 1, 2, 8, false, 1, 1, 1, 8, Sequence",2,0,38,448377,448377,30720,256,16896,0,64,64,96,64,0x0,0x7ff90d861180,3397380,3397380,480,13225440,4865477,623283652,7414234932390133,7414259166978763,7414259169291567,7414235003612512
37,"void kernel_gemm_xdlops_streamk<GridwiseGemm_bk0mk1_bk0nk1_mn_xdlops_streamk>(GridwiseGemm_bk0mk1_bk0nk1_mn_xdlops_streamk<256, BlockToCTileMap_GemmStreamK, _Float16, float, _Float16, RowMajor, RowMajor, RowMajor, PassThrough, PassThrough, PassThrough, 128, 128, 4, 32, 32, 8, 2, 2, Sequence, Sequence, Sequence, 2, 8, 8, false, 1, Sequence, Sequence, Sequence, 1, 2, 8, false, 1, 1, 1, 8, Sequence",2,0,39,448377,448377,30720,256,16896,0,64,64,96,64,0x0,0x7ff90d861180,3388232,3388232,480,13225440,4846942,619985960,7414234932450347,7414259169291567,7414259171607252,7414235005979452
38,"void kernel_gemm_xdlops_streamk<GridwiseGemm_bk0mk1_bk0nk1_mn_xdlops_streamk>(GridwiseGemm_bk0mk1_bk0nk1_mn_xdlops_streamk<256, BlockToCTileMap_GemmStreamK, _Float16, float, _Float16, RowMajor, RowMajor, RowMajor, PassThrough, PassThrough, PassThrough, 128, 128, 4, 32, 32, 8, 2, 2, Sequence, Sequence, Sequence, 2, 8, 8, false, 1, Sequence, Sequence, Sequence, 1, 2, 8, false, 1, 1, 1, 8, Sequence",2,0,40,448377,448377,30720,256,16896,0,64,64,96,64,0x0,0x7ff90d861180,3398639,3398639,480,13225440,4837672,619249988,7414234932509108,7414259171607252,7414259173919256,7414235008340821
39,"void kernel_gemm_xdlops_streamk<GridwiseGemm_bk0mk1_bk0nk1_mn_xdlops_streamk>(GridwiseGemm_bk0mk1_bk0nk1_mn_xdlops_streamk<256, BlockToCTileMap_GemmStreamK, _Float16, float, _Float16, RowMajor, RowMajor, RowMajor, PassThrough, PassThrough, PassThrough, 128, 128, 4, 32, 32, 8, 2, 2, Sequence, Sequence, Sequence, 2, 8, 8, false, 1, Sequence, Sequence, Sequence, 1, 2, 8, false, 1, 1, 1, 8, Sequence",2,0,41,448377,448377,30720,256,16896,0,64,64,96,64,0x0,0x7ff90d861180,3388360,3388360,480,13225440,4791024,613448984,7414234932568670,7414259173919256,7414259176224221,7414235010697392
40,"void kernel_gemm_xdlops_streamk<GridwiseGemm_bk0mk1_bk0nk1_mn_xdlops_streamk>(GridwiseGemm_bk0mk1_bk0nk1_mn_xdlops_streamk<256, BlockToCTileMap_GemmStreamK, _Float16, float, _Float16, RowMajor, RowMajor, RowMajor, PassThrough, PassThrough, PassThrough, 128, 128, 4, 32, 32, 8, 2, 2, Sequence, Sequence, Sequence, 2, 8, 8, false, 1, Sequence, Sequence, Sequence, 1, 2, 8, false, 1, 1, 1, 8, Sequence",2,0,42,448377,448377,30720,256,16896,0,64,64,96,64,0x0,0x7ff90d861180,3388927,3388927,480,13225440,4804776,615176624,7414234932626860,7414259176224221,7414259178543905,7414235013053301
41,"void kernel_gemm_xdlops_streamk<GridwiseGemm_bk0mk1_bk0nk1_mn_xdlops_streamk>(GridwiseGemm_bk0mk1_bk0nk1_mn_xdlops_streamk<256, BlockToCTileMap_GemmStreamK, _Float16, float, _Float16, RowMajor, RowMajor, RowMajor, PassThrough, PassThrough, PassThrough, 128, 128, 4, 32, 32, 8, 2, 2, Sequence, Sequence, Sequence, 2, 8, 8, false, 1, Sequence, Sequence, Sequence, 1, 2, 8, false, 1, 1, 1, 8, Sequence",2,0,43,448377,448377,30720,256,16896,0,64,64,96,64,0x0,0x7ff90d861180,3391120,3391120,480,13225440,4808386,615388684,7414234932685651,7414259178543905,7414259180862470,7414235015406215
42,"void kernel_gemm_xdlops_streamk<GridwiseGemm_bk0mk1_bk0nk1_mn_xdlops_streamk>(GridwiseGemm_bk0mk1_bk0nk1_mn_xdlops_streamk<256, BlockToCTileMap_GemmStreamK, _Float16, float, _Float16, RowMajor, RowMajor, RowMajor, PassThrough, PassThrough, PassThrough, 128, 128, 4, 32, 32, 8, 2, 2, Sequence, Sequence, Sequence, 2, 8, 8, false, 1, Sequence, Sequence, Sequence, 1, 2, 8, false, 1, 1, 1, 8, Sequence",2,0,44,448377,448377,30720,256,16896,0,64,64,96,64,0x0,0x7ff90d861180,3386772,3386772,480,13225440,4809451,615110196,7414234932745975,7414259180862470,7414259183176714,7414235017762585
43,"void kernel_gemm_xdlops_streamk<GridwiseGemm_bk0mk1_bk0nk1_mn_xdlops_streamk>(GridwiseGemm_bk0mk1_bk0nk1_mn_xdlops_streamk<256, BlockToCTileMap_GemmStreamK, _Float16, float, _Float16, RowMajor, RowMajor, RowMajor, PassThrough, PassThrough, PassThrough, 128, 128, 4, 32, 32, 8, 2, 2, Sequence, Sequence, Sequence, 2, 8, 8, false, 1, Sequence, Sequence, Sequence, 1, 2, 8, false, 1, 1, 1, 8, Sequence",2,0,45,448377,448377,30720,256,16896,0,64,64,96,64,0x0,0x7ff90d861180,3382950,3382950,480,13225440,4797827,613831324,7414234932815076,7414259183176714,7414259185490159,7414235020116490
44,"void kernel_gemm_xdlops_streamk<GridwiseGemm_bk0mk1_bk0nk1_mn_xdlops_streamk>(GridwiseGemm_bk0mk1_bk0nk1_mn_xdlops_streamk<256, BlockToCTileMap_GemmStreamK, _Float16, float, _Float16, RowMajor, RowMajor, RowMajor, PassThrough, PassThrough, PassThrough, 128, 128, 4, 32, 32, 8, 2, 2, Sequence, Sequence, Sequence, 2, 8, 8, false, 1, Sequence, Sequence, Sequence, 1, 2, 8, false, 1, 1, 1, 8, Sequence",2,0,46,448377,448377,30720,256,16896,0,64,64,96,64,0x0,0x7ff90d861180,3387364,3387364,480,13225440,4806089,615178144,7414234932877093,7414259185490159,7414259187805523,7414235022467851
45,"void kernel_gemm_xdlops_streamk<GridwiseGemm_bk0mk1_bk0nk1_mn_xdlops_streamk>(GridwiseGemm_bk0mk1_bk0nk1_mn_xdlops_streamk<256, BlockToCTileMap_GemmStreamK, _Float16, float, _Float16, RowMajor, RowMajor, RowMajor, PassThrough, PassThrough, PassThrough, 128, 128, 4, 32, 32, 8, 2, 2, Sequence, Sequence, Sequence, 2, 8, 8, false, 1, Sequence, Sequence, Sequence, 1, 2, 8, false, 1, 1, 1, 8, Sequence",2,0,47,448377,448377,30720,256,16896,0,64,64,96,64,0x0,0x7ff90d861180,3386376,3386376,480,13225440,4802492,614993040,7414234932947676,7414259187805523,7414259190118807,7414235024822077
46,"void kernel_gemm_xdlops_streamk<GridwiseGemm_bk0mk1_bk0nk1_mn_xdlops_streamk>(GridwiseGemm_bk0mk1_bk0nk1_mn_xdlops_streamk<256, BlockToCTileMap_GemmStreamK, _Float16, float, _Float16, RowMajor, RowMajor, RowMajor, PassThrough, PassThrough, PassThrough, 128, 128, 4, 32, 32, 8, 2, 2, Sequence, Sequence, Sequence, 2, 8, 8, false, 1, Sequence, Sequence, Sequence, 1, 2, 8, false, 1, 1, 1, 8, Sequence",2,0,48,448377,448377,30720,256,16896,0,64,64,96,64,0x0,0x7ff90d861180,3388741,3388741,480,13225440,4804857,615517692,7414234933091558,7414259190118807,7414259192430492,7414235027180401
47,"void kernel_gemm_xdlops_streamk<GridwiseGemm_bk0mk1_bk0nk1_mn_xdlops_streamk>(GridwiseGemm_bk0mk1_bk0nk1_mn_xdlops_streamk<256, BlockToCTileMap_GemmStreamK, _Float16, float, _Float16, RowMajor, RowMajor, RowMajor, PassThrough, PassThrough, PassThrough, 128, 128, 4, 32, 32, 8, 2, 2, Sequence, Sequence, Sequence, 2, 8, 8, false, 1, Sequence, Sequence, Sequence, 1, 2, 8, false, 1, 1, 1, 8, Sequence",2,0,49,448377,448377,30720,256,16896,0,64,64,96,64,0x0,0x7ff90d861180,3390238,3390238,480,13225440,4790164,613035740,7414234933157523,7414259192430677,7414259194738203,7414235029538124
48,"void kernel_gemm_xdlops_streamk<GridwiseGemm_bk0mk1_bk0nk1_mn_xdlops_streamk>(GridwiseGemm_bk0mk1_bk0nk1_mn_xdlops_streamk<256, BlockToCTileMap_GemmStreamK, _Float16, float, _Float16, RowMajor, RowMajor, RowMajor, PassThrough, PassThrough, PassThrough, 128, 128, 4, 32, 32, 8, 2, 2, Sequence, Sequence, Sequence, 2, 8, 8, false, 1, Sequence, Sequence, Sequence, 1, 2, 8, false, 1, 1, 1, 8, Sequence",2,0,50,448377,448377,30720,256,16896,0,64,64,96,64,0x0,0x7ff90d861180,3396722,3396722,480,13225440,4826273,617365072,7414234933217055,7414259194738203,7414259197041888,7414235031897700
49,"void kernel_gemm_xdlops_streamk<GridwiseGemm_bk0mk1_bk0nk1_mn_xdlops_streamk>(GridwiseGemm_bk0mk1_bk0nk1_mn_xdlops_streamk<256, BlockToCTileMap_GemmStreamK, _Float16, float, _Float16, RowMajor, RowMajor, RowMajor, PassThrough, PassThrough, PassThrough, 128, 128, 4, 32, 32, 8, 2, 2, Sequence, Sequence, Sequence, 2, 8, 8, false, 1, Sequence, Sequence, Sequence, 1, 2, 8, false, 1, 1, 1, 8, Sequence",2,0,51,448377,448377,30720,256,16896,0,64,64,96,64,0x0,0x7ff90d861180,3405960,3405960,480,13225440,4874388,623261284,7414234933279954,7414259197041888,7414259199354374,7414235034265572
50,"void kernel_gemm_xdlops_streamk<GridwiseGemm_bk0mk1_bk0nk1_mn_xdlops_streamk>(GridwiseGemm_bk0mk1_bk0nk1_mn_xdlops_streamk<256, BlockToCTileMap_GemmStreamK, _Float16, float, _Float16, RowMajor, RowMajor, RowMajor, PassThrough, PassThrough, PassThrough, 128, 128, 4, 32, 32, 8, 2, 2, Sequence, Sequence, Sequence, 2, 8, 8, false, 1, Sequence, Sequence, Sequence, 1, 2, 8, false, 1, 1, 1, 8, Sequence",2,0,52,448377,448377,30720,256,16896,0,64,64,96,64,0x0,0x7ff90d861180,3391933,3391933,480,13225440,4840123,618548528,7414234933340668,7414259199354374,7414259201668940,7414235036612885
51,"void kernel_gemm_xdlops_streamk<GridwiseGemm_bk0mk1_bk0nk1_mn_xdlops_streamk>(GridwiseGemm_bk0mk1_bk0nk1_mn_xdlops_streamk<256, BlockToCTileMap_GemmStreamK, _Float16, float, _Float16, RowMajor, RowMajor, RowMajor, PassThrough, PassThrough, PassThrough, 128, 128, 4, 32, 32, 8, 2, 2, Sequence, Sequence, Sequence, 2, 8, 8, false, 1, Sequence, Sequence, Sequence, 1, 2, 8, false, 1, 1, 1, 8, Sequence",2,0,53,448377,448377,30720,256,16896,0,64,64,96,64,0x0,0x7ff90d861180,3400144,3400144,480,13225440,4837885,619190880,7414234933399039,7414259201668940,7414259203983186,7414235038982731
52,"void kernel_gemm_xdlops_streamk<GridwiseGemm_bk0mk1_bk0nk1_mn_xdlops_streamk>(GridwiseGemm_bk0mk1_bk0nk1_mn_xdlops_streamk<256, BlockToCTileMap_GemmStreamK, _Float16, float, _Float16, RowMajor, RowMajor, RowMajor, PassThrough, PassThrough, PassThrough, 128, 128, 4, 32, 32, 8, 2, 2, Sequence, Sequence, Sequence, 2, 8, 8, false, 1, Sequence, Sequence, Sequence, 1, 2, 8, false, 1, 1, 1, 8, Sequence",2,0,54,448377,448377,30720,256,16896,0,64,64,96,64,0x0,0x7ff90d861180,3405767,3405767,480,13225440,4854207,621746464,7414234933457289,7414259203983186,7414259206293272,7414235041347887
53,"void kernel_gemm_xdlops_streamk<GridwiseGemm_bk0mk1_bk0nk1_mn_xdlops_streamk>(GridwiseGemm_bk0mk1_bk0nk1_mn_xdlops_streamk<256, BlockToCTileMap_GemmStreamK, _Float16, float, _Float16, RowMajor, RowMajor, RowMajor, PassThrough, PassThrough, PassThrough, 128, 128, 4, 32, 32, 8, 2, 2, Sequence, Sequence, Sequence, 2, 8, 8, false, 1, Sequence, Sequence, Sequence, 1, 2, 8, false, 1, 1, 1, 8, Sequence",2,0,55,448377,448377,30720,256,16896,0,64,64,96,64,0x0,0x7ff90d861180,3385472,3385472,480,13225440,4798372,613883972,7414234933516821,7414259206293272,7414259208602398,7414235043689880
54,"void kernel_gemm_xdlops_streamk<GridwiseGemm_bk0mk1_bk0nk1_mn_xdlops_streamk>(GridwiseGemm_bk0mk1_bk0nk1_mn_xdlops_streamk<256, BlockToCTileMap_GemmStreamK, _Float16, float, _Float16, RowMajor, RowMajor, RowMajor, PassThrough, PassThrough, PassThrough, 128, 128, 4, 32, 32, 8, 2, 2, Sequence, Sequence, Sequence, 2, 8, 8, false, 1, Sequence, Sequence, Sequence, 1, 2, 8, false, 1, 1, 1, 8, Sequence",2,0,56,448377,448377,30720,256,16896,0,64,64,96,64,0x0,0x7ff90d861180,3383839,3383839,480,13225440,4795307,613718392,7414234933576243,7414259208602398,7414259210912324,7414235046049857
55,"void kernel_gemm_xdlops_streamk<GridwiseGemm_bk0mk1_bk0nk1_mn_xdlops_streamk>(GridwiseGemm_bk0mk1_bk0nk1_mn_xdlops_streamk<256, BlockToCTileMap_GemmStreamK, _Float16, float, _Float16, RowMajor, RowMajor, RowMajor, PassThrough, PassThrough, PassThrough, 128, 128, 4, 32, 32, 8, 2, 2, Sequence, Sequence, Sequence, 2, 8, 8, false, 1, Sequence, Sequence, Sequence, 1, 2, 8, false, 1, 1, 1, 8, Sequence",2,0,57,448377,448377,30720,256,16896,0,64,64,96,64,0x0,0x7ff90d861180,3388992,3388992,480,13225440,4800549,614182320,7414234933634804,7414259210912324,7414259213232010,7414235048404344
